{
"type": "FeatureCollection",
"name": "Africapolis_CIV",
"crs": { "type": "name", "properties": { "name": "urn:ogc:def:crs:EPSG::2165" } },
"features": [
{ "type": "Feature", "properties": { "Agglomeration_ID": 32, "Agglomeration_Name": "Abidjan", "ISO3": "CIV", "Population_1950": 63811, "Population_1960": 224605, "Population_1970": 580844, "Population_1980": 1251272, "Population_1990": 2107460, "Population_2000": 3044942, "Population_2010": 4108908, "Population_2015": 4717347, "Population_2020": 5877152, "Population_2025": 6718596.3548200103, "Population_2030": 7615721.0836930396, "Population_2035": 8624512.8292272892, "Population_2040": 9605331.4074290991, "Population_2045": 11004387.8856542, "Population_2050": 12180100.7636512 }, "geometry": { "type": "Point", "coordinates": [ 615220.073420804576017, 593077.925286961486563 ] } },
{ "type": "Feature", "properties": { "Agglomeration_ID": 2088, "Agglomeration_Name": "Bouake", "ISO3": "CIV", "Population_1950": 27710, "Population_1960": 59321, "Population_1970": 122386, "Population_1980": 222411, "Population_1990": 357309, "Population_2000": 472921, "Population_2010": 518652, "Population_2015": 552444, "Population_2020": 690125, "Population_2025": 804049.75691174902, "Population_2030": 927324.58463678195, "Population_2035": 1057321.8533809599, "Population_2040": 1193462.2038286999, "Population_2045": 1333188.2750518799, "Population_2050": 1475918.4847264001 }, "geometry": { "type": "Point", "coordinates": [ 497195.495795378577895, 851817.526922460179776 ] } },
{ "type": "Feature", "properties": { "Agglomeration_ID": 4997, "Agglomeration_Name": "Korhogo", "ISO3": "CIV", "Population_1950": 0, "Population_1960": 18589, "Population_1970": 34679, "Population_1980": 67165, "Population_1990": 115951, "Population_2000": 147261, "Population_2010": 212756, "Population_2015": 250310, "Population_2020": 336946, "Population_2025": 418291.12247431697, "Population_2030": 505709.27666332998, "Population_2035": 600400.69231875194, "Population_2040": 701965.64332501602, "Population_2045": 808608.73038470303, "Population_2050": 919802.52341489797 }, "geometry": { "type": "Point", "coordinates": [ 430111.714419522089884, 1045970.935800421866588 ] } },
{ "type": "Feature", "properties": { "Agglomeration_ID": 2557, "Agglomeration_Name": "Daloa", "ISO3": "CIV", "Population_1950": 0, "Population_1960": 17058, "Population_1970": 47137, "Population_1980": 81371, "Population_1990": 132354, "Population_2000": 181575, "Population_2010": 226568, "Population_2015": 260984, "Population_2020": 320653, "Population_2025": 366443.27034047002, "Population_2030": 415249.41724192101, "Population_2035": 465923.25429976598, "Population_2040": 518231.88442602003, "Population_2045": 571157.07880885596, "Population_2050": 624505.01049488701 }, "geometry": { "type": "Point", "coordinates": [ 339955.630614428489935, 761385.687062158482149 ] } },
{ "type": "Feature", "properties": { "Agglomeration_ID": 7768, "Agglomeration_Name": "San-Pedro", "ISO3": "CIV", "Population_1950": 0, "Population_1960": 0, "Population_1970": 0, "Population_1980": 40646, "Population_1990": 80779, "Population_2000": 143795, "Population_2010": 156006, "Population_2015": 169513, "Population_2020": 221456, "Population_2025": 284354.45158631902, "Population_2030": 339961.489697791, "Population_2035": 399893.49078403501, "Population_2040": 463894.84974836803, "Population_2045": 530821.32684193901, "Population_2050": 600351.26196559402 }, "geometry": { "type": "Point", "coordinates": [ 313308.313997251098044, 525446.943149726605043 ] } },
{ "type": "Feature", "properties": { "Agglomeration_ID": 9054, "Agglomeration_Name": "Yamoussoukro", "ISO3": "CIV", "Population_1950": 0, "Population_1960": 0, "Population_1970": 17819, "Population_1980": 56638, "Population_1990": 118460, "Population_2000": 165535, "Population_2010": 199746, "Population_2015": 220423, "Population_2020": 255894, "Population_2025": 277060.68005910498, "Population_2030": 297774.42163384298, "Population_2035": 333799.76088848198, "Population_2040": 352926.88463255297, "Population_2045": 370194.810313722, "Population_2050": 385613.818574859 }, "geometry": { "type": "Point", "coordinates": [ 470135.095107489440124, 752307.130534359719604 ] } },
{ "type": "Feature", "properties": { "Agglomeration_ID": 3320, "Agglomeration_Name": "Gagnoa", "ISO3": "CIV", "Population_1950": 15240, "Population_1960": 17748, "Population_1970": 30602, "Population_1980": 56456, "Population_1990": 89427, "Population_2000": 110621, "Population_2010": 145380, "Population_2015": 164910, "Population_2020": 202999, "Population_2025": 229469.514192139, "Population_2030": 257380.926681449, "Population_2035": 286031.973124574, "Population_2040": 315288.006668057, "Population_2045": 344564.34615292598, "Population_2050": 373765.21900718298 }, "geometry": { "type": "Point", "coordinates": [ 393058.25188040494686, 678128.92668037104886 ] } },
{ "type": "Feature", "properties": { "Agglomeration_ID": 2786, "Agglomeration_Name": "Divo", "ISO3": "CIV", "Population_1950": 0, "Population_1960": 0, "Population_1970": 27182, "Population_1980": 49498, "Population_1990": 75318, "Population_2000": 88711, "Population_2010": 100298, "Population_2015": 108316, "Population_2020": 178334, "Population_2025": 225166.16434073701, "Population_2030": 277649.38313261198, "Population_2035": 334927.64696018398, "Population_2040": 396762.87253079598, "Population_2045": 497683.18064232299, "Population_2050": 604552.30197935097 }, "geometry": { "type": "Point", "coordinates": [ 459628.800874817010481, 643849.794814762775786 ] } },
{ "type": "Feature", "properties": { "Agglomeration_ID": 5631, "Agglomeration_Name": "Man", "ISO3": "CIV", "Population_1950": 0, "Population_1960": 18021, "Population_1970": 39594, "Population_1980": 63426, "Population_1990": 93763, "Population_2000": 121281, "Population_2010": 141578, "Population_2015": 154617, "Population_2020": 190891, "Population_2025": 214537.81038291199, "Population_2030": 239308.046702213, "Population_2035": 264554.94075745298, "Population_2040": 290158.201740316, "Population_2045": 315597.65039513499, "Population_2050": 340796.54087461898 }, "geometry": { "type": "Point", "coordinates": [ 219636.526941581454594, 817990.615587783860974 ] } },
{ "type": "Feature", "properties": { "Agglomeration_ID": 8183, "Agglomeration_Name": "Soubre", "ISO3": "CIV", "Population_1950": 0, "Population_1960": 0, "Population_1970": 0, "Population_1980": 12361, "Population_1990": 37432, "Population_2000": 62873, "Population_2010": 89864, "Population_2015": 103999, "Population_2020": 139723, "Population_2025": 172800.97510466599, "Population_2030": 214670.63849904601, "Population_2035": 255585.053018045, "Population_2040": 299523.61430261901, "Population_2045": 351723.66042777098, "Population_2050": 400542.16190224001 }, "geometry": { "type": "Point", "coordinates": [ 324070.650471834233031, 638817.18745704065077 ] } },
{ "type": "Feature", "properties": { "Agglomeration_ID": 28, "Agglomeration_Name": "Abengourou", "ISO3": "CIV", "Population_1950": 0, "Population_1960": 0, "Population_1970": 23564, "Population_1980": 40582, "Population_1990": 61469, "Population_2000": 75862, "Population_2010": 96058, "Population_2015": 108296, "Population_2020": 126471, "Population_2025": 137275.16318799101, "Population_2030": 147919.247705983, "Population_2035": 158024.23620559101, "Population_2040": 167535.13848565301, "Population_2045": 176223.051866572, "Population_2050": 184089.13731202201 }, "geometry": { "type": "Point", "coordinates": [ 666192.176216212217696, 744320.168338691582903 ] } },
{ "type": "Feature", "properties": { "Agglomeration_ID": 2897, "Agglomeration_Name": "Duekoue", "ISO3": "CIV", "Population_1950": 0, "Population_1960": 0, "Population_1970": 10645, "Population_1980": 20819, "Population_1990": 28759, "Population_2000": 39158, "Population_2010": 72310, "Population_2015": 92775, "Population_2020": 112628, "Population_2025": 120894.73075675601, "Population_2030": 128766.916693212, "Population_2035": 135920.81440868901, "Population_2040": 142314.336547927, "Population_2045": 147775.88146255401, "Population_2050": 152320.97384554299 }, "geometry": { "type": "Point", "coordinates": [ 239511.351135874807369, 744359.702569814748131 ] } },
{ "type": "Feature", "properties": { "Agglomeration_ID": 2038, "Agglomeration_Name": "Bondoukou", "ISO3": "CIV", "Population_1950": 0, "Population_1960": 0, "Population_1970": 11999, "Population_1980": 23947, "Population_1990": 35213, "Population_2000": 46190, "Population_2010": 74550, "Population_2015": 91242, "Population_2020": 103844, "Population_2025": 112290.478619873, "Population_2030": 120526.527794761, "Population_2035": 128245.262591609, "Population_2040": 135403.68901501299, "Population_2045": 141823.96573145801, "Population_2050": 147511.58842560099 }, "geometry": { "type": "Point", "coordinates": [ 742351.151918325806037, 888367.170301227481104 ] } },
{ "type": "Feature", "properties": { "Agglomeration_ID": 2523, "Agglomeration_Name": "Dabou", "ISO3": "CIV", "Population_1950": 0, "Population_1960": 0, "Population_1970": 16670, "Population_1980": 29370, "Population_1990": 42189, "Population_2000": 55973, "Population_2010": 59778, "Population_2015": 66692, "Population_2020": 89764, "Population_2025": 111138.831756278, "Population_2030": 134949.299445454, "Population_2035": 166580.13583722999, "Population_2040": 195336.380279787, "Population_2045": 0.0, "Population_2050": 0.0 }, "geometry": { "type": "Point", "coordinates": [ 569648.951280076988041, 587982.873129964340478 ] } },
{ "type": "Feature", "properties": { "Agglomeration_ID": 2087, "Agglomeration_Name": "Bouafle", "ISO3": "CIV", "Population_1950": 0, "Population_1960": 0, "Population_1970": 0, "Population_1980": 21904, "Population_1990": 37090, "Population_2000": 50181, "Population_2010": 71828, "Population_2015": 83736, "Population_2020": 98676, "Population_2025": 110745.96084818601, "Population_2030": 123368.07401411299, "Population_2035": 136209.57340391399, "Population_2040": 149209.05845315501, "Population_2045": 162101.292780249, "Population_2050": 174848.24777183999 }, "geometry": { "type": "Point", "coordinates": [ 418285.001969658769667, 772206.728047459153458 ] } },
{ "type": "Feature", "properties": { "Agglomeration_ID": 250, "Agglomeration_Name": "Agboville", "ISO3": "CIV", "Population_1950": 0, "Population_1960": 14117, "Population_1970": 25811, "Population_1980": 33872, "Population_1990": 47878, "Population_2000": 54965, "Population_2010": 51602, "Population_2015": 58548, "Population_2020": 91975, "Population_2025": 109173.58923139, "Population_2030": 127993.15086133, "Population_2035": 148062.98127547701, "Population_2040": 169295.627033561, "Population_2045": 191302.291020745, "Population_2050": 213983.90729728699 }, "geometry": { "type": "Point", "coordinates": [ 587409.085531863383949, 654389.307581562083215 ] } },
{ "type": "Feature", "properties": { "Agglomeration_ID": 218, "Agglomeration_Name": "Adzope", "ISO3": "CIV", "Population_1950": 0, "Population_1960": 10313, "Population_1970": 24549, "Population_1980": 27620, "Population_1990": 36809, "Population_2000": 45202, "Population_2010": 54553, "Population_2015": 60349, "Population_2020": 81975, "Population_2025": 102061.672871459, "Population_2030": 124478.01392024101, "Population_2035": 148845.20244261599, "Population_2040": 175061.11855127101, "Population_2045": 202665.99394468, "Population_2050": 231520.64450417299 }, "geometry": { "type": "Point", "coordinates": [ 626192.47811289341189, 674102.399166482849978 ] } },
{ "type": "Feature", "properties": { "Agglomeration_ID": 5203, "Agglomeration_Name": "Lakota", "ISO3": "CIV", "Population_1950": 0, "Population_1960": 0, "Population_1970": 0, "Population_1980": 15809, "Population_1990": 23173, "Population_2000": 31468, "Population_2010": 26695, "Population_2015": 25668, "Population_2020": 71179, "Population_2025": 97982.931387917197, "Population_2030": 128551.0660265, "Population_2035": 162459.19031447399, "Population_2040": 199571.062945685, "Population_2045": 239264.630105174, "Population_2050": 281318.90001696203 }, "geometry": { "type": "Point", "coordinates": [ 424968.858455268316902, 646490.527943305321969 ] } },
{ "type": "Feature", "properties": { "Agglomeration_ID": 2047, "Agglomeration_Name": "Bonon", "ISO3": "CIV", "Population_1950": 0, "Population_1960": 0, "Population_1970": 0, "Population_1980": 13917, "Population_1990": 21053, "Population_2000": 29631, "Population_2010": 68578, "Population_2015": 95086, "Population_2020": 97459, "Population_2025": 97459.0, "Population_2030": 97459.0, "Population_2035": 97459.0, "Population_2040": 97459.0, "Population_2045": 97459.0, "Population_2050": 97459.0 }, "geometry": { "type": "Point", "coordinates": [ 383603.752757886657491, 765033.372217310592532 ] } },
{ "type": "Feature", "properties": { "Agglomeration_ID": 4129, "Agglomeration_Name": "Issia", "ISO3": "CIV", "Population_1950": 0, "Population_1960": 0, "Population_1970": 0, "Population_1980": 16409, "Population_1990": 30854, "Population_2000": 43178, "Population_2010": 51017, "Population_2015": 54850, "Population_2020": 73135, "Population_2025": 88292.417074529803, "Population_2030": 105014.35988506601, "Population_2035": 122990.979352839, "Population_2040": 142145.20722079999, "Population_2045": 162132.62022909801, "Population_2050": 182858.596826992 }, "geometry": { "type": "Point", "coordinates": [ 325406.5617291550152, 717391.305106638115831 ] } },
{ "type": "Feature", "properties": { "Agglomeration_ID": 3651, "Agglomeration_Name": "Guiglo", "ISO3": "CIV", "Population_1950": 0, "Population_1960": 0, "Population_1970": 0, "Population_1980": 14241, "Population_1990": 24621, "Population_2000": 38451, "Population_2010": 49000, "Population_2015": 53999, "Population_2020": 70969, "Population_2025": 86551.2293320639, "Population_2030": 103814.15123620701, "Population_2035": 122448.201458606, "Population_2040": 142374.15495921101, "Population_2045": 163236.99400534501, "Population_2050": 184935.55453100501 }, "geometry": { "type": "Point", "coordinates": [ 223221.403365722333547, 722667.660601108102128 ] } },
{ "type": "Feature", "properties": { "Agglomeration_ID": 8110, "Agglomeration_Name": "Sinfra", "ISO3": "CIV", "Population_1950": 0, "Population_1960": 0, "Population_1970": 10291, "Population_1980": 22134, "Population_1990": 36813, "Population_2000": 51926, "Population_2010": 73185, "Population_2015": 82892, "Population_2020": 85807, "Population_2025": 85807.0, "Population_2030": 85807.0, "Population_2035": 85807.0, "Population_2040": 85807.0, "Population_2045": 85807.0, "Population_2050": 85807.0 }, "geometry": { "type": "Point", "coordinates": [ 400118.660094153718092, 731285.987456011935137 ] } },
{ "type": "Feature", "properties": { "Agglomeration_ID": 7836, "Agglomeration_Name": "Seguela", "ISO3": "CIV", "Population_1950": 0, "Population_1960": 0, "Population_1970": 10775, "Population_1980": 17750, "Population_1990": 31579, "Population_2000": 45461, "Population_2010": 48601, "Population_2015": 47468, "Population_2020": 67821, "Population_2025": 85414.898949091395, "Population_2030": 105117.64093488301, "Population_2035": 126605.886359522, "Population_2040": 149790.19151210701, "Population_2045": 174266.956773707, "Population_2050": 199910.59709709999 }, "geometry": { "type": "Point", "coordinates": [ 314835.233886476955377, 879895.051345274434425 ] } },
{ "type": "Feature", "properties": { "Agglomeration_ID": 2048, "Agglomeration_Name": "Bonoua", "ISO3": "CIV", "Population_1950": 0, "Population_1960": 0, "Population_1970": 13814, "Population_1980": 18484, "Population_1990": 23110, "Population_2000": 33752, "Population_2010": 36453, "Population_2015": 39191, "Population_2020": 66897, "Population_2025": 85402.687210997799, "Population_2030": 106202.650708115, "Population_2035": 128966.237467944, "Population_2040": 153599.37179213401, "Population_2045": 0.0, "Population_2050": 0.0 }, "geometry": { "type": "Point", "coordinates": [ 656466.308169081341475, 582071.25976680777967 ] } },
{ "type": "Feature", "properties": { "Agglomeration_ID": 2591, "Agglomeration_Name": "Danane", "ISO3": "CIV", "Population_1950": 0, "Population_1960": 0, "Population_1970": 16612, "Population_1980": 23708, "Population_1990": 34499, "Population_2000": 58423, "Population_2010": 63851, "Population_2015": 64011, "Population_2020": 76438, "Population_2025": 84896.625687471402, "Population_2030": 93617.214640571096, "Population_2035": 102351.063918158, "Population_2040": 111055.138514285, "Population_2045": 119545.18786905801, "Population_2050": 127801.285485242 }, "geometry": { "type": "Point", "coordinates": [ 152233.494782947003841, 803031.930315166246146 ] } },
{ "type": "Feature", "properties": { "Agglomeration_ID": 3230, "Agglomeration_Name": "Ferkessedougou", "ISO3": "CIV", "Population_1950": 0, "Population_1960": 0, "Population_1970": 17559, "Population_1980": 28975, "Population_1990": 36474, "Population_2000": 42703, "Population_2010": 53246, "Population_2015": 58850, "Population_2020": 71312, "Population_2025": 81954.119618030105, "Population_2030": 93352.241801368596, "Population_2035": 105246.347767146, "Population_2040": 117582.312314587, "Population_2045": 130122.77176648899, "Population_2050": 142819.71545732499 }, "geometry": { "type": "Point", "coordinates": [ 477863.635552832507528, 1060079.880244720727205 ] } },
{ "type": "Feature", "properties": { "Agglomeration_ID": 6963, "Agglomeration_Name": "Odienne", "ISO3": "CIV", "Population_1950": 0, "Population_1960": 0, "Population_1970": 10745, "Population_1980": 18590, "Population_1990": 30964, "Population_2000": 45751, "Population_2010": 43481, "Population_2015": 43341, "Population_2020": 61935, "Population_2025": 79341.763233775506, "Population_2030": 98923.535119489607, "Population_2035": 120371.40285277901, "Population_2040": 143596.87798392499, "Population_2045": 168199.500410921, "Population_2050": 194050.254561529 }, "geometry": { "type": "Point", "coordinates": [ 218293.455583639850374, 1051123.754424183862284 ] } },
{ "type": "Feature", "properties": { "Agglomeration_ID": 261, "Agglomeration_Name": "Agnibilekrou", "ISO3": "CIV", "Population_1950": 0, "Population_1960": 0, "Population_1970": 0, "Population_1980": 17580, "Population_1990": 26058, "Population_2000": 34449, "Population_2010": 44106, "Population_2015": 49958, "Population_2020": 63660, "Population_2025": 76018.2020606648, "Population_2030": 89582.844607505103, "Population_2035": 104092.723838933, "Population_2040": 119485.00112901301, "Population_2045": 135479.76025718101, "Population_2050": 152003.57440308799 }, "geometry": { "type": "Point", "coordinates": [ 697987.908743884181604, 788794.573465470806696 ] } },
{ "type": "Feature", "properties": { "Agglomeration_ID": 5894, "Agglomeration_Name": "Meagui", "ISO3": "CIV", "Population_1950": 0, "Population_1960": 0, "Population_1970": 0, "Population_1980": 0, "Population_1990": 0, "Population_2000": 20390, "Population_2010": 43390, "Population_2015": 64488, "Population_2020": 71203, "Population_2025": 74999.023951728406, "Population_2030": 78279.621836545193, "Population_2035": 80854.679064562195, "Population_2040": 82704.854699304793, "Population_2045": 83755.701745947998, "Population_2050": 84032.331239365507 }, "geometry": { "type": "Point", "coordinates": [ 326883.488125118310563, 597580.897296478389762 ] } },
{ "type": "Feature", "properties": { "Agglomeration_ID": 4648, "Agglomeration_Name": "Katiola", "ISO3": "CIV", "Population_1950": 0, "Population_1960": 0, "Population_1970": 15783, "Population_1980": 25948, "Population_1990": 34776, "Population_2000": 39221, "Population_2010": 40645, "Population_2015": 41436, "Population_2020": 56664, "Population_2025": 74729.441044235195, "Population_2030": 91429.011011362803, "Population_2035": 109603.422024074, "Population_2040": 129176.692937482, "Population_2045": 149806.46419008999, "Population_2050": 171388.06013678599 }, "geometry": { "type": "Point", "coordinates": [ 488096.97643204999622, 898825.036938377772458 ] } },
{ "type": "Feature", "properties": { "Agglomeration_ID": 2608, "Agglomeration_Name": "Daoukro", "ISO3": "CIV", "Population_1950": 0, "Population_1960": 0, "Population_1970": 14148, "Population_1980": 21419, "Population_1990": 25203, "Population_2000": 38878, "Population_2010": 42198, "Population_2015": 45570, "Population_2020": 60721, "Population_2025": 71120.523328402996, "Population_2030": 82412.611233367003, "Population_2035": 94362.245919769397, "Population_2040": 106916.54279144001, "Population_2045": 119841.54699354499, "Population_2050": 133082.068394678 }, "geometry": { "type": "Point", "coordinates": [ 613225.677034620894119, 779826.14764606882818 ] } },
{ "type": "Feature", "properties": { "Agglomeration_ID": 8819, "Agglomeration_Name": "Vavoua", "ISO3": "CIV", "Population_1950": 0, "Population_1960": 0, "Population_1970": 0, "Population_1980": 12014, "Population_1990": 19281, "Population_2000": 27699, "Population_2010": 52971, "Population_2015": 68955, "Population_2020": 70051, "Population_2025": 70051.0, "Population_2030": 70051.0, "Population_2035": 70051.0, "Population_2040": 70051.0, "Population_2045": 70051.0, "Population_2050": 70051.0 }, "geometry": { "type": "Point", "coordinates": [ 336649.000597905775066, 814911.212037984281778 ] } },
{ "type": "Feature", "properties": { "Agglomeration_ID": 2128, "Agglomeration_Name": "Boundiali", "ISO3": "CIV", "Population_1950": 0, "Population_1960": 0, "Population_1970": 0, "Population_1980": 13739, "Population_1990": 23197, "Population_2000": 28865, "Population_2010": 37052, "Population_2015": 41069, "Population_2020": 55177, "Population_2025": 68239.331764211805, "Population_2030": 82784.585167678393, "Population_2035": 98562.437904099599, "Population_2040": 115506.480159424, "Population_2045": 133318.142655089, "Population_2050": 151908.63883068701 }, "geometry": { "type": "Point", "coordinates": [ 337756.303900194936432, 1052457.808633683249354 ] } },
{ "type": "Feature", "properties": { "Agglomeration_ID": 8597, "Agglomeration_Name": "Toumodi", "ISO3": "CIV", "Population_1950": 0, "Population_1960": 0, "Population_1970": 0, "Population_1980": 16166, "Population_1990": 23870, "Population_2000": 33107, "Population_2010": 42120, "Population_2015": 44385, "Population_2020": 56050, "Population_2025": 65974.197641373306, "Population_2030": 76782.682714804498, "Population_2035": 88255.212226883406, "Population_2040": 100341.32018290101, "Population_2045": 112817.321657842, "Population_2050": 125628.799616915 }, "geometry": { "type": "Point", "coordinates": [ 498253.309574882616289, 723846.124325659358874 ] } },
{ "type": "Feature", "properties": { "Agglomeration_ID": 1971, "Agglomeration_Name": "Blolequin", "ISO3": "CIV", "Population_1950": 0, "Population_1960": 0, "Population_1970": 0, "Population_1980": 0, "Population_1990": 0, "Population_2000": 28893, "Population_2010": 31413, "Population_2015": 33156, "Population_2020": 47480, "Population_2025": 60891.381756405899, "Population_2030": 75982.642027515394, "Population_2035": 92516.281430615098, "Population_2040": 110424.122486614, "Population_2045": 238198.32338352801, "Population_2050": 282445.34141074697 }, "geometry": { "type": "Point", "coordinates": [ 167594.030484453542158, 726673.406410084106028 ] } },
{ "type": "Feature", "properties": { "Agglomeration_ID": 46, "Agglomeration_Name": "Aboisso", "ISO3": "CIV", "Population_1950": 0, "Population_1960": 0, "Population_1970": 11526, "Population_1980": 16846, "Population_1990": 22497, "Population_2000": 28156, "Population_2010": 40105, "Population_2015": 46954, "Population_2020": 52186, "Population_2025": 55354.535066434801, "Population_2030": 58217.163265058902, "Population_2035": 60630.6141364008, "Population_2040": 62578.749307657898, "Population_2045": 63997.8096357467, "Population_2050": 64902.067171870003 }, "geometry": { "type": "Point", "coordinates": [ 698131.40044025122188, 604557.24547023861669 ] } },
{ "type": "Feature", "properties": { "Agglomeration_ID": 3811, "Agglomeration_Name": "Hire", "ISO3": "CIV", "Population_1950": 0, "Population_1960": 0, "Population_1970": 0, "Population_1980": 11718, "Population_1990": 15224, "Population_2000": 18473, "Population_2010": 27844, "Population_2015": 32845, "Population_2020": 44022, "Population_2025": 54363.598860978898, "Population_2030": 65873.4503125716, "Population_2035": 78352.652777968106, "Population_2040": 91748.628585508704, "Population_2045": 105825.072410407, "Population_2050": 120512.002591653 }, "geometry": { "type": "Point", "coordinates": [ 466873.671945905487519, 683685.153352493070997 ] } },
{ "type": "Feature", "properties": { "Agglomeration_ID": 2748, "Agglomeration_Name": "Dimbokro", "ISO3": "CIV", "Population_1950": 0, "Population_1960": 0, "Population_1970": 22139, "Population_1980": 33769, "Population_1990": 39880, "Population_2000": 48040, "Population_2010": 49364, "Population_2015": 50213, "Population_2020": 53170, "Population_2025": 53170.0, "Population_2030": 53170.0, "Population_2035": 53170.0, "Population_2040": 53170.0, "Population_2045": 53170.0, "Population_2050": 53170.0 }, "geometry": { "type": "Point", "coordinates": [ 532530.78565058123786, 735125.609696732251905 ] } },
{ "type": "Feature", "properties": { "Agglomeration_ID": 9105, "Agglomeration_Name": "Zagne", "ISO3": "CIV", "Population_1950": 0, "Population_1960": 0, "Population_1970": 0, "Population_1980": 0, "Population_1990": 10076, "Population_2000": 19639, "Population_2010": 37876, "Population_2015": 50217, "Population_2020": 51834, "Population_2025": 51834.0, "Population_2030": 51834.0, "Population_2035": 51834.0, "Population_2040": 51834.0, "Population_2045": 51834.0, "Population_2050": 51834.0 }, "geometry": { "type": "Point", "coordinates": [ 225382.145782432635315, 686996.166291711037047 ] } },
{ "type": "Feature", "properties": { "Agglomeration_ID": 6634, "Agglomeration_Name": "N'Douci", "ISO3": "CIV", "Population_1950": 0, "Population_1960": 0, "Population_1970": 0, "Population_1980": 10241, "Population_1990": 15252, "Population_2000": 20663, "Population_2010": 30003, "Population_2015": 27863, "Population_2020": 39774, "Population_2025": 50923.479135494301, "Population_2030": 63464.339594735597, "Population_2035": 125663.369153837, "Population_2040": 147673.58537791099, "Population_2045": 170841.04937841601, "Population_2050": 195049.251684218 }, "geometry": { "type": "Point", "coordinates": [ 524964.761423954972997, 648684.576296336017549 ] } },
{ "type": "Feature", "properties": { "Agglomeration_ID": 8094, "Agglomeration_Name": "Sikensi", "ISO3": "CIV", "Population_1950": 0, "Population_1960": 0, "Population_1970": 0, "Population_1980": 0, "Population_1990": 0, "Population_2000": 12415, "Population_2010": 22561, "Population_2015": 35551, "Population_2020": 40235, "Population_2025": 49573.950666824698, "Population_2030": 59959.636106205202, "Population_2035": 104104.019613963, "Population_2040": 121959.04462079301, "Population_2045": 140725.24416080301, "Population_2050": 160309.17853079099 }, "geometry": { "type": "Point", "coordinates": [ 546592.685820472310297, 625411.803293243166991 ] } },
{ "type": "Feature", "properties": { "Agglomeration_ID": 421, "Agglomeration_Name": "Akoupe", "ISO3": "CIV", "Population_1950": 0, "Population_1960": 0, "Population_1970": 0, "Population_1980": 14628, "Population_1990": 20705, "Population_2000": 22097, "Population_2010": 25373, "Population_2015": 27407, "Population_2020": 44983, "Population_2025": 48290.780300470702, "Population_2030": 51442.114958522499, "Population_2035": 54307.640635271899, "Population_2040": 56870.516912159597, "Population_2045": 59062.062004908898, "Population_2050": 60888.411214095497 }, "geometry": { "type": "Point", "coordinates": [ 622692.491638735984452, 706650.826022548717447 ] } },
{ "type": "Feature", "properties": { "Agglomeration_ID": 8449, "Agglomeration_Name": "Tengrela", "ISO3": "CIV", "Population_1950": 0, "Population_1960": 0, "Population_1970": 0, "Population_1980": 12959, "Population_1990": 22281, "Population_2000": 22335, "Population_2010": 35749, "Population_2015": 41440, "Population_2020": 45302, "Population_2025": 47202.619606468797, "Population_2030": 48679.6049117117, "Population_2035": 49617.234500512801, "Population_2040": 50005.817326143297, "Population_2045": 50005.817326143297, "Population_2050": 50005.817326143297 }, "geometry": { "type": "Point", "coordinates": [ 345964.616213845554739, 1158346.286497495369986 ] } },
{ "type": "Feature", "properties": { "Agglomeration_ID": 7224, "Agglomeration_Name": "Oume", "ISO3": "CIV", "Population_1950": 0, "Population_1960": 0, "Population_1970": 0, "Population_1980": 21206, "Population_1990": 29564, "Population_2000": 29751, "Population_2010": 41351, "Population_2015": 46462, "Population_2020": 46293, "Population_2025": 46293.0, "Population_2030": 46293.0, "Population_2035": 46293.0, "Population_2040": 46293.0, "Population_2045": 46293.0, "Population_2050": 46293.0 }, "geometry": { "type": "Point", "coordinates": [ 454615.587140181683935, 705063.654199103475548 ] } },
{ "type": "Feature", "properties": { "Agglomeration_ID": 223, "Agglomeration_Name": "Affery", "ISO3": "CIV", "Population_1950": 0, "Population_1960": 0, "Population_1970": 0, "Population_1980": 15448, "Population_1990": 17682, "Population_2000": 21154, "Population_2010": 21472, "Population_2015": 22380, "Population_2020": 35330, "Population_2025": 44953.435439401503, "Population_2030": 55760.659021275897, "Population_2035": 67578.569897014793, "Population_2040": 80358.245863662203, "Population_2045": 93878.533262298093, "Population_2050": 123833.61356457901 }, "geometry": { "type": "Point", "coordinates": [ 615617.584638935979456, 698465.63990154187195 ] } },
{ "type": "Feature", "properties": { "Agglomeration_ID": 1829, "Agglomeration_Name": "Beoumi", "ISO3": "CIV", "Population_1950": 0, "Population_1960": 0, "Population_1970": 0, "Population_1980": 12040, "Population_1990": 14549, "Population_2000": 23027, "Population_2010": 24442, "Population_2015": 26233, "Population_2020": 40576, "Population_2025": 42866.285533066803, "Population_2030": 44886.482034473702, "Population_2035": 46526.956935007198, "Population_2040": 47776.042913453501, "Population_2045": 48588.291006679297, "Population_2050": 48976.652010091602 }, "geometry": { "type": "Point", "coordinates": [ 436078.756658139056526, 847789.964801586349495 ] } },
{ "type": "Feature", "properties": { "Agglomeration_ID": 2043, "Agglomeration_Name": "Bongouanou", "ISO3": "CIV", "Population_1950": 0, "Population_1960": 0, "Population_1970": 11301, "Population_1980": 18314, "Population_1990": 19999, "Population_2000": 22254, "Population_2010": 26366, "Population_2015": 28841, "Population_2020": 40116, "Population_2025": 42741.827126351898, "Population_2030": 45167.863289265399, "Population_2035": 47282.0397722329, "Population_2040": 49070.984755455502, "Population_2045": 50481.160468414499, "Population_2050": 51521.504405739601 }, "geometry": { "type": "Point", "coordinates": [ 588740.128098259796388, 734626.400951535790227 ] } },
{ "type": "Feature", "properties": { "Agglomeration_ID": 7160, "Agglomeration_Name": "Ouangolodougou", "ISO3": "CIV", "Population_1950": 0, "Population_1960": 0, "Population_1970": 0, "Population_1980": 0, "Population_1990": 13249, "Population_2000": 19027, "Population_2010": 32369, "Population_2015": 39043, "Population_2020": 41885, "Population_2025": 42714.864522647302, "Population_2030": 42980.562665913101, "Population_2035": 42980.562665913101, "Population_2040": 42980.562665913101, "Population_2045": 42980.562665913101, "Population_2050": 42980.562665913101 }, "geometry": { "type": "Point", "coordinates": [ 483154.029261028859764, 1101564.806299806572497 ] } },
{ "type": "Feature", "properties": { "Agglomeration_ID": 8352, "Agglomeration_Name": "Tanda", "ISO3": "CIV", "Population_1950": 0, "Population_1960": 0, "Population_1970": 0, "Population_1980": 0, "Population_1990": 12315, "Population_2000": 16949, "Population_2010": 24410, "Population_2015": 28425, "Population_2020": 36519, "Population_2025": 42063.731561440502, "Population_2030": 48013.260642974703, "Population_2035": 54233.465547450898, "Population_2040": 60696.146573369297, "Population_2045": 67277.491084694702, "Population_2050": 73951.897911020103 }, "geometry": { "type": "Point", "coordinates": [ 702118.042846301454119, 862432.627220852067694 ] } },
{ "type": "Feature", "properties": { "Agglomeration_ID": 8585, "Agglomeration_Name": "Touba", "ISO3": "CIV", "Population_1950": 0, "Population_1960": 0, "Population_1970": 0, "Population_1980": 0, "Population_1990": 16719, "Population_2000": 22534, "Population_2010": 24227, "Population_2015": 22980, "Population_2020": 32187, "Population_2025": 40788.5639564296, "Population_2030": 50437.775483403202, "Population_2035": 60978.619913672301, "Population_2040": 72367.369424143093, "Population_2045": 84406.489613167505, "Population_2050": 97033.6871274687 }, "geometry": { "type": "Point", "coordinates": [ 204615.875809227407444, 916552.386468472308479 ] } },
{ "type": "Feature", "properties": { "Agglomeration_ID": 8260, "Agglomeration_Name": "Tabou", "ISO3": "CIV", "Population_1950": 0, "Population_1960": 0, "Population_1970": 0, "Population_1980": 0, "Population_1990": 11644, "Population_2000": 25295, "Population_2010": 24925, "Population_2015": 23363, "Population_2020": 32074, "Population_2025": 40184.772972885599, "Population_2030": 49253.850241086002, "Population_2035": 59130.452292067901, "Population_2040": 69773.345037592706, "Population_2045": 80996.649949971004, "Population_2050": 92743.218637427693 }, "geometry": { "type": "Point", "coordinates": [ 238477.758087830879958, 488865.748637905460782 ] } },
{ "type": "Feature", "properties": { "Agglomeration_ID": 9185, "Agglomeration_Name": "Zouan-Hounien", "ISO3": "CIV", "Population_1950": 0, "Population_1960": 0, "Population_1970": 0, "Population_1980": 0, "Population_1990": 0, "Population_2000": 14344, "Population_2010": 20375, "Population_2015": 23506, "Population_2020": 32804, "Population_2025": 37910.031714880897, "Population_2030": 43402.996202146503, "Population_2035": 49161.139960195404, "Population_2040": 55158.495075206803, "Population_2045": 61280.860612182303, "Population_2050": 67503.899033096997 }, "geometry": { "type": "Point", "coordinates": [ 145349.923188156157266, 766066.317245783284307 ] } },
{ "type": "Feature", "properties": { "Agglomeration_ID": 1295, "Agglomeration_Name": "Arrah", "ISO3": "CIV", "Population_1950": 0, "Population_1960": 0, "Population_1970": 11689, "Population_1980": 19677, "Population_1990": 21620, "Population_2000": 23411, "Population_2010": 23869, "Population_2015": 24790, "Population_2020": 30537, "Population_2025": 35556.918046769999, "Population_2030": 40986.641696294799, "Population_2035": 46710.116808995801, "Population_2040": 52701.814717042304, "Population_2045": 58849.077789553201, "Population_2050": 65126.397362135198 }, "geometry": { "type": "Point", "coordinates": [ 613723.985309583018534, 737461.526997948763892 ] } },
{ "type": "Feature", "properties": { "Agglomeration_ID": 8487, "Agglomeration_Name": "Tiassale", "ISO3": "CIV", "Population_1950": 0, "Population_1960": 0, "Population_1970": 0, "Population_1980": 15767, "Population_1990": 19601, "Population_2000": 18396, "Population_2010": 20056, "Population_2015": 20613, "Population_2020": 29698, "Population_2025": 35436.335472804203, "Population_2030": 41732.486826086599, "Population_2035": 0.0, "Population_2040": 0.0, "Population_2045": 0.0, "Population_2050": 0.0 }, "geometry": { "type": "Point", "coordinates": [ 518811.847735513118096, 651462.503526398795657 ] } },
{ "type": "Feature", "properties": { "Agglomeration_ID": 6755, "Agglomeration_Name": "Nielle", "ISO3": "CIV", "Population_1950": 0, "Population_1960": 0, "Population_1970": 0, "Population_1980": 0, "Population_1990": 0, "Population_2000": 0, "Population_2010": 17339, "Population_2015": 19646, "Population_2020": 27676, "Population_2025": 35183.356308890703, "Population_2030": 43612.233105113999, "Population_2035": 52827.348450915903, "Population_2040": 62790.537467969603, "Population_2045": 73329.301161977506, "Population_2050": 84388.886176915898 }, "geometry": { "type": "Point", "coordinates": [ 430840.514941965870094, 1127648.058768383460119 ] } },
{ "type": "Feature", "properties": { "Agglomeration_ID": 9191, "Agglomeration_Name": "Zuenoufla", "ISO3": "CIV", "Population_1950": 0, "Population_1960": 0, "Population_1970": 0, "Population_1980": 12641, "Population_1990": 20407, "Population_2000": 24669, "Population_2010": 31150, "Population_2015": 34960, "Population_2020": 34768, "Population_2025": 34768.0, "Population_2030": 34768.0, "Population_2035": 34768.0, "Population_2040": 34768.0, "Population_2045": 34768.0, "Population_2050": 34768.0 }, "geometry": { "type": "Point", "coordinates": [ 384571.344070230377838, 820261.779883243958466 ] } },
{ "type": "Feature", "properties": { "Agglomeration_ID": 5861, "Agglomeration_Name": "M'Bengue", "ISO3": "CIV", "Population_1950": 0, "Population_1960": 0, "Population_1970": 0, "Population_1980": 0, "Population_1990": 0, "Population_2000": 0, "Population_2010": 16555, "Population_2015": 22858, "Population_2020": 30255, "Population_2025": 34533.5737391066, "Population_2030": 39088.908738076098, "Population_2035": 43813.095421416998, "Population_2040": 48684.372014904096, "Population_2045": 53607.662335252397, "Population_2050": 58565.126502588602 }, "geometry": { "type": "Point", "coordinates": [ 402090.09290736814728, 1105235.307235941523686 ] } },
{ "type": "Feature", "properties": { "Agglomeration_ID": 9035, "Agglomeration_Name": "Yabayo", "ISO3": "CIV", "Population_1950": 0, "Population_1960": 0, "Population_1970": 0, "Population_1980": 0, "Population_1990": 0, "Population_2000": 10525, "Population_2010": 17287, "Population_2015": 20642, "Population_2020": 27733, "Population_2025": 34298.756758211202, "Population_2030": 41609.929047561804, "Population_2035": 49540.696265358703, "Population_2040": 58057.677643349001, "Population_2045": 67010.797528203504, "Population_2050": 76355.426028801303 }, "geometry": { "type": "Point", "coordinates": [ 322897.52022126421798, 657841.96187404752709 ] } },
{ "type": "Feature", "properties": { "Agglomeration_ID": 2729, "Agglomeration_Name": "Diegonefla", "ISO3": "CIV", "Population_1950": 0, "Population_1960": 0, "Population_1970": 0, "Population_1980": 0, "Population_1990": 11443, "Population_2000": 16777, "Population_2010": 36791, "Population_2015": 34452, "Population_2020": 34118, "Population_2025": 34118.0, "Population_2030": 34118.0, "Population_2035": 34118.0, "Population_2040": 34118.0, "Population_2045": 34118.0, "Population_2050": 34118.0 }, "geometry": { "type": "Point", "coordinates": [ 436473.893230694928207, 694748.275281348498538 ] } },
{ "type": "Feature", "properties": { "Agglomeration_ID": 7800, "Agglomeration_Name": "Sassandra", "ISO3": "CIV", "Population_1950": 0, "Population_1960": 0, "Population_1970": 0, "Population_1980": 10811, "Population_1990": 13751, "Population_2000": 16408, "Population_2010": 24087, "Population_2015": 27345, "Population_2020": 31293, "Population_2025": 34066.190979840001, "Population_2030": 36818.352323712199, "Population_2035": 39454.686324395298, "Population_2040": 41961.079090640997, "Population_2045": 44278.515215671498, "Population_2050": 46406.2135563431 }, "geometry": { "type": "Point", "coordinates": [ 378904.879320791224018, 546693.809737901785411 ] } },
{ "type": "Feature", "properties": { "Agglomeration_ID": 3607, "Agglomeration_Name": "Grand-Lahou", "ISO3": "CIV", "Population_1950": 0, "Population_1960": 0, "Population_1970": 0, "Population_1980": 0, "Population_1990": 0, "Population_2000": 30242, "Population_2010": 27475, "Population_2015": 29259, "Population_2020": 32081, "Population_2025": 33536.589057534598, "Population_2030": 34712.571352699102, "Population_2035": 35525.881881459303, "Population_2040": 35969.100732774103, "Population_2045": 36014.748155922702, "Population_2050": 36014.748155922702 }, "geometry": { "type": "Point", "coordinates": [ 499894.160154213954229, 579752.208617482567206 ] } },
{ "type": "Feature", "properties": { "Agglomeration_ID": 2127, "Agglomeration_Name": "Bouna", "ISO3": "CIV", "Population_1950": 0, "Population_1960": 0, "Population_1970": 0, "Population_1980": 0, "Population_1990": 13910, "Population_2000": 16517, "Population_2010": 18963, "Population_2015": 19275, "Population_2020": 26573, "Population_2025": 33374.1580159312, "Population_2030": 40984.412710802397, "Population_2035": 49278.015690032596, "Population_2040": 58220.3910165872, "Population_2045": 67655.601308288096, "Population_2050": 77535.428411156798 }, "geometry": { "type": "Point", "coordinates": [ 720058.855271124048159, 1024778.78599805093836 ] } },
{ "type": "Feature", "properties": { "Agglomeration_ID": 4987, "Agglomeration_Name": "Kononfla", "ISO3": "CIV", "Population_1950": 0, "Population_1960": 0, "Population_1970": 0, "Population_1980": 0, "Population_1990": 12513, "Population_2000": 15824, "Population_2010": 20958, "Population_2015": 28774, "Population_2020": 32002, "Population_2025": 32177.687198588501, "Population_2030": 32177.687198588501, "Population_2035": 32177.687198588501, "Population_2040": 32177.687198588501, "Population_2045": 32177.687198588501, "Population_2050": 32177.687198588501 }, "geometry": { "type": "Point", "coordinates": [ 433668.105654540122487, 735293.523301427369006 ] } },
{ "type": "Feature", "properties": { "Agglomeration_ID": 7676, "Agglomeration_Name": "Saioua", "ISO3": "CIV", "Population_1950": 0, "Population_1960": 0, "Population_1970": 0, "Population_1980": 12512, "Population_1990": 21492, "Population_2000": 15035, "Population_2010": 27847, "Population_2015": 27637, "Population_2020": 30478, "Population_2025": 32061.065185110001, "Population_2030": 33415.731268268501, "Population_2035": 34461.046272963402, "Population_2040": 35188.943808590397, "Population_2045": 35568.552148185197, "Population_2050": 35611.0669760608 }, "geometry": { "type": "Point", "coordinates": [ 359250.746324782550801, 716708.709743581246585 ] } },
{ "type": "Feature", "properties": { "Agglomeration_ID": 2298, "Agglomeration_Name": "Buyo", "ISO3": "CIV", "Population_1950": 0, "Population_1960": 0, "Population_1970": 0, "Population_1980": 0, "Population_1990": 0, "Population_2000": 14031, "Population_2010": 22359, "Population_2015": 26041, "Population_2020": 31514, "Population_2025": 31514.0, "Population_2030": 31514.0, "Population_2035": 31514.0, "Population_2040": 31514.0, "Population_2045": 31514.0, "Population_2050": 31514.0 }, "geometry": { "type": "Point", "coordinates": [ 279210.153433319821488, 691812.313153278664686 ] } },
{ "type": "Feature", "properties": { "Agglomeration_ID": 2711, "Agglomeration_Name": "Dianra", "ISO3": "CIV", "Population_1950": 0, "Population_1960": 0, "Population_1970": 0, "Population_1980": 0, "Population_1990": 0, "Population_2000": 0, "Population_2010": 18574, "Population_2015": 26597, "Population_2020": 29123, "Population_2025": 30398.589479079801, "Population_2030": 31411.836970407399, "Population_2035": 32087.8023891878, "Population_2040": 32419.982615396999, "Population_2045": 32419.982615396999, "Population_2050": 32419.982615396999 }, "geometry": { "type": "Point", "coordinates": [ 361905.494834453216754, 989224.065708137932234 ] } },
{ "type": "Feature", "properties": { "Agglomeration_ID": 5857, "Agglomeration_Name": "M'Batto", "ISO3": "CIV", "Population_1950": 0, "Population_1960": 0, "Population_1970": 0, "Population_1980": 11393, "Population_1990": 16036, "Population_2000": 17024, "Population_2010": 17929, "Population_2015": 18807, "Population_2020": 24562, "Population_2025": 29830.924916707401, "Population_2030": 62150.027692324104, "Population_2035": 73096.551666384097, "Population_2040": 84785.5433843434, "Population_2045": 97007.986138522698, "Population_2050": 109705.1634847 }, "geometry": { "type": "Point", "coordinates": [ 570850.157775874249637, 716020.392580944928341 ] } },
{ "type": "Feature", "properties": { "Agglomeration_ID": 1587, "Agglomeration_Name": "Bangolo", "ISO3": "CIV", "Population_1950": 0, "Population_1960": 0, "Population_1970": 0, "Population_1980": 0, "Population_1990": 10555, "Population_2000": 13063, "Population_2010": 15687, "Population_2015": 17331, "Population_2020": 24876, "Population_2025": 29345.7188853759, "Population_2030": 34220.023442773097, "Population_2035": 39400.502518515001, "Population_2040": 44864.427217293603, "Population_2045": 50510.970789917497, "Population_2050": 56315.284832036901 }, "geometry": { "type": "Point", "coordinates": [ 225597.667215398454573, 774970.796430495451204 ] } },
{ "type": "Feature", "properties": { "Agglomeration_ID": 58, "Agglomeration_Name": "Aboude-Kouassikro", "ISO3": "CIV", "Population_1950": 0, "Population_1960": 0, "Population_1970": 0, "Population_1980": 0, "Population_1990": 0, "Population_2000": 0, "Population_2010": 10620, "Population_2015": 11756, "Population_2020": 24522, "Population_2025": 29204.053870400501, "Population_2030": 34336.258041218003, "Population_2035": 39818.793565146298, "Population_2040": 45627.852966038503, "Population_2045": 51657.476746810702, "Population_2050": 57880.2187809678 }, "geometry": { "type": "Point", "coordinates": [ 551552.126469526207075, 650856.922596647986211 ] } },
{ "type": "Feature", "properties": { "Agglomeration_ID": 10249, "Agglomeration_Name": "Ancien - Prozi", "ISO3": "CIV", "Population_1950": 0, "Population_1960": 0, "Population_1970": 0, "Population_1980": 0, "Population_1990": 0, "Population_2000": 0, "Population_2010": 0, "Population_2015": 0, "Population_2020": 27494, "Population_2025": 29122.099369590302, "Population_2030": 30581.3642299612, "Population_2035": 31796.732683339, "Population_2040": 32759.9117805188, "Population_2045": 33438.291588655899, "Population_2050": 33839.832276095898 }, "geometry": { "type": "Point", "coordinates": [ 283394.290685742220376, 848347.431736667407677 ] } },
{ "type": "Feature", "properties": { "Agglomeration_ID": 6739, "Agglomeration_Name": "Niakaramadougou", "ISO3": "CIV", "Population_1950": 0, "Population_1960": 0, "Population_1970": 0, "Population_1980": 0, "Population_1990": 0, "Population_2000": 0, "Population_2010": 14057, "Population_2015": 17278, "Population_2020": 23355, "Population_2025": 28991.462295256999, "Population_2030": 35275.603540910597, "Population_2035": 42100.374598009199, "Population_2040": 49437.119638681899, "Population_2045": 57156.903088731597, "Population_2050": 65220.9939704149 }, "geometry": { "type": "Point", "coordinates": [ 468142.407378575589973, 956583.883322538225912 ] } },
{ "type": "Feature", "properties": { "Agglomeration_ID": 3798, "Agglomeration_Name": "Hermankono-Garo", "ISO3": "CIV", "Population_1950": 0, "Population_1960": 0, "Population_1970": 0, "Population_1980": 0, "Population_1990": 0, "Population_2000": 10422, "Population_2010": 13022, "Population_2015": 14610, "Population_2020": 24848, "Population_2025": 28653.534915060001, "Population_2030": 32740.604915319698, "Population_2035": 37017.617776194798, "Population_2040": 41465.219261749698, "Population_2045": 45998.384331409397, "Population_2050": 50599.342508132497 }, "geometry": { "type": "Point", "coordinates": [ 497329.127018945699092, 654778.218249413184822 ] } },
{ "type": "Feature", "properties": { "Agglomeration_ID": 1864, "Agglomeration_Name": "Biankouma", "ISO3": "CIV", "Population_1950": 0, "Population_1960": 0, "Population_1970": 0, "Population_1980": 0, "Population_1990": 13757, "Population_2000": 17734, "Population_2010": 17703, "Population_2015": 18418, "Population_2020": 23940, "Population_2025": 28153.9934049314, "Population_2030": 32741.066874950098, "Population_2035": 37607.403076692099, "Population_2040": 42731.573132223399, "Population_2045": 48018.627685134903, "Population_2050": 53445.5896290495 }, "geometry": { "type": "Point", "coordinates": [ 211168.321494898409583, 855822.876561521436088 ] } },
{ "type": "Feature", "properties": { "Agglomeration_ID": 3608, "Agglomeration_Name": "Grand-Zattry", "ISO3": "CIV", "Population_1950": 0, "Population_1960": 0, "Population_1970": 0, "Population_1980": 0, "Population_1990": 0, "Population_2000": 19485, "Population_2010": 23027, "Population_2015": 24835, "Population_2020": 26910, "Population_2025": 27761.556577478699, "Population_2030": 28309.868400887299, "Population_2035": 28489.018847171701, "Population_2040": 28489.018847171701, "Population_2045": 28489.018847171701, "Population_2050": 28489.018847171701 }, "geometry": { "type": "Point", "coordinates": [ 329307.878225520078558, 675858.52914788806811 ] } },
{ "type": "Feature", "properties": { "Agglomeration_ID": 4533, "Agglomeration_Name": "Kaouara", "ISO3": "CIV", "Population_1950": 0, "Population_1960": 0, "Population_1970": 0, "Population_1980": 0, "Population_1990": 0, "Population_2000": 0, "Population_2010": 12544, "Population_2015": 20726, "Population_2020": 25731, "Population_2025": 27737.5894776881, "Population_2030": 29675.982648899499, "Population_2035": 31471.016485598499, "Population_2040": 33112.476308310899, "Population_2045": 34558.3502004088, "Population_2050": 35810.923170599199 }, "geometry": { "type": "Point", "coordinates": [ 478926.776637054048479, 1115613.388229033444077 ] } },
{ "type": "Feature", "properties": { "Agglomeration_ID": 2709, "Agglomeration_Name": "Diangobo", "ISO3": "CIV", "Population_1950": 0, "Population_1960": 0, "Population_1970": 0, "Population_1980": 0, "Population_1990": 0, "Population_2000": 0, "Population_2010": 0, "Population_2015": 17608, "Population_2020": 22649, "Population_2025": 27224.741521001699, "Population_2030": 32262.990606682801, "Population_2035": 37668.995006897101, "Population_2040": 79491.026781754001, "Population_2045": 90460.173967274401, "Population_2050": 101818.63755684 }, "geometry": { "type": "Point", "coordinates": [ 650370.403968147467822, 680112.311727171996608 ] } },
{ "type": "Feature", "properties": { "Agglomeration_ID": 6271, "Agglomeration_Name": "Moussadougou", "ISO3": "CIV", "Population_1950": 0, "Population_1960": 0, "Population_1970": 0, "Population_1980": 0, "Population_1990": 0, "Population_2000": 0, "Population_2010": 12000, "Population_2015": 16797, "Population_2020": 21944, "Population_2025": 26656.932302726898, "Population_2030": 31869.981998018498, "Population_2035": 37488.500524208801, "Population_2040": 43488.525463447797, "Population_2045": 49762.786692956797, "Population_2050": 56281.128659389498 }, "geometry": { "type": "Point", "coordinates": [ 350639.869816973223351, 542190.52080452197697 ] } },
{ "type": "Feature", "properties": { "Agglomeration_ID": 1425, "Agglomeration_Name": "Azaguie", "ISO3": "CIV", "Population_1950": 0, "Population_1960": 0, "Population_1970": 0, "Population_1980": 12106, "Population_1990": 14715, "Population_2000": 17053, "Population_2010": 14533, "Population_2015": 14260, "Population_2020": 20567, "Population_2025": 26474.412924578301, "Population_2030": 33127.7251026948, "Population_2035": 40423.061350925796, "Population_2040": 48330.391280645003, "Population_2045": 56713.707939521402, "Population_2050": 0.0 }, "geometry": { "type": "Point", "coordinates": [ 604512.139363293652423, 622708.764684224384837 ] } },
{ "type": "Feature", "properties": { "Agglomeration_ID": 3286, "Agglomeration_Name": "Fronan", "ISO3": "CIV", "Population_1950": 0, "Population_1960": 0, "Population_1970": 0, "Population_1980": 0, "Population_1990": 0, "Population_2000": 0, "Population_2010": 15842, "Population_2015": 17108, "Population_2020": 22011, "Population_2025": 26462.252417200601, "Population_2030": 31363.803302886001, "Population_2035": 36623.5246547231, "Population_2040": 42218.783568006198, "Population_2045": 48048.553014064601, "Population_2050": 54085.5380645857 }, "geometry": { "type": "Point", "coordinates": [ 485632.541638946102466, 907570.645065458840691 ] } },
{ "type": "Feature", "properties": { "Agglomeration_ID": 2792, "Agglomeration_Name": "Djapadji", "ISO3": "CIV", "Population_1950": 0, "Population_1960": 0, "Population_1970": 0, "Population_1980": 0, "Population_1990": 0, "Population_2000": 22901, "Population_2010": 26876, "Population_2015": 31453, "Population_2020": 26447, "Population_2025": 26447.0, "Population_2030": 26447.0, "Population_2035": 26447.0, "Population_2040": 26447.0, "Population_2045": 26447.0, "Population_2050": 26447.0 }, "geometry": { "type": "Point", "coordinates": [ 298250.251434969017282, 584715.370507744373754 ] } },
{ "type": "Feature", "properties": { "Agglomeration_ID": 5524, "Agglomeration_Name": "Mahapleu", "ISO3": "CIV", "Population_1950": 0, "Population_1960": 0, "Population_1970": 0, "Population_1980": 0, "Population_1990": 0, "Population_2000": 10059, "Population_2010": 14522, "Population_2015": 15334, "Population_2020": 21068, "Population_2025": 25702.155325138599, "Population_2030": 30836.803646351102, "Population_2035": 36379.961779591598, "Population_2040": 42308.068225163202, "Population_2045": 48515.532175480599, "Population_2050": 54972.232198019701 }, "geometry": { "type": "Point", "coordinates": [ 175712.813513453584164, 799226.164044330827892 ] } },
{ "type": "Feature", "properties": { "Agglomeration_ID": 8271, "Agglomeration_Name": "Tafire", "ISO3": "CIV", "Population_1950": 0, "Population_1960": 0, "Population_1970": 0, "Population_1980": 0, "Population_1990": 0, "Population_2000": 14378, "Population_2010": 18081, "Population_2015": 17667, "Population_2020": 21896, "Population_2025": 25616.8682418432, "Population_2030": 29654.1642884666, "Population_2035": 33923.437872505798, "Population_2040": 38405.767169576902, "Population_2045": 43017.4830344277, "Population_2050": 47738.996219192501 }, "geometry": { "type": "Point", "coordinates": [ 482062.439959275128786, 1002607.341115591931157 ] } },
{ "type": "Feature", "properties": { "Agglomeration_ID": 4409, "Agglomeration_Name": "Kahin-Zarabaon", "ISO3": "CIV", "Population_1950": 0, "Population_1960": 0, "Population_1970": 0, "Population_1980": 0, "Population_1990": 0, "Population_2000": 0, "Population_2010": 15633, "Population_2015": 26155, "Population_2020": 25397, "Population_2025": 25397.0, "Population_2030": 25397.0, "Population_2035": 25397.0, "Population_2040": 25397.0, "Population_2045": 25397.0, "Population_2050": 25397.0 }, "geometry": { "type": "Point", "coordinates": [ 208516.954432511469349, 765030.119687875034288 ] } },
{ "type": "Feature", "properties": { "Agglomeration_ID": 2717, "Agglomeration_Name": "Diawala", "ISO3": "CIV", "Population_1950": 0, "Population_1960": 0, "Population_1970": 0, "Population_1980": 0, "Population_1990": 0, "Population_2000": 0, "Population_2010": 17174, "Population_2015": 20776, "Population_2020": 23474, "Population_2025": 25322.815013746, "Population_2030": 27112.8068878905, "Population_2035": 28775.219969207799, "Population_2040": 30300.642916472301, "Population_2045": 31650.314918556502, "Population_2050": 32826.125533289298 }, "geometry": { "type": "Point", "coordinates": [ 447914.791377311921678, 1117260.817325460491702 ] } },
{ "type": "Feature", "properties": { "Agglomeration_ID": 8498, "Agglomeration_Name": "Tiebissou", "ISO3": "CIV", "Population_1950": 0, "Population_1960": 0, "Population_1970": 0, "Population_1980": 0, "Population_1990": 10979, "Population_2000": 16482, "Population_2010": 19434, "Population_2015": 19354, "Population_2020": 22650, "Population_2025": 25263.708462376198, "Population_2030": 27974.990775669099, "Population_2035": 30709.060053037199, "Population_2040": 33452.619244983201, "Population_2045": 36148.518625350502, "Population_2050": 38789.706400263902 }, "geometry": { "type": "Point", "coordinates": [ 475609.826965293264948, 790382.679448152543046 ] } },
{ "type": "Feature", "properties": { "Agglomeration_ID": 1779, "Agglomeration_Name": "Belle-Ville", "ISO3": "CIV", "Population_1950": 0, "Population_1960": 0, "Population_1970": 0, "Population_1980": 0, "Population_1990": 11377, "Population_2000": 16919, "Population_2010": 17603, "Population_2015": 18706, "Population_2020": 22248, "Population_2025": 25171.116608163498, "Population_2030": 28256.249646586999, "Population_2035": 31426.318646018801, "Population_2040": 34666.454795431098, "Population_2045": 37912.054504558, "Population_2050": 41152.385715213102 }, "geometry": { "type": "Point", "coordinates": [ 295567.263817813363858, 759879.797034698538482 ] } },
{ "type": "Feature", "properties": { "Agglomeration_ID": 5670, "Agglomeration_Name": "Mankono", "ISO3": "CIV", "Population_1950": 0, "Population_1960": 0, "Population_1970": 0, "Population_1980": 0, "Population_1990": 11600, "Population_2000": 15589, "Population_2010": 17159, "Population_2015": 17157, "Population_2020": 23492, "Population_2025": 24632.054622529002, "Population_2030": 25581.155692445402, "Population_2035": 26277.722273229101, "Population_2040": 26715.9441356598, "Population_2045": 26873.933394144598, "Population_2050": 26873.933394144598 }, "geometry": { "type": "Point", "coordinates": [ 369291.245631555735599, 890100.99746493040584 ] } },
{ "type": "Feature", "properties": { "Agglomeration_ID": 2524, "Agglomeration_Name": "Dabouyo", "ISO3": "CIV", "Population_1950": 0, "Population_1960": 0, "Population_1970": 0, "Population_1980": 0, "Population_1990": 0, "Population_2000": 0, "Population_2010": 13241, "Population_2015": 20400, "Population_2020": 20782, "Population_2025": 24511.825762713401, "Population_2030": 28578.855332257699, "Population_2035": 32900.917289576602, "Population_2040": 37459.045139917398, "Population_2045": 42169.107773059703, "Population_2050": 47010.392055379598 }, "geometry": { "type": "Point", "coordinates": [ 384849.669261179631576, 613421.761289749410935 ] } },
{ "type": "Feature", "properties": { "Agglomeration_ID": 10724, "Agglomeration_Name": "Akoupe-Zeudji", "ISO3": "CIV", "Population_1950": 0, "Population_1960": 0, "Population_1970": 0, "Population_1980": 0, "Population_1990": 0, "Population_2000": 0, "Population_2010": 0, "Population_2015": 0, "Population_2020": 17067, "Population_2025": 24358.5179756736, "Population_2030": 59986.235249337398, "Population_2035": 0.0, "Population_2040": 0.0, "Population_2045": 0.0, "Population_2050": 0.0 }, "geometry": { "type": "Point", "coordinates": [ 593608.396123709157109, 605177.162967605516315 ] } },
{ "type": "Feature", "properties": { "Agglomeration_ID": 3571, "Agglomeration_Name": "Gonate", "ISO3": "CIV", "Population_1950": 0, "Population_1960": 0, "Population_1970": 0, "Population_1980": 0, "Population_1990": 13021, "Population_2000": 13568, "Population_2010": 17540, "Population_2015": 19692, "Population_2020": 22332, "Population_2025": 24180.0353451759, "Population_2030": 25988.692865912999, "Population_2035": 27691.654421409901, "Population_2040": 29279.513494706702, "Population_2045": 30713.272807662801, "Population_2050": 31993.776335834202 }, "geometry": { "type": "Point", "coordinates": [ 362110.541317907511257, 762864.531612523132935 ] } },
{ "type": "Feature", "properties": { "Agglomeration_ID": 6750, "Agglomeration_Name": "Niapidou", "ISO3": "CIV", "Population_1950": 0, "Population_1960": 0, "Population_1970": 0, "Population_1980": 0, "Population_1990": 0, "Population_2000": 0, "Population_2010": 10713, "Population_2015": 14537, "Population_2020": 19448, "Population_2025": 23989.006916392202, "Population_2030": 29040.9723779999, "Population_2035": 34516.307677845703, "Population_2040": 40391.925816030896, "Population_2045": 46564.091203554002, "Population_2050": 53002.183620430798 }, "geometry": { "type": "Point", "coordinates": [ 382333.999266018043272, 590009.488760109292343 ] } },
{ "type": "Feature", "properties": { "Agglomeration_ID": 3645, "Agglomeration_Name": "Guiberoua", "ISO3": "CIV", "Population_1950": 0, "Population_1960": 0, "Population_1970": 0, "Population_1980": 0, "Population_1990": 0, "Population_2000": 12227, "Population_2010": 17195, "Population_2015": 18528, "Population_2020": 22078, "Population_2025": 23912.2530118709, "Population_2030": 25708.922054595099, "Population_2035": 27402.369628283399, "Population_2040": 28983.2594342558, "Population_2045": 30412.865500319, "Population_2050": 31691.944800933099 }, "geometry": { "type": "Point", "coordinates": [ 370190.855698162224144, 689345.648637513979338 ] } },
{ "type": "Feature", "properties": { "Agglomeration_ID": 2049, "Agglomeration_Name": "Bonoufla", "ISO3": "CIV", "Population_1950": 0, "Population_1960": 0, "Population_1970": 0, "Population_1980": 0, "Population_1990": 0, "Population_2000": 14675, "Population_2010": 20488, "Population_2015": 24117, "Population_2020": 23863, "Population_2025": 23863.0, "Population_2030": 23863.0, "Population_2035": 23863.0, "Population_2040": 23863.0, "Population_2045": 23863.0, "Population_2050": 23863.0 }, "geometry": { "type": "Point", "coordinates": [ 336903.643927979690488, 788398.963729447452351 ] } },
{ "type": "Feature", "properties": { "Agglomeration_ID": 7285, "Agglomeration_Name": "Para", "ISO3": "CIV", "Population_1950": 0, "Population_1960": 0, "Population_1970": 0, "Population_1980": 0, "Population_1990": 0, "Population_2000": 0, "Population_2010": 15299, "Population_2015": 18081, "Population_2020": 21254, "Population_2025": 23800.790718031101, "Population_2030": 26456.656865438901, "Population_2035": 29150.462529916698, "Population_2040": 31869.251717691699, "Population_2045": 34557.155638394397, "Population_2050": 37206.549884686799 }, "geometry": { "type": "Point", "coordinates": [ 241916.586161082348553, 609733.16462018515449 ] } },
{ "type": "Feature", "properties": { "Agglomeration_ID": 8582, "Agglomeration_Name": "Tortiya", "ISO3": "CIV", "Population_1950": 0, "Population_1960": 0, "Population_1970": 0, "Population_1980": 0, "Population_1990": 20959, "Population_2000": 23479, "Population_2010": 17865, "Population_2015": 16441, "Population_2020": 20324, "Population_2025": 23730.646229641901, "Population_2030": 27422.2451443758, "Population_2035": 31320.8886876293, "Population_2040": 35409.252746721897, "Population_2045": 39610.795793221703, "Population_2050": 43907.838578483002 }, "geometry": { "type": "Point", "coordinates": [ 424091.796564753924031, 969174.650084560737014 ] } },
{ "type": "Feature", "properties": { "Agglomeration_ID": 10588, "Agglomeration_Name": "Alepe", "ISO3": "CIV", "Population_1950": 0, "Population_1960": 0, "Population_1970": 0, "Population_1980": 0, "Population_1990": 0, "Population_2000": 0, "Population_2010": 0, "Population_2015": 0, "Population_2020": 18975, "Population_2025": 23598.952976551202, "Population_2030": 28757.405584054399, "Population_2035": 34362.931274764203, "Population_2040": 40392.021967294102, "Population_2045": 46738.862281491703, "Population_2050": 53371.508330244404 }, "geometry": { "type": "Point", "coordinates": [ 648232.289637344307266, 606534.950283144949935 ] } },
{ "type": "Feature", "properties": { "Agglomeration_ID": 183, "Agglomeration_Name": "Adiake", "ISO3": "CIV", "Population_1950": 0, "Population_1960": 0, "Population_1970": 0, "Population_1980": 0, "Population_1990": 10229, "Population_2000": 14881, "Population_2010": 17652, "Population_2015": 19583, "Population_2020": 22625, "Population_2025": 23563.709388031799, "Population_2030": 24288.8900902731, "Population_2035": 24742.854770214501, "Population_2040": 24920.816864439399, "Population_2045": 24920.816864439399, "Population_2050": 24920.816864439399 }, "geometry": { "type": "Point", "coordinates": [ 687981.630483295302838, 584012.809145050123334 ] } },
{ "type": "Feature", "properties": { "Agglomeration_ID": 3256, "Agglomeration_Name": "Flakiedougou", "ISO3": "CIV", "Population_1950": 0, "Population_1960": 0, "Population_1970": 0, "Population_1980": 0, "Population_1990": 0, "Population_2000": 14450, "Population_2010": 12516, "Population_2015": 12538, "Population_2020": 18025, "Population_2025": 23163.706113886801, "Population_2030": 28948.946958216799, "Population_2035": 35290.078476319002, "Population_2040": 42160.977906327797, "Population_2045": 49443.366299219597, "Population_2050": 57098.917505372803 }, "geometry": { "type": "Point", "coordinates": [ 705799.482452741009183, 937308.7074679301586 ] } },
{ "type": "Feature", "properties": { "Agglomeration_ID": 3638, "Agglomeration_Name": "Guessabo", "ISO3": "CIV", "Population_1950": 0, "Population_1960": 0, "Population_1970": 0, "Population_1980": 0, "Population_1990": 0, "Population_2000": 0, "Population_2010": 13294, "Population_2015": 14226, "Population_2020": 22050, "Population_2025": 23151.8687980744, "Population_2030": 24080.418545345099, "Population_2035": 24777.524740734101, "Population_2040": 25237.572262101101, "Population_2045": 25439.260050980101, "Population_2050": 25439.260050980101 }, "geometry": { "type": "Point", "coordinates": [ 284052.045985312957782, 744655.376940528629348 ] } },
{ "type": "Feature", "properties": { "Agglomeration_ID": 4167, "Agglomeration_Name": "Jacqueville", "ISO3": "CIV", "Population_1950": 0, "Population_1960": 0, "Population_1970": 0, "Population_1980": 0, "Population_1990": 0, "Population_2000": 13008, "Population_2010": 18355, "Population_2015": 11403, "Population_2020": 18700, "Population_2025": 23014.738944743702, "Population_2030": 27811.184573041901, "Population_2035": 33005.642245439703, "Population_2040": 38576.175167334302, "Population_2045": 44424.266019680603, "Population_2050": 50521.024318372503 }, "geometry": { "type": "Point", "coordinates": [ 563519.194306079531088, 575148.018753572134301 ] } },
{ "type": "Feature", "properties": { "Agglomeration_ID": 9146, "Agglomeration_Name": "Zeaglo", "ISO3": "CIV", "Population_1950": 0, "Population_1960": 0, "Population_1970": 0, "Population_1980": 0, "Population_1990": 0, "Population_2000": 18159, "Population_2010": 13183, "Population_2015": 12584, "Population_2020": 17888, "Population_2025": 22851.0526625124, "Population_2030": 28430.320599159299, "Population_2035": 34537.238831967297, "Population_2040": 41146.577176471503, "Population_2045": 48144.206743155301, "Population_2050": 55493.553647110799 }, "geometry": { "type": "Point", "coordinates": [ 186315.718376647564583, 724891.789801298058592 ] } },
{ "type": "Feature", "properties": { "Agglomeration_ID": 2944, "Agglomeration_Name": "Ebilassokro", "ISO3": "CIV", "Population_1950": 0, "Population_1960": 0, "Population_1970": 0, "Population_1980": 0, "Population_1990": 0, "Population_2000": 13497, "Population_2010": 15748, "Population_2015": 14691, "Population_2020": 18888, "Population_2025": 22696.927875918402, "Population_2030": 26890.2621151395, "Population_2035": 31389.055721088502, "Population_2040": 36173.941721822499, "Population_2045": 41158.483376190401, "Population_2050": 46319.373593476703 }, "geometry": { "type": "Point", "coordinates": [ 682321.65847020118963, 705783.571948182187043 ] } },
{ "type": "Feature", "properties": { "Agglomeration_ID": 9042, "Agglomeration_Name": "Yakasse-Attobrou", "ISO3": "CIV", "Population_1950": 0, "Population_1960": 0, "Population_1970": 0, "Population_1980": 0, "Population_1990": 0, "Population_2000": 0, "Population_2010": 10817, "Population_2015": 14626, "Population_2020": 18814, "Population_2025": 22615.744735133499, "Population_2030": 26801.8292740334, "Population_2035": 31293.537155747199, "Population_2040": 0.0, "Population_2045": 0.0, "Population_2050": 0.0 }, "geometry": { "type": "Point", "coordinates": [ 649010.525686678593047, 683216.914311968372203 ] } },
{ "type": "Feature", "properties": { "Agglomeration_ID": 9119, "Agglomeration_Name": "Zaliohouan", "ISO3": "CIV", "Population_1950": 0, "Population_1960": 0, "Population_1970": 0, "Population_1980": 0, "Population_1990": 10072, "Population_2000": 14036, "Population_2010": 22011, "Population_2015": 21445, "Population_2020": 22571, "Population_2025": 22571.0, "Population_2030": 22571.0, "Population_2035": 22571.0, "Population_2040": 22571.0, "Population_2045": 22571.0, "Population_2050": 22571.0 }, "geometry": { "type": "Point", "coordinates": [ 363233.431593810790218, 750814.489122963044792 ] } },
{ "type": "Feature", "properties": { "Agglomeration_ID": 10647, "Agglomeration_Name": "Ellibou", "ISO3": "CIV", "Population_1950": 0, "Population_1960": 0, "Population_1970": 0, "Population_1980": 0, "Population_1990": 0, "Population_2000": 0, "Population_2010": 0, "Population_2015": 0, "Population_2020": 18134, "Population_2025": 22567.863711582399, "Population_2030": 27515.299393011301, "Population_2035": 0.0, "Population_2040": 0.0, "Population_2045": 0.0, "Population_2050": 0.0 }, "geometry": { "type": "Point", "coordinates": [ 553087.582951393793337, 627356.693345506908372 ] } },
{ "type": "Feature", "properties": { "Agglomeration_ID": 9187, "Agglomeration_Name": "Zoukougbeu", "ISO3": "CIV", "Population_1950": 0, "Population_1960": 0, "Population_1970": 0, "Population_1980": 0, "Population_1990": 0, "Population_2000": 17299, "Population_2010": 16523, "Population_2015": 16767, "Population_2020": 19942, "Population_2025": 22561.996049081801, "Population_2030": 25327.189486547399, "Population_2035": 28168.4906426337, "Population_2040": 31072.5725674696, "Population_2045": 33981.531154801, "Population_2050": 36885.748221333197 }, "geometry": { "type": "Point", "coordinates": [ 294297.956168344127946, 747565.192659498425201 ] } },
{ "type": "Feature", "properties": { "Agglomeration_ID": 3602, "Agglomeration_Name": "Grabo", "ISO3": "CIV", "Population_1950": 0, "Population_1960": 0, "Population_1970": 0, "Population_1980": 0, "Population_1990": 0, "Population_2000": 0, "Population_2010": 0, "Population_2015": 15538, "Population_2020": 19201, "Population_2025": 22413.3263996799, "Population_2030": 25893.728525643299, "Population_2035": 29568.6650581139, "Population_2040": 33421.800048413097, "Population_2045": 37380.966111458401, "Population_2050": 41429.525956251899 }, "geometry": { "type": "Point", "coordinates": [ 223004.629368582449388, 544385.940186465973966 ] } },
{ "type": "Feature", "properties": { "Agglomeration_ID": 288, "Agglomeration_Name": "Ahigbe-Koffikro", "ISO3": "CIV", "Population_1950": 0, "Population_1960": 0, "Population_1970": 0, "Population_1980": 0, "Population_1990": 0, "Population_2000": 0, "Population_2010": 12290, "Population_2015": 15342, "Population_2020": 21607, "Population_2025": 21607.0, "Population_2030": 21607.0, "Population_2035": 21607.0, "Population_2040": 21607.0, "Population_2045": 21607.0, "Population_2050": 21607.0 }, "geometry": { "type": "Point", "coordinates": [ 678765.904142928891815, 596975.165238175541162 ] } },
{ "type": "Feature", "properties": { "Agglomeration_ID": 2519, "Agglomeration_Name": "Dabakala", "ISO3": "CIV", "Population_1950": 0, "Population_1960": 0, "Population_1970": 0, "Population_1980": 0, "Population_1990": 0, "Population_2000": 10257, "Population_2010": 13642, "Population_2015": 14526, "Population_2020": 18265, "Population_2025": 21601.8689434915, "Population_2030": 25246.033674504499, "Population_2035": 29124.6767290838, "Population_2040": 33220.830080203603, "Population_2045": 37459.153137368703, "Population_2050": 41820.812757711603 }, "geometry": { "type": "Point", "coordinates": [ 561167.905790586490184, 923620.957098915358074 ] } },
{ "type": "Feature", "properties": { "Agglomeration_ID": 3438, "Agglomeration_Name": "Gbapleu", "ISO3": "CIV", "Population_1950": 0, "Population_1960": 0, "Population_1970": 0, "Population_1980": 0, "Population_1990": 0, "Population_2000": 13533, "Population_2010": 21925, "Population_2015": 22834, "Population_2020": 21507, "Population_2025": 21507.0, "Population_2030": 21507.0, "Population_2035": 21507.0, "Population_2040": 21507.0, "Population_2045": 21507.0, "Population_2050": 21507.0 }, "geometry": { "type": "Point", "coordinates": [ 261240.060037658258807, 716301.218248105375096 ] } },
{ "type": "Feature", "properties": { "Agglomeration_ID": 2078, "Agglomeration_Name": "Botro", "ISO3": "CIV", "Population_1950": 0, "Population_1960": 0, "Population_1970": 0, "Population_1980": 0, "Population_1990": 0, "Population_2000": 0, "Population_2010": 13346, "Population_2015": 10283, "Population_2020": 16511, "Population_2025": 21498.795774967501, "Population_2030": 27131.0303796874, "Population_2035": 33321.816561723797, "Population_2040": 40045.7994602822, "Population_2045": 47187.953783349301, "Population_2050": 54710.170210092998 }, "geometry": { "type": "Point", "coordinates": [ 465951.904356657643802, 866523.187201502849348 ] } },
{ "type": "Feature", "properties": { "Agglomeration_ID": 6997, "Agglomeration_Name": "Ogoudou", "ISO3": "CIV", "Population_1950": 0, "Population_1960": 0, "Population_1970": 0, "Population_1980": 0, "Population_1990": 0, "Population_2000": 0, "Population_2010": 12596, "Population_2015": 15188, "Population_2020": 18482, "Population_2025": 21313.080086534799, "Population_2030": 24353.662293898898, "Population_2035": 27535.6148781595, "Population_2040": 30844.5395001834, "Population_2045": 34217.1820947944, "Population_2050": 37640.319438271603 }, "geometry": { "type": "Point", "coordinates": [ 482654.617641878256109, 651223.664487791131251 ] } },
{ "type": "Feature", "properties": { "Agglomeration_ID": 8412, "Agglomeration_Name": "Tchefrodouo", "ISO3": "CIV", "Population_1950": 0, "Population_1960": 0, "Population_1970": 0, "Population_1980": 0, "Population_1990": 0, "Population_2000": 0, "Population_2010": 10560, "Population_2015": 10344, "Population_2020": 15989, "Population_2025": 21266.419218963001, "Population_2030": 27251.098638206899, "Population_2035": 33855.314067729603, "Population_2040": 41052.2394995453, "Population_2045": 48719.839867266397, "Population_2050": 56816.426447888101 }, "geometry": { "type": "Point", "coordinates": [ 706852.872415802674368, 945554.378948264638893 ] } },
{ "type": "Feature", "properties": { "Agglomeration_ID": 6737, "Agglomeration_Name": "Niable", "ISO3": "CIV", "Population_1950": 0, "Population_1960": 0, "Population_1970": 0, "Population_1980": 0, "Population_1990": 11532, "Population_2000": 13088, "Population_2010": 15480, "Population_2015": 16190, "Population_2020": 18981, "Population_2025": 21205.121418282899, "Population_2030": 23517.297278206101, "Population_2035": 25854.5112065793, "Population_2040": 28205.448370633701, "Population_2045": 30521.412104641298, "Population_2050": 32796.131414177602 }, "geometry": { "type": "Point", "coordinates": [ 691206.033267395570874, 735972.764478255412541 ] } },
{ "type": "Feature", "properties": { "Agglomeration_ID": 1877, "Agglomeration_Name": "Bieby", "ISO3": "CIV", "Population_1950": 0, "Population_1960": 0, "Population_1970": 0, "Population_1980": 0, "Population_1990": 0, "Population_2000": 0, "Population_2010": 13658, "Population_2015": 17107, "Population_2020": 19414, "Population_2025": 21035.815663949499, "Population_2030": 22626.235671547998, "Population_2035": 24127.452081353498, "Population_2040": 25531.209975938302, "Population_2045": 26803.244608323399, "Population_2050": 27944.126538591499 }, "geometry": { "type": "Point", "coordinates": [ 650644.434354813420214, 671707.705303777358495 ] } },
{ "type": "Feature", "properties": { "Agglomeration_ID": 7299, "Agglomeration_Name": "Pelezi", "ISO3": "CIV", "Population_1950": 0, "Population_1960": 0, "Population_1970": 0, "Population_1980": 0, "Population_1990": 0, "Population_2000": 14037, "Population_2010": 14274, "Population_2015": 14491, "Population_2020": 17956, "Population_2025": 21003.2741510462, "Population_2030": 24309.283354458599, "Population_2035": 27804.814724959298, "Population_2040": 31474.371865019901, "Population_2045": 35249.437703399599, "Population_2050": 39113.991285325101 }, "geometry": { "type": "Point", "coordinates": [ 299956.924237189465202, 805056.281938874628395 ] } },
{ "type": "Feature", "properties": { "Agglomeration_ID": 5359, "Agglomeration_Name": "Luenoufla", "ISO3": "CIV", "Population_1950": 0, "Population_1960": 0, "Population_1970": 0, "Population_1980": 0, "Population_1990": 11528, "Population_2000": 14655, "Population_2010": 21606, "Population_2015": 20187, "Population_2020": 20727, "Population_2025": 20727.0, "Population_2030": 20727.0, "Population_2035": 20727.0, "Population_2040": 20727.0, "Population_2045": 20727.0, "Population_2050": 20727.0 }, "geometry": { "type": "Point", "coordinates": [ 362478.446228095563129, 781266.574180674972013 ] } },
{ "type": "Feature", "properties": { "Agglomeration_ID": 11001, "Agglomeration_Name": "Complexe Sucrier", "ISO3": "CIV", "Population_1950": 0, "Population_1960": 0, "Population_1970": 0, "Population_1980": 0, "Population_1990": 0, "Population_2000": 0, "Population_2010": 0, "Population_2015": 0, "Population_2020": 14705, "Population_2025": 20633.697101793299, "Population_2030": 27412.811173389298, "Population_2035": 34950.721688891703, "Population_2040": 43217.294546520003, "Population_2045": 52074.707156788798, "Population_2050": 61473.120096562401 }, "geometry": { "type": "Point", "coordinates": [ 373593.842617863498162, 840145.380161356646568 ] } },
{ "type": "Feature", "properties": { "Agglomeration_ID": 11071, "Agglomeration_Name": "Attinguie", "ISO3": "CIV", "Population_1950": 0, "Population_1960": 0, "Population_1970": 0, "Population_1980": 0, "Population_1990": 0, "Population_2000": 0, "Population_2010": 0, "Population_2015": 0, "Population_2020": 14229, "Population_2025": 20307.677118823602, "Population_2030": 0.0, "Population_2035": 0.0, "Population_2040": 0.0, "Population_2045": 0.0, "Population_2050": 0.0 }, "geometry": { "type": "Point", "coordinates": [ 590494.232283621095121, 603646.502408077125438 ] } },
{ "type": "Feature", "properties": { "Agglomeration_ID": 1754, "Agglomeration_Name": "Bediala", "ISO3": "CIV", "Population_1950": 0, "Population_1960": 0, "Population_1970": 0, "Population_1980": 0, "Population_1990": 0, "Population_2000": 0, "Population_2010": 11831, "Population_2015": 17774, "Population_2020": 20261, "Population_2025": 20261.0, "Population_2030": 20261.0, "Population_2035": 20261.0, "Population_2040": 20261.0, "Population_2045": 20261.0, "Population_2050": 20261.0 }, "geometry": { "type": "Point", "coordinates": [ 356367.620150590897538, 791956.408050916041248 ] } },
{ "type": "Feature", "properties": { "Agglomeration_ID": 3446, "Agglomeration_Name": "Gbolouville", "ISO3": "CIV", "Population_1950": 0, "Population_1960": 0, "Population_1970": 0, "Population_1980": 0, "Population_1990": 0, "Population_2000": 0, "Population_2010": 10500, "Population_2015": 12940, "Population_2020": 16745, "Population_2025": 20211.7603755005, "Population_2030": 24036.049603778501, "Population_2035": 28146.962087472999, "Population_2040": 32526.8709854136, "Population_2045": 37097.004780212003, "Population_2050": 41835.738310239103 }, "geometry": { "type": "Point", "coordinates": [ 537479.495061546331272, 640172.87599282595329 ] } },
{ "type": "Feature", "properties": { "Agglomeration_ID": 7226, "Agglomeration_Name": "Oupoyo", "ISO3": "CIV", "Population_1950": 0, "Population_1960": 0, "Population_1970": 0, "Population_1980": 0, "Population_1990": 0, "Population_2000": 0, "Population_2010": 15145, "Population_2015": 18895, "Population_2020": 20082, "Population_2025": 20082.0, "Population_2030": 20082.0, "Population_2035": 20082.0, "Population_2040": 20082.0, "Population_2045": 20082.0, "Population_2050": 20082.0 }, "geometry": { "type": "Point", "coordinates": [ 323583.021448797429912, 616257.82905373419635 ] } },
{ "type": "Feature", "properties": { "Agglomeration_ID": 9043, "Agglomeration_Name": "Yakasse-Me", "ISO3": "CIV", "Population_1950": 0, "Population_1960": 0, "Population_1970": 0, "Population_1980": 0, "Population_1990": 0, "Population_2000": 0, "Population_2010": 14416, "Population_2015": 10095, "Population_2020": 15250, "Population_2025": 20076.627070858602, "Population_2030": 25539.3490645028, "Population_2035": 31556.601680018, "Population_2040": 38103.849888029901, "Population_2045": 45069.622706758797, "Population_2050": 52416.370849245002 }, "geometry": { "type": "Point", "coordinates": [ 615838.466456020018086, 642022.998617233010009 ] } },
{ "type": "Feature", "properties": { "Agglomeration_ID": 38302, "Agglomeration_Name": "Kotobi", "ISO3": "CIV", "Population_1950": 0, "Population_1960": 0, "Population_1970": 0, "Population_1980": 0, "Population_1990": 0, "Population_2000": 0, "Population_2010": 0, "Population_2015": 0, "Population_2020": 0, "Population_2025": 19757.295709563401, "Population_2030": 23448.054169421601, "Population_2035": 27411.2821724241, "Population_2040": 31629.9499557528, "Population_2045": 36028.006472265901, "Population_2050": 40584.771893293801 }, "geometry": { "type": "Point", "coordinates": [ 596284.830002016271465, 739636.774656117311679 ] } },
{ "type": "Feature", "properties": { "Agglomeration_ID": 3654, "Agglomeration_Name": "Guinglo-Tahouake", "ISO3": "CIV", "Population_1950": 0, "Population_1960": 0, "Population_1970": 0, "Population_1980": 0, "Population_1990": 0, "Population_2000": 0, "Population_2010": 11688, "Population_2015": 14154, "Population_2020": 17140, "Population_2025": 19687.487985998399, "Population_2030": 22414.754287638902, "Population_2035": 25259.408333518699, "Population_2040": 28208.493695558998, "Population_2045": 31205.206277864901, "Population_2050": 34238.117515101803 }, "geometry": { "type": "Point", "coordinates": [ 260890.801698249124456, 777995.181243044324219 ] } },
{ "type": "Feature", "properties": { "Agglomeration_ID": 6929, "Agglomeration_Name": "N'Zianouan", "ISO3": "CIV", "Population_1950": 0, "Population_1960": 0, "Population_1970": 0, "Population_1980": 0, "Population_1990": 0, "Population_2000": 0, "Population_2010": 17740, "Population_2015": 12952, "Population_2020": 16486, "Population_2025": 19670.662909841099, "Population_2030": 23164.8306375826, "Population_2035": 26901.019490894902, "Population_2040": 30863.036127317901, "Population_2045": 34978.765273673802, "Population_2050": 39229.359912563901 }, "geometry": { "type": "Point", "coordinates": [ 519170.364593408768997, 664354.752875756472349 ] } },
{ "type": "Feature", "properties": { "Agglomeration_ID": 3331, "Agglomeration_Name": "Galebre", "ISO3": "CIV", "Population_1950": 0, "Population_1960": 0, "Population_1970": 0, "Population_1980": 0, "Population_1990": 0, "Population_2000": 0, "Population_2010": 13766, "Population_2015": 16843, "Population_2020": 18581, "Population_2025": 19554.049662802001, "Population_2030": 20389.3299471395, "Population_2035": 21037.407551247099, "Population_2040": 21493.3244884735, "Population_2045": 21738.0709968462, "Population_2050": 21778.3877482104 }, "geometry": { "type": "Point", "coordinates": [ 357188.34190915786894, 663688.871979333576746 ] } },
{ "type": "Feature", "properties": { "Agglomeration_ID": 2862, "Agglomeration_Name": "Doropo", "ISO3": "CIV", "Population_1950": 0, "Population_1960": 0, "Population_1970": 0, "Population_1980": 0, "Population_1990": 0, "Population_2000": 0, "Population_2010": 12175, "Population_2015": 14787, "Population_2020": 17412, "Population_2025": 19529.044205829701, "Population_2030": 21741.142923813601, "Population_2035": 23989.707509130902, "Population_2040": 26263.968360839601, "Population_2045": 28517.426934322299, "Population_2050": 30743.509489498399 }, "geometry": { "type": "Point", "coordinates": [ 681001.539792401832528, 1085076.08639675215818 ] } },
{ "type": "Feature", "properties": { "Agglomeration_ID": 2549, "Agglomeration_Name": "Dakpadou", "ISO3": "CIV", "Population_1950": 0, "Population_1960": 0, "Population_1970": 0, "Population_1980": 0, "Population_1990": 0, "Population_2000": 0, "Population_2010": 0, "Population_2015": 11754, "Population_2020": 15725, "Population_2025": 19396.625075369, "Population_2030": 23481.379071552801, "Population_2035": 27908.441521325702, "Population_2040": 32659.145461503202, "Population_2045": 37649.615697364301, "Population_2050": 42855.094609879103 }, "geometry": { "type": "Point", "coordinates": [ 381797.451076855300926, 578401.017067887121812 ] } },
{ "type": "Feature", "properties": { "Agglomeration_ID": 47, "Agglomeration_Name": "Aboisso-Comoe", "ISO3": "CIV", "Population_1950": 0, "Population_1960": 0, "Population_1970": 0, "Population_1980": 0, "Population_1990": 11197, "Population_2000": 15645, "Population_2010": 15663, "Population_2015": 16378, "Population_2020": 18203, "Population_2025": 19308.098546077799, "Population_2030": 20306.471716205098, "Population_2035": 21148.1465411762, "Population_2040": 21827.4943955827, "Population_2045": 22322.278265549401, "Population_2050": 22637.477650383102 }, "geometry": { "type": "Point", "coordinates": [ 676686.740698758745566, 633631.656901171663776 ] } },
{ "type": "Feature", "properties": { "Agglomeration_ID": 3543, "Agglomeration_Name": "Gnato", "ISO3": "CIV", "Population_1950": 0, "Population_1960": 0, "Population_1970": 0, "Population_1980": 0, "Population_1990": 0, "Population_2000": 0, "Population_2010": 29766, "Population_2015": 13158, "Population_2020": 16260, "Population_2025": 18979.749453970599, "Population_2030": 21926.411833225699, "Population_2035": 25037.7156509372, "Population_2040": 28299.8299042996, "Population_2045": 31651.654059635399, "Population_2050": 35079.105003741402 }, "geometry": { "type": "Point", "coordinates": [ 226785.804826315608807, 557620.884970939951017 ] } },
{ "type": "Feature", "properties": { "Agglomeration_ID": 3641, "Agglomeration_Name": "Guezon", "ISO3": "CIV", "Population_1950": 0, "Population_1960": 0, "Population_1970": 0, "Population_1980": 0, "Population_1990": 0, "Population_2000": 10404, "Population_2010": 13503, "Population_2015": 15902, "Population_2020": 17724, "Population_2025": 18856.667399199701, "Population_2030": 19895.953883429102, "Population_2035": 20792.624978030301, "Population_2040": 21540.912345514698, "Population_2045": 22117.8158504288, "Population_2050": 22527.578073637698 }, "geometry": { "type": "Point", "coordinates": [ 265993.529697261401452, 744848.296154281357303 ] } },
{ "type": "Feature", "properties": { "Agglomeration_ID": 7679, "Agglomeration_Name": "Sakassou", "ISO3": "CIV", "Population_1950": 0, "Population_1960": 0, "Population_1970": 0, "Population_1980": 0, "Population_1990": 0, "Population_2000": 12604, "Population_2010": 12882, "Population_2015": 13551, "Population_2020": 17157, "Population_2025": 18836.664192022199, "Population_2030": 20534.409398441501, "Population_2035": 22196.640670586301, "Population_2040": 23814.8108750008, "Population_2045": 25352.7744186938, "Population_2050": 26808.400219020601 }, "geometry": { "type": "Point", "coordinates": [ 468197.093686148698907, 822322.458582309540361 ] } },
{ "type": "Feature", "properties": { "Agglomeration_ID": 5463, "Agglomeration_Name": "Mafere", "ISO3": "CIV", "Population_1950": 0, "Population_1960": 0, "Population_1970": 0, "Population_1980": 0, "Population_1990": 0, "Population_2000": 0, "Population_2010": 14204, "Population_2015": 13484, "Population_2020": 16350, "Population_2025": 18799.5591849595, "Population_2030": 21424.2349822381, "Population_2035": 24164.3141420422, "Population_2040": 27007.338397559299, "Population_2045": 29898.657997454298, "Population_2050": 32827.162702295303 }, "geometry": { "type": "Point", "coordinates": [ 718363.357539659249596, 598733.916592347086407 ] } },
{ "type": "Feature", "properties": { "Agglomeration_ID": 11110, "Agglomeration_Name": "Ayame", "ISO3": "CIV", "Population_1950": 0, "Population_1960": 0, "Population_1970": 0, "Population_1980": 0, "Population_1990": 0, "Population_2000": 0, "Population_2010": 0, "Population_2015": 0, "Population_2020": 13992, "Population_2025": 18797.7807057137, "Population_2030": 24257.359375033899, "Population_2035": 30292.060224253, "Population_2040": 36877.455092361102, "Population_2045": 43902.288225190903, "Population_2050": 51328.0723232112 }, "geometry": { "type": "Point", "coordinates": [ 704001.428086470346898, 619398.995513773406856 ] } },
{ "type": "Feature", "properties": { "Agglomeration_ID": 1865, "Agglomeration_Name": "Bianouan", "ISO3": "CIV", "Population_1950": 0, "Population_1960": 0, "Population_1970": 0, "Population_1980": 0, "Population_1990": 0, "Population_2000": 11445, "Population_2010": 12744, "Population_2015": 13922, "Population_2020": 17305, "Population_2025": 18637.362515739798, "Population_2030": 19920.672904459399, "Population_2035": 21104.555818993202, "Population_2040": 22182.2286117648, "Population_2045": 23125.844720232599, "Population_2050": 23937.124205844801 }, "geometry": { "type": "Point", "coordinates": [ 700205.6571931745857, 663777.921660510706715 ] } },
{ "type": "Feature", "properties": { "Agglomeration_ID": 3656, "Agglomeration_Name": "Guitry", "ISO3": "CIV", "Population_1950": 0, "Population_1960": 0, "Population_1970": 0, "Population_1980": 0, "Population_1990": 0, "Population_2000": 0, "Population_2010": 11467, "Population_2015": 11762, "Population_2020": 15321, "Population_2025": 18574.704954753601, "Population_2030": 22170.740664186502, "Population_2035": 26043.399309025299, "Population_2040": 30176.137632794202, "Population_2045": 34494.936962068503, "Population_2050": 38979.136694207104 }, "geometry": { "type": "Point", "coordinates": [ 473330.018550392473117, 609917.854511194978841 ] } },
{ "type": "Feature", "properties": { "Agglomeration_ID": 10992, "Agglomeration_Name": "Tieningboue", "ISO3": "CIV", "Population_1950": 0, "Population_1960": 0, "Population_1970": 0, "Population_1980": 0, "Population_1990": 0, "Population_2000": 0, "Population_2010": 0, "Population_2015": 0, "Population_2020": 14733, "Population_2025": 18539.315568276201, "Population_2030": 22800.828171879399, "Population_2035": 27447.457063010999, "Population_2040": 32459.851681952801, "Population_2045": 37750.709595998102, "Population_2050": 43292.917116139899 }, "geometry": { "type": "Point", "coordinates": [ 420827.968735458911397, 904276.491338594350964 ] } },
{ "type": "Feature", "properties": { "Agglomeration_ID": 11081, "Agglomeration_Name": "Zaranou", "ISO3": "CIV", "Population_1950": 0, "Population_1960": 0, "Population_1970": 0, "Population_1980": 0, "Population_1990": 0, "Population_2000": 0, "Population_2010": 0, "Population_2015": 0, "Population_2020": 14178, "Population_2025": 18462.266133269201, "Population_2030": 23300.143539816101, "Population_2035": 28617.868147364301, "Population_2040": 34393.661406672698, "Population_2045": 40528.721447280499, "Population_2050": 46990.310473842401 }, "geometry": { "type": "Point", "coordinates": [ 681715.692090582102537, 710636.503106367308646 ] } },
{ "type": "Feature", "properties": { "Agglomeration_ID": 2529, "Agglomeration_Name": "Dagadji", "ISO3": "CIV", "Population_1950": 0, "Population_1960": 0, "Population_1970": 0, "Population_1980": 0, "Population_1990": 0, "Population_2000": 19994, "Population_2010": 22606, "Population_2015": 21924, "Population_2020": 18435, "Population_2025": 18435.0, "Population_2030": 18435.0, "Population_2035": 18435.0, "Population_2040": 18435.0, "Population_2045": 18435.0, "Population_2050": 18435.0 }, "geometry": { "type": "Point", "coordinates": [ 299041.864882534893695, 566367.484748342307284 ] } },
{ "type": "Feature", "properties": { "Agglomeration_ID": 3308, "Agglomeration_Name": "Gabiadji", "ISO3": "CIV", "Population_1950": 0, "Population_1960": 0, "Population_1970": 0, "Population_1980": 0, "Population_1990": 0, "Population_2000": 18131, "Population_2010": 20946, "Population_2015": 17932, "Population_2020": 18304, "Population_2025": 18304.0, "Population_2030": 18304.0, "Population_2035": 18304.0, "Population_2040": 18304.0, "Population_2045": 18304.0, "Population_2050": 18304.0 }, "geometry": { "type": "Point", "coordinates": [ 327484.710805917275138, 554837.782300322200172 ] } },
{ "type": "Feature", "properties": { "Agglomeration_ID": 3633, "Agglomeration_Name": "Guepahouo", "ISO3": "CIV", "Population_1950": 0, "Population_1960": 0, "Population_1970": 0, "Population_1980": 0, "Population_1990": 0, "Population_2000": 12980, "Population_2010": 17546, "Population_2015": 20701, "Population_2020": 18263, "Population_2025": 18263.0, "Population_2030": 18263.0, "Population_2035": 18263.0, "Population_2040": 18263.0, "Population_2045": 18263.0, "Population_2050": 18263.0 }, "geometry": { "type": "Point", "coordinates": [ 421706.965073479281273, 714932.674457307322882 ] } },
{ "type": "Feature", "properties": { "Agglomeration_ID": 1489, "Agglomeration_Name": "Bahe-Sebon", "ISO3": "CIV", "Population_1950": 0, "Population_1960": 0, "Population_1970": 0, "Population_1980": 0, "Population_1990": 0, "Population_2000": 0, "Population_2010": 0, "Population_2015": 12344, "Population_2020": 15468, "Population_2025": 18247.028877733301, "Population_2030": 21277.582286175901, "Population_2035": 24498.4704165447, "Population_2040": 27895.5616728842, "Population_2045": 31406.167773072601, "Population_2050": 35014.8406663102 }, "geometry": { "type": "Point", "coordinates": [ 235038.303187907848042, 768791.556168839801103 ] } },
{ "type": "Feature", "properties": { "Agglomeration_ID": 2069, "Agglomeration_Name": "Borotou-Koro", "ISO3": "CIV", "Population_1950": 0, "Population_1960": 0, "Population_1970": 0, "Population_1980": 0, "Population_1990": 10249, "Population_2000": 10678, "Population_2010": 12630, "Population_2015": 12125, "Population_2020": 15337, "Population_2025": 18217.575647545302, "Population_2030": 24611.602664368402, "Population_2035": 28485.543519865299, "Population_2040": 32585.263313318599, "Population_2045": 36835.752559170098, "Population_2050": 41217.831748580204 }, "geometry": { "type": "Point", "coordinates": [ 258710.566032295813784, 936755.946870403829962 ] } },
{ "type": "Feature", "properties": { "Agglomeration_ID": 3640, "Agglomeration_Name": "Gueyo", "ISO3": "CIV", "Population_1950": 0, "Population_1960": 0, "Population_1970": 0, "Population_1980": 0, "Population_1990": 0, "Population_2000": 10215, "Population_2010": 12043, "Population_2015": 11955, "Population_2020": 15244, "Population_2025": 18212.421205346702, "Population_2030": 21471.434415957399, "Population_2035": 24958.398943542801, "Population_2040": 28658.221081944401, "Population_2045": 32503.654880324699, "Population_2050": 36477.0199220375 }, "geometry": { "type": "Point", "coordinates": [ 380869.080698291771114, 628251.95818822493311 ] } },
{ "type": "Feature", "properties": { "Agglomeration_ID": 11384, "Agglomeration_Name": "Doke", "ISO3": "CIV", "Population_1950": 0, "Population_1960": 0, "Population_1970": 0, "Population_1980": 0, "Population_1990": 0, "Population_2000": 0, "Population_2010": 0, "Population_2015": 0, "Population_2020": 12669, "Population_2025": 18148.096995429802, "Population_2030": 27727.764555626101, "Population_2035": 35672.714140373202, "Population_2040": 65615.597194336297, "Population_2045": 0.0, "Population_2050": 0.0 }, "geometry": { "type": "Point", "coordinates": [ 155853.181576544884592, 729517.467335793771781 ] } },
{ "type": "Feature", "properties": { "Agglomeration_ID": 5033, "Agglomeration_Name": "Kouto", "ISO3": "CIV", "Population_1950": 0, "Population_1960": 0, "Population_1970": 0, "Population_1980": 0, "Population_1990": 0, "Population_2000": 0, "Population_2010": 11021, "Population_2015": 11293, "Population_2020": 14852, "Population_2025": 18120.857667997199, "Population_2030": 21742.9097422583, "Population_2035": 25653.291981594499, "Population_2040": 29835.3844947949, "Population_2045": 34214.703231274703, "Population_2050": 38769.992695284804 }, "geometry": { "type": "Point", "coordinates": [ 345436.492316381540149, 1093266.824893017997965 ] } },
{ "type": "Feature", "properties": { "Agglomeration_ID": 3570, "Agglomeration_Name": "Gomon I", "ISO3": "CIV", "Population_1950": 0, "Population_1960": 0, "Population_1970": 0, "Population_1980": 0, "Population_1990": 0, "Population_2000": 0, "Population_2010": 11259, "Population_2015": 10116, "Population_2020": 14238, "Population_2025": 18091.6124669337, "Population_2030": 22417.710099965399, "Population_2035": 27146.783914346801, "Population_2040": 32259.243414561399, "Population_2045": 37666.549934458002, "Population_2050": 43340.627099658799 }, "geometry": { "type": "Point", "coordinates": [ 561951.335932650486939, 632185.897124369279481 ] } },
{ "type": "Feature", "properties": { "Agglomeration_ID": 8966, "Agglomeration_Name": "Watte", "ISO3": "CIV", "Population_1950": 0, "Population_1960": 0, "Population_1970": 0, "Population_1980": 0, "Population_1990": 0, "Population_2000": 0, "Population_2010": 0, "Population_2015": 21344, "Population_2020": 17947, "Population_2025": 17947.0, "Population_2030": 17947.0, "Population_2035": 17947.0, "Population_2040": 17947.0, "Population_2045": 17947.0, "Population_2050": 17947.0 }, "geometry": { "type": "Point", "coordinates": [ 302915.238735997583717, 545337.849497941671871 ] } },
{ "type": "Feature", "properties": { "Agglomeration_ID": 11142, "Agglomeration_Name": "Offa", "ISO3": "CIV", "Population_1950": 0, "Population_1960": 0, "Population_1970": 0, "Population_1980": 0, "Population_1990": 0, "Population_2000": 0, "Population_2010": 0, "Population_2015": 0, "Population_2020": 13823, "Population_2025": 17698.2916208321, "Population_2030": 22057.219567887201, "Population_2035": 26830.937131600102, "Population_2040": 31999.743980864801, "Population_2045": 37474.492798227897, "Population_2050": 43226.492347927902 }, "geometry": { "type": "Point", "coordinates": [ 533750.819609726662748, 650262.716241166112013 ] } },
{ "type": "Feature", "properties": { "Agglomeration_ID": 2742, "Agglomeration_Name": "Dikodougou", "ISO3": "CIV", "Population_1950": 0, "Population_1960": 0, "Population_1970": 0, "Population_1980": 0, "Population_1990": 0, "Population_2000": 0, "Population_2010": 13221, "Population_2015": 14339, "Population_2020": 16296, "Population_2025": 17681.5845246797, "Population_2030": 19045.324420086799, "Population_2035": 20338.449325370799, "Population_2040": 21553.906940754601, "Population_2045": 22662.358666271499, "Population_2050": 23664.024149259101 }, "geometry": { "type": "Point", "coordinates": [ 415297.122084857313894, 1002009.054520268226042 ] } },
{ "type": "Feature", "properties": { "Agglomeration_ID": 4978, "Agglomeration_Name": "Konedougou", "ISO3": "CIV", "Population_1950": 0, "Population_1960": 0, "Population_1970": 0, "Population_1980": 0, "Population_1990": 0, "Population_2000": 0, "Population_2010": 0, "Population_2015": 10587, "Population_2020": 14224, "Population_2025": 17591.553265433002, "Population_2030": 21341.430195516001, "Population_2035": 25409.098185017901, "Population_2040": 29777.436356865001, "Population_2045": 34369.471407722303, "Population_2050": 39162.312680471201 }, "geometry": { "type": "Point", "coordinates": [ 315631.110333162476309, 666437.537688382784836 ] } },
{ "type": "Feature", "properties": { "Agglomeration_ID": 1199, "Agglomeration_Name": "Ananguie 1", "ISO3": "CIV", "Population_1950": 0, "Population_1960": 0, "Population_1970": 0, "Population_1980": 0, "Population_1990": 0, "Population_2000": 0, "Population_2010": 0, "Population_2015": 10290, "Population_2020": 13977, "Population_2025": 17401.9221414801, "Population_2030": 21224.0750641171, "Population_2035": 25378.867809741001, "Population_2040": 29848.8882036016, "Population_2045": 34555.742371703098, "Population_2050": 39475.698119458197 }, "geometry": { "type": "Point", "coordinates": [ 635902.818124099634588, 687350.746674966881983 ] } },
{ "type": "Feature", "properties": { "Agglomeration_ID": 11157, "Agglomeration_Name": "Sérédou", "ISO3": "CIV", "Population_1950": 0, "Population_1960": 0, "Population_1970": 0, "Population_1980": 0, "Population_1990": 0, "Population_2000": 0, "Population_2010": 0, "Population_2015": 0, "Population_2020": 13742, "Population_2025": 17350.201041263699, "Population_2030": 21393.752006334002, "Population_2035": 25806.6966757548, "Population_2040": 30570.691834469701, "Population_2045": 0.0, "Population_2050": 0.0 }, "geometry": { "type": "Point", "coordinates": [ 465899.075294006732292, 634651.998641042970121 ] } },
{ "type": "Feature", "properties": { "Agglomeration_ID": 11230, "Agglomeration_Name": "Kani", "ISO3": "CIV", "Population_1950": 0, "Population_1960": 0, "Population_1970": 0, "Population_1980": 0, "Population_1990": 0, "Population_2000": 0, "Population_2010": 0, "Population_2015": 0, "Population_2020": 13374, "Population_2025": 17327.101255551999, "Population_2030": 21786.012898848399, "Population_2035": 26682.0515932165, "Population_2040": 31995.122005483499, "Population_2045": 37634.1246364463, "Population_2050": 43569.1216687181 }, "geometry": { "type": "Point", "coordinates": [ 323228.266211248585023, 936786.008316661580466 ] } },
{ "type": "Feature", "properties": { "Agglomeration_ID": 8109, "Agglomeration_Name": "Sinematiali", "ISO3": "CIV", "Population_1950": 0, "Population_1960": 0, "Population_1970": 0, "Population_1980": 0, "Population_1990": 0, "Population_2000": 0, "Population_2010": 0, "Population_2015": 10445, "Population_2020": 13933, "Population_2025": 17155.045570953698, "Population_2030": 20737.343906936199, "Population_2035": 24617.462321214502, "Population_2040": 28779.019463538199, "Population_2045": 33148.440213467802, "Population_2050": 37704.121632721202 }, "geometry": { "type": "Point", "coordinates": [ 456742.742655953625217, 1058692.198524952633306 ] } },
{ "type": "Feature", "properties": { "Agglomeration_ID": 1201, "Agglomeration_Name": "Mignore", "ISO3": "CIV", "Population_1950": 0, "Population_1960": 0, "Population_1970": 0, "Population_1980": 0, "Population_1990": 0, "Population_2000": 11088, "Population_2010": 12827, "Population_2015": 14413, "Population_2020": 15997, "Population_2025": 17053.0179384246, "Population_2030": 18031.024654607299, "Population_2035": 18886.239882121401, "Population_2040": 19613.286034968602, "Population_2045": 20190.601617303601, "Population_2050": 20621.6552108951 }, "geometry": { "type": "Point", "coordinates": [ 302876.928650218411349, 827418.320557026192546 ] } },
{ "type": "Feature", "properties": { "Agglomeration_ID": 3554, "Agglomeration_Name": "Gohitafla", "ISO3": "CIV", "Population_1950": 0, "Population_1960": 0, "Population_1970": 0, "Population_1980": 0, "Population_1990": 0, "Population_2000": 10101, "Population_2010": 10370, "Population_2015": 12420, "Population_2020": 14879, "Population_2025": 16938.327669660099, "Population_2030": 19125.4273063453, "Population_2035": 21387.6865400385, "Population_2040": 23714.630934386099, "Population_2045": 26060.569979489701, "Population_2050": 28417.209603610499 }, "geometry": { "type": "Point", "coordinates": [ 403029.587821879889816, 827677.935228227986954 ] } },
{ "type": "Feature", "properties": { "Agglomeration_ID": 7227, "Agglomeration_Name": "Ouragahio", "ISO3": "CIV", "Population_1950": 0, "Population_1960": 0, "Population_1970": 0, "Population_1980": 0, "Population_1990": 0, "Population_2000": 0, "Population_2010": 12072, "Population_2015": 11565, "Population_2020": 14329, "Population_2025": 16759.836473537802, "Population_2030": 19396.976383732101, "Population_2035": 22185.196650018599, "Population_2040": 25112.135660424399, "Population_2045": 28123.137959138701, "Population_2050": 31205.428428400101 }, "geometry": { "type": "Point", "coordinates": [ 397332.477303502033465, 696695.172961671603844 ] } },
{ "type": "Feature", "properties": { "Agglomeration_ID": 8594, "Agglomeration_Name": "Touih", "ISO3": "CIV", "Population_1950": 0, "Population_1960": 0, "Population_1970": 0, "Population_1980": 0, "Population_1990": 0, "Population_2000": 22024, "Population_2010": 16870, "Population_2015": 16400, "Population_2020": 16740, "Population_2025": 16740.0, "Population_2030": 16740.0, "Population_2035": 16740.0, "Population_2040": 16740.0, "Population_2045": 16740.0, "Population_2050": 16740.0 }, "geometry": { "type": "Point", "coordinates": [ 329818.439418808498885, 580864.852211644640192 ] } },
{ "type": "Feature", "properties": { "Agglomeration_ID": 4962, "Agglomeration_Name": "Kolia", "ISO3": "CIV", "Population_1950": 0, "Population_1960": 0, "Population_1970": 0, "Population_1980": 0, "Population_1990": 0, "Population_2000": 0, "Population_2010": 11372, "Population_2015": 12460, "Population_2020": 14783, "Population_2025": 16690.650534343898, "Population_2030": 18699.509579959002, "Population_2035": 20758.7126134963, "Population_2040": 22858.55592427, "Population_2045": 24956.937567582299, "Population_2050": 27047.097135950698 }, "geometry": { "type": "Point", "coordinates": [ 339427.434743708698079, 1079248.358548340620473 ] } },
{ "type": "Feature", "properties": { "Agglomeration_ID": 11227, "Agglomeration_Name": "Bedy-Goazon", "ISO3": "CIV", "Population_1950": 0, "Population_1960": 0, "Population_1970": 0, "Population_1980": 0, "Population_1990": 0, "Population_2000": 0, "Population_2010": 0, "Population_2015": 0, "Population_2020": 13405, "Population_2025": 16666.335556345999, "Population_2030": 20304.2889059339, "Population_2035": 24257.150817662499, "Population_2040": 28508.340712572299, "Population_2045": 32983.230436598198, "Population_2050": 37659.309549068697 }, "geometry": { "type": "Point", "coordinates": [ 192719.328538025962189, 726009.531378566636704 ] } },
{ "type": "Feature", "properties": { "Agglomeration_ID": 4979, "Agglomeration_Name": "Kong", "ISO3": "CIV", "Population_1950": 0, "Population_1960": 0, "Population_1970": 0, "Population_1980": 0, "Population_1990": 0, "Population_2000": 0, "Population_2010": 0, "Population_2015": 12100, "Population_2020": 14549, "Population_2025": 16613.6810641968, "Population_2030": 18812.790719935201, "Population_2035": 21094.3641831643, "Population_2040": 23447.900066921098, "Population_2045": 25827.506754103601, "Population_2050": 28224.528367679199 }, "geometry": { "type": "Point", "coordinates": [ 542407.762924903188832, 1011161.984715881641023 ] } },
{ "type": "Feature", "properties": { "Agglomeration_ID": 53, "Agglomeration_Name": "Abongoua 1", "ISO3": "CIV", "Population_1950": 0, "Population_1960": 0, "Population_1970": 0, "Population_1980": 0, "Population_1990": 0, "Population_2000": 0, "Population_2010": 0, "Population_2015": 10696, "Population_2020": 13793, "Population_2025": 16608.136122641001, "Population_2030": 19710.245946434199, "Population_2035": 23041.335723949702, "Population_2040": 26587.091668283701, "Population_2045": 30283.5920746066, "Population_2050": 34113.456895103503 }, "geometry": { "type": "Point", "coordinates": [ 598609.059677813318558, 735486.724387443391606 ] } },
{ "type": "Feature", "properties": { "Agglomeration_ID": 8081, "Agglomeration_Name": "Sietinfla", "ISO3": "CIV", "Population_1950": 0, "Population_1960": 0, "Population_1970": 0, "Population_1980": 0, "Population_1990": 0, "Population_2000": 0, "Population_2010": 0, "Population_2015": 12556, "Population_2020": 14797, "Population_2025": 16607.218763843, "Population_2030": 18500.2846401483, "Population_2035": 20426.294878086999, "Population_2040": 22376.0407954068, "Population_2045": 24309.742506098999, "Population_2050": 26221.694602662399 }, "geometry": { "type": "Point", "coordinates": [ 418934.68951856950298, 754097.597308626514859 ] } },
{ "type": "Feature", "properties": { "Agglomeration_ID": 3380, "Agglomeration_Name": "Garango", "ISO3": "CIV", "Population_1950": 0, "Population_1960": 0, "Population_1970": 0, "Population_1980": 0, "Population_1990": 0, "Population_2000": 0, "Population_2010": 0, "Population_2015": 12551, "Population_2020": 14791, "Population_2025": 16600.2639733209, "Population_2030": 18492.300404973699, "Population_2035": 20417.229025831799, "Population_2040": 22365.846009350898, "Population_2045": 24298.392854208701, "Population_2050": 26209.168827609399 }, "geometry": { "type": "Point", "coordinates": [ 410891.768684254726395, 769698.557512649800628 ] } },
{ "type": "Feature", "properties": { "Agglomeration_ID": 11356, "Agglomeration_Name": "Bazra - Nattis", "ISO3": "CIV", "Population_1950": 0, "Population_1960": 0, "Population_1970": 0, "Population_1980": 0, "Population_1990": 0, "Population_2000": 0, "Population_2010": 0, "Population_2015": 0, "Population_2020": 12817, "Population_2025": 16424.278765381699, "Population_2030": 20482.603741515799, "Population_2035": 24927.996010347699, "Population_2040": 29742.117741697901, "Population_2045": 34841.975825585898, "Population_2050": 40200.817142497697 }, "geometry": { "type": "Point", "coordinates": [ 332219.811637741979212, 840801.700317167793401 ] } },
{ "type": "Feature", "properties": { "Agglomeration_ID": 11370, "Agglomeration_Name": "Laoudi-Ba", "ISO3": "CIV", "Population_1950": 0, "Population_1960": 0, "Population_1970": 0, "Population_1980": 0, "Population_1990": 0, "Population_2000": 0, "Population_2010": 0, "Population_2015": 0, "Population_2020": 12743, "Population_2025": 16375.4735179664, "Population_2030": 20464.9486190405, "Population_2035": 24947.347412943502, "Population_2040": 29804.2041139256, "Population_2045": 34951.909437200004, "Population_2050": 40363.372500610298 }, "geometry": { "type": "Point", "coordinates": [ 724462.712135614943691, 916153.230416828417219 ] } },
{ "type": "Feature", "properties": { "Agglomeration_ID": 9184, "Agglomeration_Name": "Zouan", "ISO3": "CIV", "Population_1950": 0, "Population_1960": 0, "Population_1970": 0, "Population_1980": 0, "Population_1990": 0, "Population_2000": 0, "Population_2010": 21911, "Population_2015": 10206, "Population_2020": 13413, "Population_2025": 16357.570437915099, "Population_2030": 19619.706607418098, "Population_2035": 23140.9059568905, "Population_2040": 26906.197346485002, "Population_2045": 30848.493601069302, "Population_2050": 34948.679618608403 }, "geometry": { "type": "Point", "coordinates": [ 212393.22653886815533, 723533.194959530723281 ] } },
{ "type": "Feature", "properties": { "Agglomeration_ID": 1747, "Agglomeration_Name": "Becedi-Brignan", "ISO3": "CIV", "Population_1950": 0, "Population_1960": 0, "Population_1970": 0, "Population_1980": 0, "Population_1990": 0, "Population_2000": 0, "Population_2010": 13284, "Population_2015": 16081, "Population_2020": 16072, "Population_2025": 16072.0, "Population_2030": 16072.0, "Population_2035": 16072.0, "Population_2040": 16072.0, "Population_2045": 16072.0, "Population_2050": 16072.0 }, "geometry": { "type": "Point", "coordinates": [ 609350.218362684245221, 652718.082347433199175 ] } },
{ "type": "Feature", "properties": { "Agglomeration_ID": 2873, "Agglomeration_Name": "Doukouya", "ISO3": "CIV", "Population_1950": 0, "Population_1960": 0, "Population_1970": 0, "Population_1980": 0, "Population_1990": 0, "Population_2000": 0, "Population_2010": 15102, "Population_2015": 15293, "Population_2020": 15909, "Population_2025": 15909.0, "Population_2030": 15909.0, "Population_2035": 15909.0, "Population_2040": 15909.0, "Population_2045": 15909.0, "Population_2050": 15909.0 }, "geometry": { "type": "Point", "coordinates": [ 437964.982081582944375, 709847.28526915947441 ] } },
{ "type": "Feature", "properties": { "Agglomeration_ID": 1346, "Agglomeration_Name": "Assuefry", "ISO3": "CIV", "Population_1950": 0, "Population_1960": 0, "Population_1970": 0, "Population_1980": 0, "Population_1990": 0, "Population_2000": 0, "Population_2010": 0, "Population_2015": 10029, "Population_2020": 13081, "Population_2025": 15873.308711084799, "Population_2030": 18960.559408843099, "Population_2035": 22286.505422052502, "Population_2040": 25836.949485087302, "Population_2045": 29548.354199736299, "Population_2050": 33402.926582631597 }, "geometry": { "type": "Point", "coordinates": [ 722838.971644296310842, 850958.137299578054808 ] } },
{ "type": "Feature", "properties": { "Agglomeration_ID": 1742, "Agglomeration_Name": "Bazre", "ISO3": "CIV", "Population_1950": 0, "Population_1960": 0, "Population_1970": 0, "Population_1980": 0, "Population_1990": 0, "Population_2000": 0, "Population_2010": 0, "Population_2015": 11708, "Population_2020": 15836, "Population_2025": 15836.0, "Population_2030": 15836.0, "Population_2035": 15836.0, "Population_2040": 15836.0, "Population_2045": 15836.0, "Population_2050": 15836.0 }, "geometry": { "type": "Point", "coordinates": [ 443795.554233900154941, 743211.055288463481702 ] } },
{ "type": "Feature", "properties": { "Agglomeration_ID": 3555, "Agglomeration_Name": "Gohouo-Zagna", "ISO3": "CIV", "Population_1950": 0, "Population_1960": 0, "Population_1970": 0, "Population_1980": 0, "Population_1990": 0, "Population_2000": 0, "Population_2010": 12260, "Population_2015": 17302, "Population_2020": 15821, "Population_2025": 15821.0, "Population_2030": 15821.0, "Population_2035": 15821.0, "Population_2040": 15821.0, "Population_2045": 15821.0, "Population_2050": 15821.0 }, "geometry": { "type": "Point", "coordinates": [ 236014.3953046038514, 779623.659770941128954 ] } },
{ "type": "Feature", "properties": { "Agglomeration_ID": 9183, "Agglomeration_Name": "Zou", "ISO3": "CIV", "Population_1950": 0, "Population_1960": 0, "Population_1970": 0, "Population_1980": 0, "Population_1990": 0, "Population_2000": 0, "Population_2010": 21911, "Population_2015": 19987, "Population_2020": 15814, "Population_2025": 15814.0, "Population_2030": 15814.0, "Population_2035": 15814.0, "Population_2040": 15814.0, "Population_2045": 15814.0, "Population_2050": 15814.0 }, "geometry": { "type": "Point", "coordinates": [ 190564.631301913585048, 771467.410572187625803 ] } },
{ "type": "Feature", "properties": { "Agglomeration_ID": 11344, "Agglomeration_Name": "Gourane", "ISO3": "CIV", "Population_1950": 0, "Population_1960": 0, "Population_1970": 0, "Population_1980": 0, "Population_1990": 0, "Population_2000": 0, "Population_2010": 0, "Population_2015": 0, "Population_2020": 12871, "Population_2025": 15775.9360086461, "Population_2030": 19000.363866025102, "Population_2035": 22487.337469771399, "Population_2040": 26222.087467287602, "Population_2045": 30138.348969999301, "Population_2050": 34216.930587921001 }, "geometry": { "type": "Point", "coordinates": [ 246925.829416085616685, 840922.230543586309068 ] } },
{ "type": "Feature", "properties": { "Agglomeration_ID": 11322, "Agglomeration_Name": "Dame", "ISO3": "CIV", "Population_1950": 0, "Population_1960": 0, "Population_1970": 0, "Population_1980": 0, "Population_1990": 0, "Population_2000": 0, "Population_2010": 0, "Population_2015": 0, "Population_2020": 12961, "Population_2025": 15720.4350736754, "Population_2030": 18770.756527211099, "Population_2035": 22056.307539527701, "Population_2040": 25563.057962633899, "Population_2045": 29228.226012266299, "Population_2050": 33034.259559672297 }, "geometry": { "type": "Point", "coordinates": [ 704145.875843203393742, 780289.696471557137556 ] } },
{ "type": "Feature", "properties": { "Agglomeration_ID": 11445, "Agglomeration_Name": "Dogbo", "ISO3": "CIV", "Population_1950": 0, "Population_1960": 0, "Population_1970": 0, "Population_1980": 0, "Population_1990": 0, "Population_2000": 0, "Population_2010": 0, "Population_2015": 0, "Population_2020": 12381, "Population_2025": 15656.659347521099, "Population_2030": 19329.166661552099, "Population_2035": 23338.8454742389, "Population_2040": 27669.0432028832, "Population_2045": 32244.562106304798, "Population_2050": 37041.793521815001 }, "geometry": { "type": "Point", "coordinates": [ 273391.136563174426556, 546285.81099209561944 ] } },
{ "type": "Feature", "properties": { "Agglomeration_ID": 2712, "Agglomeration_Name": "Dianra-Village", "ISO3": "CIV", "Population_1950": 0, "Population_1960": 0, "Population_1970": 0, "Population_1980": 0, "Population_1990": 0, "Population_2000": 0, "Population_2010": 14167, "Population_2015": 11122, "Population_2020": 13543, "Population_2025": 15626.247009635001, "Population_2030": 17864.632998891098, "Population_2035": 21835.4369191113, "Population_2040": 24469.6069127849, "Population_2045": 27155.587364990701, "Population_2050": 29882.809255412601 }, "geometry": { "type": "Point", "coordinates": [ 363271.756249672733247, 968706.853968390030786 ] } },
{ "type": "Feature", "properties": { "Agglomeration_ID": 11065, "Agglomeration_Name": "Akridou-Ladde/Akridou-Lasse", "ISO3": "CIV", "Population_1950": 0, "Population_1960": 0, "Population_1970": 0, "Population_1980": 0, "Population_1990": 0, "Population_2000": 0, "Population_2010": 0, "Population_2015": 0, "Population_2020": 14251, "Population_2025": 15586.4869972377, "Population_2030": 16925.892524601099, "Population_2035": 18225.306749486201, "Population_2040": 19477.933456725001, "Population_2045": 20655.169721068902, "Population_2050": 21755.883731351601 }, "geometry": { "type": "Point", "coordinates": [ 432409.045537026249804, 623099.282821197994053 ] } },
{ "type": "Feature", "properties": { "Agglomeration_ID": 1735, "Agglomeration_Name": "Bayota", "ISO3": "CIV", "Population_1950": 0, "Population_1960": 0, "Population_1970": 0, "Population_1980": 0, "Population_1990": 0, "Population_2000": 0, "Population_2010": 10873, "Population_2015": 15547, "Population_2020": 15549, "Population_2025": 15549.0, "Population_2030": 15549.0, "Population_2035": 15549.0, "Population_2040": 15549.0, "Population_2045": 15549.0, "Population_2050": 15549.0 }, "geometry": { "type": "Point", "coordinates": [ 394741.186769119522069, 714597.801720879855566 ] } },
{ "type": "Feature", "properties": { "Agglomeration_ID": 3283, "Agglomeration_Name": "Fresco", "ISO3": "CIV", "Population_1950": 0, "Population_1960": 0, "Population_1970": 0, "Population_1980": 0, "Population_1990": 0, "Population_2000": 0, "Population_2010": 0, "Population_2015": 13147, "Population_2020": 14610, "Population_2025": 15494.443112226099, "Population_2030": 16292.7571254553, "Population_2035": 16964.858689249399, "Population_2040": 17506.2430164773, "Population_2045": 17899.122455779499, "Population_2050": 18147.5206392654 }, "geometry": { "type": "Point", "coordinates": [ 434934.647064055432566, 564546.522316180053167 ] } },
{ "type": "Feature", "properties": { "Agglomeration_ID": 11174, "Agglomeration_Name": "Sucaf Cote d'Ivoire Extension", "ISO3": "CIV", "Population_1950": 0, "Population_1960": 0, "Population_1970": 0, "Population_1980": 0, "Population_1990": 0, "Population_2000": 0, "Population_2010": 0, "Population_2015": 0, "Population_2020": 13662, "Population_2025": 15355.211857890001, "Population_2030": 17128.979075375901, "Population_2035": 18937.004359226299, "Population_2040": 20770.6743826655, "Population_2045": 22592.740631116001, "Population_2050": 24397.7016812519 }, "geometry": { "type": "Point", "coordinates": [ 470105.513486765150446, 1027012.730823901831172 ] } },
{ "type": "Feature", "properties": { "Agglomeration_ID": 3151, "Agglomeration_Name": "Essuikro", "ISO3": "CIV", "Population_1950": 0, "Population_1960": 0, "Population_1970": 0, "Population_1980": 0, "Population_1990": 0, "Population_2000": 0, "Population_2010": 0, "Population_2015": 14177, "Population_2020": 15127, "Population_2025": 15328.8152018357, "Population_2030": 15328.8152018357, "Population_2035": 15328.8152018357, "Population_2040": 15328.8152018357, "Population_2045": 15328.8152018357, "Population_2050": 15328.8152018357 }, "geometry": { "type": "Point", "coordinates": [ 576920.400299601955339, 732958.116976731456816 ] } },
{ "type": "Feature", "properties": { "Agglomeration_ID": 5840, "Agglomeration_Name": "M'Bahiakro", "ISO3": "CIV", "Population_1950": 0, "Population_1960": 0, "Population_1970": 0, "Population_1980": 10483, "Population_1990": 10751, "Population_2000": 10621, "Population_2010": 14200, "Population_2015": 15307, "Population_2020": 15280, "Population_2025": 15280.0, "Population_2030": 15280.0, "Population_2035": 15280.0, "Population_2040": 15280.0, "Population_2045": 15280.0, "Population_2050": 15280.0 }, "geometry": { "type": "Point", "coordinates": [ 572697.100824041524902, 823880.227582618012093 ] } },
{ "type": "Feature", "properties": { "Agglomeration_ID": 11635, "Agglomeration_Name": "Sangouine", "ISO3": "CIV", "Population_1950": 0, "Population_1960": 0, "Population_1970": 0, "Population_1980": 0, "Population_1990": 0, "Population_2000": 0, "Population_2010": 0, "Population_2015": 0, "Population_2020": 11758, "Population_2025": 15112.7134937261, "Population_2030": 18889.665346546401, "Population_2035": 23029.699979035398, "Population_2040": 27515.7636146855, "Population_2045": 32270.637853994602, "Population_2050": 37269.293562060098 }, "geometry": { "type": "Point", "coordinates": [ 193120.761748688062653, 804230.603627735865302 ] } },
{ "type": "Feature", "properties": { "Agglomeration_ID": 6223, "Agglomeration_Name": "Monoko-Zohi", "ISO3": "CIV", "Population_1950": 0, "Population_1960": 0, "Population_1970": 0, "Population_1980": 0, "Population_1990": 0, "Population_2000": 16006, "Population_2010": 11093, "Population_2015": 10395, "Population_2020": 12880, "Population_2025": 15065.787844118, "Population_2030": 17437.1595020266, "Population_2035": 19944.468451086701, "Population_2040": 22576.599236523201, "Population_2045": 25284.405120471001, "Population_2050": 28056.394655117001 }, "geometry": { "type": "Point", "coordinates": [ 296098.575662439572625, 781294.365458821761422 ] } },
{ "type": "Feature", "properties": { "Agglomeration_ID": 7763, "Agglomeration_Name": "Sankadiokro", "ISO3": "CIV", "Population_1950": 0, "Population_1960": 0, "Population_1970": 0, "Population_1980": 0, "Population_1990": 0, "Population_2000": 0, "Population_2010": 10669, "Population_2015": 10006, "Population_2020": 12663, "Population_2025": 15046.6422683891, "Population_2030": 17656.389601186798, "Population_2035": 20441.043585673298, "Population_2040": 23388.483656694199, "Population_2045": 26444.805568082102, "Population_2050": 29596.2014600863 }, "geometry": { "type": "Point", "coordinates": [ 667256.120267319725826, 758067.276252618874423 ] } },
{ "type": "Feature", "properties": { "Agglomeration_ID": 10965, "Agglomeration_Name": "Assouba", "ISO3": "CIV", "Population_1950": 0, "Population_1960": 0, "Population_1970": 0, "Population_1980": 0, "Population_1990": 0, "Population_2000": 0, "Population_2010": 0, "Population_2015": 0, "Population_2020": 14909, "Population_2025": 14909.0, "Population_2030": 14909.0, "Population_2035": 14909.0, "Population_2040": 14909.0, "Population_2045": 14909.0, "Population_2050": 14909.0 }, "geometry": { "type": "Point", "coordinates": [ 692457.492274485644884, 601511.704157390748151 ] } },
{ "type": "Feature", "properties": { "Agglomeration_ID": 3613, "Agglomeration_Name": "Grihiri", "ISO3": "CIV", "Population_1950": 0, "Population_1960": 0, "Population_1970": 0, "Population_1980": 0, "Population_1990": 0, "Population_2000": 0, "Population_2010": 0, "Population_2015": 13584, "Population_2020": 14551, "Population_2025": 14813.4002996788, "Population_2030": 14874.9904915808, "Population_2035": 14874.9904915808, "Population_2040": 14874.9904915808, "Population_2045": 14874.9904915808, "Population_2050": 14874.9904915808 }, "geometry": { "type": "Point", "coordinates": [ 350634.632156703621149, 600069.821939259883948 ] } },
{ "type": "Feature", "properties": { "Agglomeration_ID": 194, "Agglomeration_Name": "Adjamene", "ISO3": "CIV", "Population_1950": 0, "Population_1960": 0, "Population_1970": 0, "Population_1980": 0, "Population_1990": 0, "Population_2000": 0, "Population_2010": 0, "Population_2015": 10812, "Population_2020": 12949, "Population_2025": 14737.2553655871, "Population_2030": 16635.974224661401, "Population_2035": 18599.4089225182, "Population_2040": 20618.4637665675, "Population_2045": 22653.468929708499, "Population_2050": 24697.2484438834 }, "geometry": { "type": "Point", "coordinates": [ 295611.74306473886827, 526590.272336918860674 ] } },
{ "type": "Feature", "properties": { "Agglomeration_ID": 5304, "Agglomeration_Name": "Logouale", "ISO3": "CIV", "Population_1950": 0, "Population_1960": 0, "Population_1970": 0, "Population_1980": 0, "Population_1990": 0, "Population_2000": 0, "Population_2010": 13155, "Population_2015": 12769, "Population_2020": 14033, "Population_2025": 14707.364408887001, "Population_2030": 15266.4254804599, "Population_2035": 15673.465376181801, "Population_2040": 15925.0471293054, "Population_2045": 16008.2542310511, "Population_2050": 16008.2542310511 }, "geometry": { "type": "Point", "coordinates": [ 217873.429426960996352, 785936.080651950556785 ] } },
{ "type": "Feature", "properties": { "Agglomeration_ID": 11623, "Agglomeration_Name": "Kagbe", "ISO3": "CIV", "Population_1950": 0, "Population_1960": 0, "Population_1970": 0, "Population_1980": 0, "Population_1990": 0, "Population_2000": 0, "Population_2010": 0, "Population_2015": 0, "Population_2020": 11791, "Population_2025": 14561.2738474619, "Population_2030": 17644.5206155831, "Population_2035": 20987.462324862001, "Population_2040": 24576.0146408322, "Population_2045": 28346.876533824201, "Population_2050": 32281.300187520399 }, "geometry": { "type": "Point", "coordinates": [ 461243.065421306586359, 680947.616661874926649 ] } },
{ "type": "Feature", "properties": { "Agglomeration_ID": 4495, "Agglomeration_Name": "Kanakono", "ISO3": "CIV", "Population_1950": 0, "Population_1960": 0, "Population_1970": 0, "Population_1980": 0, "Population_1990": 0, "Population_2000": 0, "Population_2010": 0, "Population_2015": 10408, "Population_2020": 12635, "Population_2025": 14541.836744808101, "Population_2030": 16586.578296447398, "Population_2035": 18722.9382322655, "Population_2040": 20941.218599313601, "Population_2045": 23198.8571449878, "Population_2050": 25487.119834025401 }, "geometry": { "type": "Point", "coordinates": [ 364772.794978423276916, 1145046.20002740691416 ] } },
{ "type": "Feature", "properties": { "Agglomeration_ID": 3434, "Agglomeration_Name": "Gbagbam", "ISO3": "CIV", "Population_1950": 0, "Population_1960": 0, "Population_1970": 0, "Population_1980": 0, "Population_1990": 0, "Population_2000": 0, "Population_2010": 12082, "Population_2015": 14032, "Population_2020": 14496, "Population_2025": 14496.0, "Population_2030": 14496.0, "Population_2035": 14496.0, "Population_2040": 14496.0, "Population_2045": 14496.0, "Population_2050": 14496.0 }, "geometry": { "type": "Point", "coordinates": [ 434122.359610991494264, 604305.622325965669006 ] } },
{ "type": "Feature", "properties": { "Agglomeration_ID": 6529, "Agglomeration_Name": "Nambingue", "ISO3": "CIV", "Population_1950": 0, "Population_1960": 0, "Population_1970": 0, "Population_1980": 0, "Population_1990": 0, "Population_2000": 0, "Population_2010": 11212, "Population_2015": 13221, "Population_2020": 14183, "Population_2025": 14463.766014877699, "Population_2030": 14553.4505621598, "Population_2035": 14553.4505621598, "Population_2040": 14553.4505621598, "Population_2045": 14553.4505621598, "Population_2050": 14553.4505621598 }, "geometry": { "type": "Point", "coordinates": [ 464432.189022447855677, 1111001.568282998399809 ] } },
{ "type": "Feature", "properties": { "Agglomeration_ID": 1205, "Agglomeration_Name": "Ande", "ISO3": "CIV", "Population_1950": 0, "Population_1960": 0, "Population_1970": 0, "Population_1980": 0, "Population_1990": 0, "Population_2000": 0, "Population_2010": 11103, "Population_2015": 12955, "Population_2020": 14029, "Population_2025": 14462.534431768399, "Population_2030": 14736.042418090101, "Population_2035": 14815.265542322401, "Population_2040": 14815.265542322401, "Population_2045": 14815.265542322401, "Population_2050": 14815.265542322401 }, "geometry": { "type": "Point", "coordinates": [ 600947.603771898895502, 749520.577379626221955 ] } },
{ "type": "Feature", "properties": { "Agglomeration_ID": 2089, "Agglomeration_Name": "Bouandougou", "ISO3": "CIV", "Population_1950": 0, "Population_1960": 0, "Population_1970": 0, "Population_1980": 0, "Population_1990": 0, "Population_2000": 0, "Population_2010": 11915, "Population_2015": 10834, "Population_2020": 12741, "Population_2025": 14273.873685770101, "Population_2030": 15873.2807979392, "Population_2035": 17496.5152006266, "Population_2040": 19135.778921749901, "Population_2045": 20757.433916283098, "Population_2050": 22356.843688723598 }, "geometry": { "type": "Point", "coordinates": [ 426320.285795072442852, 907885.370332779712044 ] } },
{ "type": "Feature", "properties": { "Agglomeration_ID": 11826, "Agglomeration_Name": "Kassere", "ISO3": "CIV", "Population_1950": 0, "Population_1960": 0, "Population_1970": 0, "Population_1980": 0, "Population_1990": 0, "Population_2000": 0, "Population_2010": 0, "Population_2015": 0, "Population_2020": 11263, "Population_2025": 14184.8531226255, "Population_2030": 17456.928766427802, "Population_2035": 21025.529646283201, "Population_2040": 24875.801670751, "Population_2045": 28940.7182267063, "Population_2050": 33199.423007354999 }, "geometry": { "type": "Point", "coordinates": [ 366652.805578243453056, 1086178.417728378204629 ] } },
{ "type": "Feature", "properties": { "Agglomeration_ID": 11522, "Agglomeration_Name": "Vaou", "ISO3": "CIV", "Population_1950": 0, "Population_1960": 0, "Population_1970": 0, "Population_1980": 0, "Population_1990": 0, "Population_2000": 0, "Population_2010": 0, "Population_2015": 0, "Population_2020": 12115, "Population_2025": 14171.4742477093, "Population_2030": 16402.604519291999, "Population_2035": 18761.6878279624, "Population_2040": 21238.266323661901, "Population_2045": 23786.100172135699, "Population_2050": 26394.374998820502 }, "geometry": { "type": "Point", "coordinates": [ 279941.790176110283937, 823089.922046615742147 ] } },
{ "type": "Feature", "properties": { "Agglomeration_ID": 11871, "Agglomeration_Name": "Datta", "ISO3": "CIV", "Population_1950": 0, "Population_1960": 0, "Population_1970": 0, "Population_1980": 0, "Population_1990": 0, "Population_2000": 0, "Population_2010": 0, "Population_2015": 0, "Population_2020": 11137, "Population_2025": 14061.535936153399, "Population_2030": 17338.954821694198, "Population_2035": 20915.800130666201, "Population_2040": 24777.204235780799, "Population_2045": 28856.048533952398, "Population_2050": 0.0 }, "geometry": { "type": "Point", "coordinates": [ 463822.100916123250499, 655485.529435328673571 ] } },
{ "type": "Feature", "properties": { "Agglomeration_ID": 11818, "Agglomeration_Name": "Didoko", "ISO3": "CIV", "Population_1950": 0, "Population_1960": 0, "Population_1970": 0, "Population_1980": 0, "Population_1990": 0, "Population_2000": 0, "Population_2010": 0, "Population_2015": 0, "Population_2020": 11279, "Population_2025": 14041.280133387099, "Population_2030": 17123.8294974374, "Population_2035": 20474.5407319882, "Population_2040": 24079.3705045186, "Population_2045": 27875.093704048501, "Population_2050": 31842.575499803199 }, "geometry": { "type": "Point", "coordinates": [ 465576.03298878762871, 665465.529628791380674 ] } },
{ "type": "Feature", "properties": { "Agglomeration_ID": 1661, "Agglomeration_Name": "Baoulifla", "ISO3": "CIV", "Population_1950": 0, "Population_1960": 0, "Population_1970": 0, "Population_1980": 0, "Population_1990": 0, "Population_2000": 0, "Population_2010": 12041, "Population_2015": 14042, "Population_2020": 13894, "Population_2025": 13894.0, "Population_2030": 13894.0, "Population_2035": 13894.0, "Population_2040": 13894.0, "Population_2045": 13894.0, "Population_2050": 13894.0 }, "geometry": { "type": "Point", "coordinates": [ 337068.860074653232004, 799436.239633017685264 ] } },
{ "type": "Feature", "properties": { "Agglomeration_ID": 11676, "Agglomeration_Name": "Danguira", "ISO3": "CIV", "Population_1950": 0, "Population_1960": 0, "Population_1970": 0, "Population_1980": 0, "Population_1990": 0, "Population_2000": 0, "Population_2010": 0, "Population_2015": 0, "Population_2020": 11620, "Population_2025": 13893.927309394399, "Population_2030": 16391.445947415999, "Population_2035": 19064.6930214356, "Population_2040": 21902.1062027644, "Population_2045": 24852.159608931099, "Population_2050": 27901.256277807501 }, "geometry": { "type": "Point", "coordinates": [ 635745.830196483409964, 625663.354905201704241 ] } },
{ "type": "Feature", "properties": { "Agglomeration_ID": 3317, "Agglomeration_Name": "Gadouan", "ISO3": "CIV", "Population_1950": 0, "Population_1960": 0, "Population_1970": 0, "Population_1980": 0, "Population_1990": 10945, "Population_2000": 11941, "Population_2010": 12738, "Population_2015": 13176, "Population_2020": 13868, "Population_2025": 13868.0, "Population_2030": 13868.0, "Population_2035": 13868.0, "Population_2040": 13868.0, "Population_2045": 13868.0, "Population_2050": 13868.0 }, "geometry": { "type": "Point", "coordinates": [ 372658.576681563223246, 737842.66390040772967 ] } },
{ "type": "Feature", "properties": { "Agglomeration_ID": 7859, "Agglomeration_Name": "Semien", "ISO3": "CIV", "Population_1950": 0, "Population_1960": 0, "Population_1970": 0, "Population_1980": 0, "Population_1990": 0, "Population_2000": 0, "Population_2010": 0, "Population_2015": 10911, "Population_2020": 12572, "Population_2025": 13823.3202509776, "Population_2030": 15091.7071812211, "Population_2035": 16337.6795504571, "Population_2040": 17554.870053157101, "Population_2045": 18716.304038437502, "Population_2050": 19820.200394942302 }, "geometry": { "type": "Point", "coordinates": [ 264857.897759259096347, 841524.314869424910285 ] } },
{ "type": "Feature", "properties": { "Agglomeration_ID": 11885, "Agglomeration_Name": "Obrouayo", "ISO3": "CIV", "Population_1950": 0, "Population_1960": 0, "Population_1970": 0, "Population_1980": 0, "Population_1990": 0, "Population_2000": 0, "Population_2010": 0, "Population_2015": 0, "Population_2020": 11122, "Population_2025": 13755.503484914399, "Population_2030": 16688.0184017094, "Population_2035": 19869.081956078498, "Population_2040": 23285.3052326617, "Population_2045": 26876.493018791101, "Population_2050": 30624.7429209357 }, "geometry": { "type": "Point", "coordinates": [ 317086.624513939488679, 651108.637684477958828 ] } },
{ "type": "Feature", "properties": { "Agglomeration_ID": 11919, "Agglomeration_Name": "Gnago 2", "ISO3": "CIV", "Population_1950": 0, "Population_1960": 0, "Population_1970": 0, "Population_1980": 0, "Population_1990": 0, "Population_2000": 0, "Population_2010": 0, "Population_2015": 0, "Population_2020": 11064, "Population_2025": 13700.2146265704, "Population_2030": 16636.9398827439, "Population_2035": 19823.808776708502, "Population_2040": 23247.418661945499, "Population_2045": 26847.496846892001, "Population_2050": 30606.058414404099 }, "geometry": { "type": "Point", "coordinates": [ 412895.366685984830838, 573089.89561238931492 ] } },
{ "type": "Feature", "properties": { "Agglomeration_ID": 7560, "Agglomeration_Name": "Rubino", "ISO3": "CIV", "Population_1950": 0, "Population_1960": 0, "Population_1970": 0, "Population_1980": 0, "Population_1990": 0, "Population_2000": 12055, "Population_2010": 13462, "Population_2015": 14413, "Population_2020": 13652, "Population_2025": 13652.0, "Population_2030": 13652.0, "Population_2035": 13652.0, "Population_2040": 13652.0, "Population_2045": 13652.0, "Population_2050": 13652.0 }, "geometry": { "type": "Point", "coordinates": [ 575372.606661799247377, 670739.625254604266956 ] } },
{ "type": "Feature", "properties": { "Agglomeration_ID": 5012, "Agglomeration_Name": "Kouibly", "ISO3": "CIV", "Population_1950": 0, "Population_1960": 0, "Population_1970": 0, "Population_1980": 0, "Population_1990": 0, "Population_2000": 0, "Population_2010": 11093, "Population_2015": 12158, "Population_2020": 13192, "Population_2025": 13631.4972062793, "Population_2030": 13926.4352104595, "Population_2035": 14044.2756106585, "Population_2040": 14044.2756106585, "Population_2045": 14044.2756106585, "Population_2050": 14044.2756106585 }, "geometry": { "type": "Point", "coordinates": [ 253136.276430184167111, 802266.636569027556106 ] } },
{ "type": "Feature", "properties": { "Agglomeration_ID": 11609, "Agglomeration_Name": "Goudi", "ISO3": "CIV", "Population_1950": 0, "Population_1960": 0, "Population_1970": 0, "Population_1980": 0, "Population_1990": 0, "Population_2000": 0, "Population_2010": 0, "Population_2015": 0, "Population_2020": 11824, "Population_2025": 13575.143760426699, "Population_2030": 15449.147364279699, "Population_2035": 17403.034250086599, "Population_2040": 19427.898134842999, "Population_2045": 21484.7012417929, "Population_2050": 23565.6262970276 }, "geometry": { "type": "Point", "coordinates": [ 488227.906868048885372, 676161.325120424153283 ] } },
{ "type": "Feature", "properties": { "Agglomeration_ID": 5699, "Agglomeration_Name": "Manzanouan", "ISO3": "CIV", "Population_1950": 0, "Population_1960": 0, "Population_1970": 0, "Population_1980": 0, "Population_1990": 0, "Population_2000": 0, "Population_2010": 0, "Population_2015": 10485, "Population_2020": 12215, "Population_2025": 13568.644116363101, "Population_2030": 14964.5101458598, "Population_2035": 16362.8350134716, "Population_2040": 17756.731788256599, "Population_2045": 19116.710729566301, "Population_2050": 20439.566857239701 }, "geometry": { "type": "Point", "coordinates": [ 689338.44488844065927, 755942.777020778157748 ] } },
{ "type": "Feature", "properties": { "Agglomeration_ID": 11701, "Agglomeration_Name": "Adahidoukou", "ISO3": "CIV", "Population_1950": 0, "Population_1960": 0, "Population_1970": 0, "Population_1980": 0, "Population_1990": 0, "Population_2000": 0, "Population_2010": 0, "Population_2015": 0, "Population_2020": 11572, "Population_2025": 13497.287767813499, "Population_2030": 15582.147157036399, "Population_2035": 17782.365477247899, "Population_2040": 20088.1518312628, "Population_2045": 22456.267439654199, "Population_2050": 24876.799910352602 }, "geometry": { "type": "Point", "coordinates": [ 474245.767714084940962, 586391.028928027837537 ] } },
{ "type": "Feature", "properties": { "Agglomeration_ID": 11724, "Agglomeration_Name": "Zahidougba", "ISO3": "CIV", "Population_1950": 0, "Population_1960": 0, "Population_1970": 0, "Population_1980": 0, "Population_1990": 0, "Population_2000": 0, "Population_2010": 0, "Population_2015": 0, "Population_2020": 11511, "Population_2025": 13449.543775781, "Population_2030": 15551.1710629962, "Population_2035": 17771.664041686399, "Population_2040": 20101.164508587099, "Population_2045": 22496.1045615402, "Population_2050": 24946.3737338147 }, "geometry": { "type": "Point", "coordinates": [ 418382.235883238958195, 639541.504268346703611 ] } },
{ "type": "Feature", "properties": { "Agglomeration_ID": 2736, "Agglomeration_Name": "Dignago", "ISO3": "CIV", "Population_1950": 0, "Population_1960": 0, "Population_1970": 0, "Population_1980": 0, "Population_1990": 0, "Population_2000": 0, "Population_2010": 13007, "Population_2015": 12385, "Population_2020": 13218, "Population_2025": 13398.0188759298, "Population_2030": 13398.0188759298, "Population_2035": 13398.0188759298, "Population_2040": 13398.0188759298, "Population_2045": 13398.0188759298, "Population_2050": 13398.0188759298 }, "geometry": { "type": "Point", "coordinates": [ 358211.203583180555142, 695222.129571820958517 ] } },
{ "type": "Feature", "properties": { "Agglomeration_ID": 11744, "Agglomeration_Name": "Tagoberi", "ISO3": "CIV", "Population_1950": 0, "Population_1960": 0, "Population_1970": 0, "Population_1980": 0, "Population_1990": 0, "Population_2000": 0, "Population_2010": 0, "Population_2015": 0, "Population_2020": 11466, "Population_2025": 13396.693955516401, "Population_2030": 15489.783390279899, "Population_2035": 17701.2261079011, "Population_2040": 20021.203823101099, "Population_2045": 22406.3254148794, "Population_2050": 24846.522844822499 }, "geometry": { "type": "Point", "coordinates": [ 413048.669933549710549, 616738.647090551559813 ] } },
{ "type": "Feature", "properties": { "Agglomeration_ID": 11236, "Agglomeration_Name": "Seifla", "ISO3": "CIV", "Population_1950": 0, "Population_1960": 0, "Population_1970": 0, "Population_1980": 0, "Population_1990": 0, "Population_2000": 0, "Population_2010": 0, "Population_2015": 0, "Population_2020": 13360, "Population_2025": 13360.0, "Population_2030": 13360.0, "Population_2035": 13360.0, "Population_2040": 13360.0, "Population_2045": 13360.0, "Population_2050": 13360.0 }, "geometry": { "type": "Point", "coordinates": [ 352686.412323654745705, 774655.283165798988193 ] } },
{ "type": "Feature", "properties": { "Agglomeration_ID": 2765, "Agglomeration_Name": "Diourouzon", "ISO3": "CIV", "Population_1950": 0, "Population_1960": 0, "Population_1970": 0, "Population_1980": 0, "Population_1990": 0, "Population_2000": 0, "Population_2010": 0, "Population_2015": 13213, "Population_2020": 13341, "Population_2025": 13341.0, "Population_2030": 13341.0, "Population_2035": 13341.0, "Population_2040": 13341.0, "Population_2045": 13341.0, "Population_2050": 13341.0 }, "geometry": { "type": "Point", "coordinates": [ 221636.942918108252343, 761836.464141568168998 ] } },
{ "type": "Feature", "properties": { "Agglomeration_ID": 9108, "Agglomeration_Name": "Zaguieta", "ISO3": "CIV", "Population_1950": 0, "Population_1960": 0, "Population_1970": 0, "Population_1980": 0, "Population_1990": 0, "Population_2000": 0, "Population_2010": 10122, "Population_2015": 10061, "Population_2020": 13109, "Population_2025": 13185.102835341801, "Population_2030": 13185.102835341801, "Population_2035": 13185.102835341801, "Population_2040": 13185.102835341801, "Population_2045": 13185.102835341801, "Population_2050": 13185.102835341801 }, "geometry": { "type": "Point", "coordinates": [ 382533.930898847174831, 749922.675495307776146 ] } },
{ "type": "Feature", "properties": { "Agglomeration_ID": 1967, "Agglomeration_Name": "Blenimeouin", "ISO3": "CIV", "Population_1950": 0, "Population_1960": 0, "Population_1970": 0, "Population_1980": 0, "Population_1990": 0, "Population_2000": 0, "Population_2010": 15710, "Population_2015": 15610, "Population_2020": 13175, "Population_2025": 13175.0, "Population_2030": 13175.0, "Population_2035": 13175.0, "Population_2040": 13175.0, "Population_2045": 13175.0, "Population_2050": 13175.0 }, "geometry": { "type": "Point", "coordinates": [ 259145.178317269543186, 788736.799692123546265 ] } },
{ "type": "Feature", "properties": { "Agglomeration_ID": 12381, "Agglomeration_Name": "Vrouo 2", "ISO3": "CIV", "Population_1950": 0, "Population_1960": 0, "Population_1970": 0, "Population_1980": 0, "Population_1990": 0, "Population_2000": 0, "Population_2010": 0, "Population_2015": 0, "Population_2020": 10274, "Population_2025": 13164.998195856, "Population_2030": 16417.445937745899, "Population_2035": 19980.064023184801, "Population_2040": 23838.1558781354, "Population_2045": 27925.208397848699, "Population_2050": 32219.7825622442 }, "geometry": { "type": "Point", "coordinates": [ 315845.335817787912674, 848601.555182462092489 ] } },
{ "type": "Feature", "properties": { "Agglomeration_ID": 12457, "Agglomeration_Name": "Toulepleu", "ISO3": "CIV", "Population_1950": 0, "Population_1960": 0, "Population_1970": 0, "Population_1980": 0, "Population_1990": 0, "Population_2000": 0, "Population_2010": 0, "Population_2015": 0, "Population_2020": 10156, "Population_2025": 13138.6728950956, "Population_2030": 18088.594330305499, "Population_2035": 22135.035887158101, "Population_2040": 26524.969131887501, "Population_2045": 31183.069850905998, "Population_2050": 36084.646041309599 }, "geometry": { "type": "Point", "coordinates": [ 122663.757634455803782, 728187.78498519572895 ] } },
{ "type": "Feature", "properties": { "Agglomeration_ID": 11733, "Agglomeration_Name": "Grand-Bereby", "ISO3": "CIV", "Population_1950": 0, "Population_1960": 0, "Population_1970": 0, "Population_1980": 0, "Population_1990": 0, "Population_2000": 0, "Population_2010": 0, "Population_2015": 0, "Population_2020": 11494, "Population_2025": 13081.7187746323, "Population_2030": 14767.563095645701, "Population_2035": 16510.921634817099, "Population_2040": 18303.718701017599, "Population_2045": 20110.7324330378, "Population_2050": 21925.588917818201 }, "geometry": { "type": "Point", "coordinates": [ 285758.953175460570492, 514072.683039275172632 ] } },
{ "type": "Feature", "properties": { "Agglomeration_ID": 1482, "Agglomeration_Name": "Bagohouo", "ISO3": "CIV", "Population_1950": 0, "Population_1960": 0, "Population_1970": 0, "Population_1980": 0, "Population_1990": 0, "Population_2000": 0, "Population_2010": 0, "Population_2015": 16428, "Population_2020": 12332, "Population_2025": 13069.104708422199, "Population_2030": 13731.754719476099, "Population_2035": 14286.2125273855, "Population_2040": 14728.723674778599, "Population_2045": 15044.4985419738, "Population_2050": 15237.034311170401 }, "geometry": { "type": "Point", "coordinates": [ 257850.885828833212145, 762078.583553360076621 ] } },
{ "type": "Feature", "properties": { "Agglomeration_ID": 7056, "Agglomeration_Name": "Okrouyo", "ISO3": "CIV", "Population_1950": 0, "Population_1960": 0, "Population_1970": 0, "Population_1980": 0, "Population_1990": 0, "Population_2000": 0, "Population_2010": 11122, "Population_2015": 12568, "Population_2020": 13057, "Population_2025": 13057.0, "Population_2030": 13057.0, "Population_2035": 13057.0, "Population_2040": 13057.0, "Population_2045": 13057.0, "Population_2050": 13057.0 }, "geometry": { "type": "Point", "coordinates": [ 345150.833780190558173, 637214.356693908106536 ] } },
{ "type": "Feature", "properties": { "Agglomeration_ID": 11991, "Agglomeration_Name": "Abongoua 2", "ISO3": "CIV", "Population_1950": 0, "Population_1960": 0, "Population_1970": 0, "Population_1980": 0, "Population_1990": 0, "Population_2000": 0, "Population_2010": 0, "Population_2015": 0, "Population_2020": 10945, "Population_2025": 13052.9576110449, "Population_2030": 15365.217233179201, "Population_2035": 17837.041083685799, "Population_2040": 20457.710615800101, "Population_2045": 23179.499385198898, "Population_2050": 25989.962616274399 }, "geometry": { "type": "Point", "coordinates": [ 661213.720531950937584, 690206.219989308621734 ] } },
{ "type": "Feature", "properties": { "Agglomeration_ID": 11872, "Agglomeration_Name": "Niakoblognoa", "ISO3": "CIV", "Population_1950": 0, "Population_1960": 0, "Population_1970": 0, "Population_1980": 0, "Population_1990": 0, "Population_2000": 0, "Population_2010": 0, "Population_2015": 0, "Population_2020": 11135, "Population_2025": 13010.4954100992, "Population_2030": 15043.7980838238, "Population_2035": 17192.131771626598, "Population_2040": 19445.9588954393, "Population_2045": 21763.128174823101, "Population_2050": 24133.856475386299 }, "geometry": { "type": "Point", "coordinates": [ 392814.132805385976098, 631597.729112134547904 ] } },
{ "type": "Feature", "properties": { "Agglomeration_ID": 2543, "Agglomeration_Name": "Dairo", "ISO3": "CIV", "Population_1950": 0, "Population_1960": 0, "Population_1970": 0, "Population_1980": 0, "Population_1990": 0, "Population_2000": 0, "Population_2010": 0, "Population_2015": 10103, "Population_2020": 11735, "Population_2025": 12999.8608303197, "Population_2030": 14298.6649715679, "Population_2035": 15593.574079374201, "Population_2040": 16878.152682583001, "Population_2045": 18124.916943641099, "Population_2050": 19331.168483293299 }, "geometry": { "type": "Point", "coordinates": [ 447567.640930725843646, 624989.019510205718689 ] } },
{ "type": "Feature", "properties": { "Agglomeration_ID": 11827, "Agglomeration_Name": "Sakota", "ISO3": "CIV", "Population_1950": 0, "Population_1960": 0, "Population_1970": 0, "Population_1980": 0, "Population_1990": 0, "Population_2000": 0, "Population_2010": 0, "Population_2015": 0, "Population_2020": 11260, "Population_2025": 12984.7714553848, "Population_2030": 14837.1728773179, "Population_2035": 16775.695990226101, "Population_2040": 18791.568931732199, "Population_2045": 20846.255652547999, "Population_2050": 22931.700442791302 }, "geometry": { "type": "Point", "coordinates": [ 477593.279496638395358, 651802.278920481679961 ] } },
{ "type": "Feature", "properties": { "Agglomeration_ID": 7055, "Agglomeration_Name": "Okromodou", "ISO3": "CIV", "Population_1950": 0, "Population_1960": 0, "Population_1970": 0, "Population_1980": 0, "Population_1990": 0, "Population_2000": 13466, "Population_2010": 12869, "Population_2015": 13416, "Population_2020": 12980, "Population_2025": 12980.0, "Population_2030": 12980.0, "Population_2035": 12980.0, "Population_2040": 12980.0, "Population_2045": 12980.0, "Population_2050": 12980.0 }, "geometry": { "type": "Point", "coordinates": [ 424196.397443358378951, 591506.011650938540697 ] } },
{ "type": "Feature", "properties": { "Agglomeration_ID": 12276, "Agglomeration_Name": "Sago", "ISO3": "CIV", "Population_1950": 0, "Population_1960": 0, "Population_1970": 0, "Population_1980": 0, "Population_1990": 0, "Population_2000": 0, "Population_2010": 0, "Population_2015": 0, "Population_2020": 10433, "Population_2025": 12918.7430520124, "Population_2030": 15687.835102974001, "Population_2035": 18692.7829385728, "Population_2040": 21920.948916881302, "Population_2045": 25315.500745981099, "Population_2050": 28859.480541764398 }, "geometry": { "type": "Point", "coordinates": [ 397982.960715731838718, 581465.178469541715458 ] } },
{ "type": "Feature", "properties": { "Agglomeration_ID": 11705, "Agglomeration_Name": "Gbon", "ISO3": "CIV", "Population_1950": 0, "Population_1960": 0, "Population_1970": 0, "Population_1980": 0, "Population_1990": 0, "Population_2000": 0, "Population_2010": 0, "Population_2015": 0, "Population_2020": 11563, "Population_2025": 12896.4756965457, "Population_2030": 14279.606870944101, "Population_2035": 15674.222815416801, "Population_2040": 17073.539564951501, "Population_2045": 18448.401798768198, "Population_2050": 19795.218534347201 }, "geometry": { "type": "Point", "coordinates": [ 341595.148766728118062, 1087136.392618165584281 ] } },
{ "type": "Feature", "properties": { "Agglomeration_ID": 11347, "Agglomeration_Name": "Pinhou", "ISO3": "CIV", "Population_1950": 0, "Population_1960": 0, "Population_1970": 0, "Population_1980": 0, "Population_1990": 0, "Population_2000": 0, "Population_2010": 0, "Population_2015": 0, "Population_2020": 12858, "Population_2025": 12858.0, "Population_2030": 12858.0, "Population_2035": 12858.0, "Population_2040": 12858.0, "Population_2045": 12858.0, "Population_2050": 12858.0 }, "geometry": { "type": "Point", "coordinates": [ 195117.325318750808947, 765485.333914388203993 ] } },
{ "type": "Feature", "properties": { "Agglomeration_ID": 12044, "Agglomeration_Name": "Offompo", "ISO3": "CIV", "Population_1950": 0, "Population_1960": 0, "Population_1970": 0, "Population_1980": 0, "Population_1990": 0, "Population_2000": 0, "Population_2010": 0, "Population_2015": 0, "Population_2020": 10812, "Population_2025": 12833.578040165199, "Population_2030": 15045.673976943501, "Population_2035": 17404.7120615731, "Population_2040": 19900.412731906199, "Population_2045": 22487.075726558702, "Population_2050": 25153.0573989394 }, "geometry": { "type": "Point", "coordinates": [ 560033.797971789026633, 657423.167983571533114 ] } },
{ "type": "Feature", "properties": { "Agglomeration_ID": 12032, "Agglomeration_Name": "Assie-Koumassi", "ISO3": "CIV", "Population_1950": 0, "Population_1960": 0, "Population_1970": 0, "Population_1980": 0, "Population_1990": 0, "Population_2000": 0, "Population_2010": 0, "Population_2015": 0, "Population_2020": 10838, "Population_2025": 12831.567202841101, "Population_2030": 15009.9965803716, "Population_2035": 17329.942134032401, "Population_2040": 24945.086813865099, "Population_2045": 28145.292331788201, "Population_2050": 31440.124572226301 }, "geometry": { "type": "Point", "coordinates": [ 578825.021823468850926, 747914.372634992469102 ] } },
{ "type": "Feature", "properties": { "Agglomeration_ID": 11863, "Agglomeration_Name": "Ananguie 2", "ISO3": "CIV", "Population_1950": 0, "Population_1960": 0, "Population_1970": 0, "Population_1980": 0, "Population_1990": 0, "Population_2000": 0, "Population_2010": 0, "Population_2015": 0, "Population_2020": 11152, "Population_2025": 12786.562743066899, "Population_2030": 14533.8303000298, "Population_2035": 16353.442211305601, "Population_2040": 18237.085035647699, "Population_2045": 20148.345625308801, "Population_2050": 22080.0334257668 }, "geometry": { "type": "Point", "coordinates": [ 558181.440684551140293, 671656.415672551607713 ] } },
{ "type": "Feature", "properties": { "Agglomeration_ID": 3371, "Agglomeration_Name": "Gaoussoukro", "ISO3": "CIV", "Population_1950": 0, "Population_1960": 0, "Population_1970": 0, "Population_1980": 0, "Population_1990": 0, "Population_2000": 0, "Population_2010": 0, "Population_2015": 12534, "Population_2020": 12773, "Population_2025": 12773.0, "Population_2030": 12773.0, "Population_2035": 12773.0, "Population_2040": 12773.0, "Population_2045": 12773.0, "Population_2050": 12773.0 }, "geometry": { "type": "Point", "coordinates": [ 724663.216643644496799, 580874.010716021759436 ] } },
{ "type": "Feature", "properties": { "Agglomeration_ID": 1575, "Agglomeration_Name": "Bandiahi", "ISO3": "CIV", "Population_1950": 0, "Population_1960": 0, "Population_1970": 0, "Population_1980": 0, "Population_1990": 0, "Population_2000": 0, "Population_2010": 0, "Population_2015": 12417, "Population_2020": 12749, "Population_2025": 12749.0, "Population_2030": 12749.0, "Population_2035": 12749.0, "Population_2040": 12749.0, "Population_2045": 12749.0, "Population_2050": 12749.0 }, "geometry": { "type": "Point", "coordinates": [ 369526.287547762738541, 796869.915487925987691 ] } },
{ "type": "Feature", "properties": { "Agglomeration_ID": 38263, "Agglomeration_Name": "Minignan", "ISO3": "CIV", "Population_1950": 0, "Population_1960": 0, "Population_1970": 0, "Population_1980": 0, "Population_1990": 0, "Population_2000": 0, "Population_2010": 0, "Population_2015": 0, "Population_2020": 0, "Population_2025": 12557.455038637299, "Population_2030": 15560.9954926764, "Population_2035": 18844.369699856401, "Population_2040": 22393.976530970202, "Population_2045": 26148.345393927299, "Population_2050": 30087.9808403268 }, "geometry": { "type": "Point", "coordinates": [ 188932.531089918978978, 1106086.999962642323226 ] } },
{ "type": "Feature", "properties": { "Agglomeration_ID": 6772, "Agglomeration_Name": "Nizahon 1", "ISO3": "CIV", "Population_1950": 0, "Population_1960": 0, "Population_1970": 0, "Population_1980": 0, "Population_1990": 0, "Population_2000": 0, "Population_2010": 0, "Population_2015": 12122, "Population_2020": 12557, "Population_2025": 12557.0, "Population_2030": 12557.0, "Population_2035": 12557.0, "Population_2040": 12557.0, "Population_2045": 12557.0, "Population_2050": 12557.0 }, "geometry": { "type": "Point", "coordinates": [ 234626.585416925430764, 704520.498609363101423 ] } },
{ "type": "Feature", "properties": { "Agglomeration_ID": 2816, "Agglomeration_Name": "Doba", "ISO3": "CIV", "Population_1950": 0, "Population_1960": 0, "Population_1970": 0, "Population_1980": 0, "Population_1990": 0, "Population_2000": 12072, "Population_2010": 12572, "Population_2015": 13891, "Population_2020": 12516, "Population_2025": 12516.0, "Population_2030": 12516.0, "Population_2035": 12516.0, "Population_2040": 12516.0, "Population_2045": 12516.0, "Population_2050": 12516.0 }, "geometry": { "type": "Point", "coordinates": [ 297108.408600642404053, 574595.408689197618514 ] } },
{ "type": "Feature", "properties": { "Agglomeration_ID": 1453, "Agglomeration_Name": "Bacon", "ISO3": "CIV", "Population_1950": 0, "Population_1960": 0, "Population_1970": 0, "Population_1980": 0, "Population_1990": 0, "Population_2000": 0, "Population_2010": 0, "Population_2015": 10359, "Population_2020": 11648, "Population_2025": 12504.281625178, "Population_2030": 13320.0077578047, "Population_2035": 14061.6832295894, "Population_2040": 14724.9485765095, "Population_2045": 15292.024953392, "Population_2050": 0.0 }, "geometry": { "type": "Point", "coordinates": [ 620341.420284745283425, 702272.435166284092702 ] } },
{ "type": "Feature", "properties": { "Agglomeration_ID": 12093, "Agglomeration_Name": "Ouelle", "ISO3": "CIV", "Population_1950": 0, "Population_1960": 0, "Population_1970": 0, "Population_1980": 0, "Population_1990": 0, "Population_2000": 0, "Population_2010": 0, "Population_2015": 0, "Population_2020": 10732, "Population_2025": 12498.8170061703, "Population_2030": 14410.141511943801, "Population_2035": 16425.160654158099, "Population_2040": 18534.889341033399, "Population_2045": 20699.6729056109, "Population_2050": 22910.518663518898 }, "geometry": { "type": "Point", "coordinates": [ 608887.035294480854645, 805902.293643139768392 ] } },
{ "type": "Feature", "properties": { "Agglomeration_ID": 12078, "Agglomeration_Name": "Bint biya al-wastā", "ISO3": "CIV", "Population_1950": 0, "Population_1960": 0, "Population_1970": 0, "Population_1980": 0, "Population_1990": 0, "Population_2000": 0, "Population_2010": 0, "Population_2015": 0, "Population_2020": 10757, "Population_2025": 12496.565558890199, "Population_2030": 14375.1412880521, "Population_2035": 16352.1384737362, "Population_2040": 19535.8766581579, "Population_2045": 21781.603641292499, "Population_2050": 24071.787035273101 }, "geometry": { "type": "Point", "coordinates": [ 480754.994316000491381, 860248.426242714049295 ] } },
{ "type": "Feature", "properties": { "Agglomeration_ID": 11612, "Agglomeration_Name": "Lopou", "ISO3": "CIV", "Population_1950": 0, "Population_1960": 0, "Population_1970": 0, "Population_1980": 0, "Population_1990": 0, "Population_2000": 0, "Population_2010": 0, "Population_2015": 0, "Population_2020": 11816, "Population_2025": 12488.215007222199, "Population_2030": 13082.758217139301, "Population_2035": 13567.6502802097, "Population_2040": 13939.466825641, "Population_2045": 14184.8474164814, "Population_2050": 14307.5070589919 }, "geometry": { "type": "Point", "coordinates": [ 558673.367309984867461, 598418.532734764739871 ] } },
{ "type": "Feature", "properties": { "Agglomeration_ID": 8166, "Agglomeration_Name": "Songan", "ISO3": "CIV", "Population_1950": 0, "Population_1960": 0, "Population_1970": 0, "Population_1980": 0, "Population_1990": 0, "Population_2000": 10667, "Population_2010": 0, "Population_2015": 10265, "Population_2020": 11579, "Population_2025": 12470.457254508399, "Population_2030": 13329.0849500686, "Population_2035": 14121.1767340112, "Population_2040": 14842.194471340699, "Population_2045": 15473.5067080232, "Population_2050": 16016.264827840099 }, "geometry": { "type": "Point", "coordinates": [ 698167.646119527053088, 675351.472053257049993 ] } },
{ "type": "Feature", "properties": { "Agglomeration_ID": 7165, "Agglomeration_Name": "Ouattaradougou", "ISO3": "CIV", "Population_1950": 0, "Population_1960": 0, "Population_1970": 0, "Population_1980": 0, "Population_1990": 0, "Population_2000": 0, "Population_2010": 10791, "Population_2015": 13237, "Population_2020": 12468, "Population_2025": 12468.0, "Population_2030": 12468.0, "Population_2035": 12468.0, "Population_2040": 12468.0, "Population_2045": 12468.0, "Population_2050": 12468.0 }, "geometry": { "type": "Point", "coordinates": [ 257116.572889165574452, 728655.769789774320088 ] } },
{ "type": "Feature", "properties": { "Agglomeration_ID": 1995, "Agglomeration_Name": "Bognonzra", "ISO3": "CIV", "Population_1950": 0, "Population_1960": 0, "Population_1970": 0, "Population_1980": 0, "Population_1990": 0, "Population_2000": 0, "Population_2010": 10050, "Population_2015": 12116, "Population_2020": 12418, "Population_2025": 12418.0, "Population_2030": 12418.0, "Population_2035": 12418.0, "Population_2040": 12418.0, "Population_2045": 12418.0, "Population_2050": 12418.0 }, "geometry": { "type": "Point", "coordinates": [ 378859.35401226131944, 772494.373634342220612 ] } },
{ "type": "Feature", "properties": { "Agglomeration_ID": 5050, "Agglomeration_Name": "Krazandougou", "ISO3": "CIV", "Population_1950": 0, "Population_1960": 0, "Population_1970": 0, "Population_1980": 0, "Population_1990": 0, "Population_2000": 13675, "Population_2010": 12787, "Population_2015": 13172, "Population_2020": 12406, "Population_2025": 12406.0, "Population_2030": 12406.0, "Population_2035": 12406.0, "Population_2040": 12406.0, "Population_2045": 12406.0, "Population_2050": 12406.0 }, "geometry": { "type": "Point", "coordinates": [ 256377.196423733432312, 716436.619926220038906 ] } },
{ "type": "Feature", "properties": { "Agglomeration_ID": 12252, "Agglomeration_Name": "Assouinde", "ISO3": "CIV", "Population_1950": 0, "Population_1960": 0, "Population_1970": 0, "Population_1980": 0, "Population_1990": 0, "Population_2000": 0, "Population_2010": 0, "Population_2015": 0, "Population_2020": 10472, "Population_2025": 12390.791588629299, "Population_2030": 14486.816420954199, "Population_2035": 16718.268141558699, "Population_2040": 19075.389690686501, "Population_2045": 21514.851257296501, "Population_2050": 24025.794768557898 }, "geometry": { "type": "Point", "coordinates": [ 663643.503971446654759, 570936.682713004993275 ] } },
{ "type": "Feature", "properties": { "Agglomeration_ID": 11458, "Agglomeration_Name": "Dianoufla", "ISO3": "CIV", "Population_1950": 0, "Population_1960": 0, "Population_1970": 0, "Population_1980": 0, "Population_1990": 0, "Population_2000": 0, "Population_2010": 0, "Population_2015": 0, "Population_2020": 12319, "Population_2025": 12390.1743663221, "Population_2030": 12390.1743663221, "Population_2035": 12390.1743663221, "Population_2040": 12390.1743663221, "Population_2045": 12390.1743663221, "Population_2050": 12390.1743663221 }, "geometry": { "type": "Point", "coordinates": [ 387739.641364022041671, 751021.242279625730589 ] } },
{ "type": "Feature", "properties": { "Agglomeration_ID": 12282, "Agglomeration_Name": "Kokumbo", "ISO3": "CIV", "Population_1950": 0, "Population_1960": 0, "Population_1970": 0, "Population_1980": 0, "Population_1990": 0, "Population_2000": 0, "Population_2010": 0, "Population_2015": 0, "Population_2020": 10424, "Population_2025": 12296.575348947699, "Population_2030": 14338.6116407636, "Population_2035": 16508.874978740601, "Population_2040": 18797.843158499902, "Population_2045": 21163.275623117799, "Population_2050": 23594.764306813599 }, "geometry": { "type": "Point", "coordinates": [ 471985.631435044168029, 722433.011868785717525 ] } },
{ "type": "Feature", "properties": { "Agglomeration_ID": 11925, "Agglomeration_Name": "Douague", "ISO3": "CIV", "Population_1950": 0, "Population_1960": 0, "Population_1970": 0, "Population_1980": 0, "Population_1990": 0, "Population_2000": 0, "Population_2010": 0, "Population_2015": 0, "Population_2020": 11053, "Population_2025": 12226.784888455601, "Population_2030": 13429.2732657038, "Population_2035": 14625.004600427101, "Population_2040": 15808.0066825878, "Population_2045": 16952.8110350098, "Population_2050": 18057.063980014798 }, "geometry": { "type": "Point", "coordinates": [ 264368.125436664326116, 827264.316267048823647 ] } },
{ "type": "Feature", "properties": { "Agglomeration_ID": 5298, "Agglomeration_Name": "Loboville", "ISO3": "CIV", "Population_1950": 0, "Population_1960": 0, "Population_1970": 0, "Population_1980": 0, "Population_1990": 0, "Population_2000": 12718, "Population_2010": 14783, "Population_2015": 12690, "Population_2020": 12167, "Population_2025": 12167.0, "Population_2030": 12167.0, "Population_2035": 12167.0, "Population_2040": 12167.0, "Population_2045": 12167.0, "Population_2050": 12167.0 }, "geometry": { "type": "Point", "coordinates": [ 297620.732307693629991, 677896.88726770831272 ] } },
{ "type": "Feature", "properties": { "Agglomeration_ID": 38307, "Agglomeration_Name": "Niemelilie", "ISO3": "CIV", "Population_1950": 0, "Population_1960": 0, "Population_1970": 0, "Population_1980": 0, "Population_1990": 0, "Population_2000": 0, "Population_2010": 0, "Population_2015": 0, "Population_2020": 0, "Population_2025": 12137.249294629601, "Population_2030": 15923.778077308199, "Population_2035": 20124.038416074702, "Population_2040": 24721.1538649785, "Population_2045": 29638.069528459298, "Population_2050": 34847.410712733101 }, "geometry": { "type": "Point", "coordinates": [ 435924.516969317512121, 650043.947174389963038 ] } },
{ "type": "Feature", "properties": { "Agglomeration_ID": 7660, "Agglomeration_Name": "Sahoua", "ISO3": "CIV", "Population_1950": 0, "Population_1960": 0, "Population_1970": 0, "Population_1980": 0, "Population_1990": 0, "Population_2000": 0, "Population_2010": 12833, "Population_2015": 16520, "Population_2020": 12126, "Population_2025": 12126.0, "Population_2030": 12126.0, "Population_2035": 12126.0, "Population_2040": 12126.0, "Population_2045": 12126.0, "Population_2050": 12126.0 }, "geometry": { "type": "Point", "coordinates": [ 359804.882360017043538, 559672.502224267227575 ] } },
{ "type": "Feature", "properties": { "Agglomeration_ID": 12158, "Agglomeration_Name": "Assinie-Mafia", "ISO3": "CIV", "Population_1950": 0, "Population_1960": 0, "Population_1970": 0, "Population_1980": 0, "Population_1990": 0, "Population_2000": 0, "Population_2010": 0, "Population_2015": 0, "Population_2020": 10632, "Population_2025": 12108.9547046307, "Population_2030": 13678.2211503361, "Population_2035": 15302.1491325358, "Population_2040": 16973.226390213698, "Population_2045": 18658.674814976501, "Population_2050": 20352.509652186302 }, "geometry": { "type": "Point", "coordinates": [ 681299.593197942594998, 568227.010890218778513 ] } },
{ "type": "Feature", "properties": { "Agglomeration_ID": 2347, "Agglomeration_Name": "Cechi", "ISO3": "CIV", "Population_1950": 0, "Population_1960": 0, "Population_1970": 0, "Population_1980": 0, "Population_1990": 0, "Population_2000": 10185, "Population_2010": 12344, "Population_2015": 10568, "Population_2020": 11532, "Population_2025": 11992.080252436899, "Population_2030": 12339.905827071299, "Population_2035": 12546.260460055601, "Population_2040": 12608.7978261464, "Population_2045": 12608.7978261464, "Population_2050": 12608.7978261464 }, "geometry": { "type": "Point", "coordinates": [ 564308.725224629743025, 690148.379082772415131 ] } },
{ "type": "Feature", "properties": { "Agglomeration_ID": 12398, "Agglomeration_Name": "Gbabo", "ISO3": "CIV", "Population_1950": 0, "Population_1960": 0, "Population_1970": 0, "Population_1980": 0, "Population_1990": 0, "Population_2000": 0, "Population_2010": 0, "Population_2015": 0, "Population_2020": 10252, "Population_2025": 11992.033941473001, "Population_2030": 13879.8281392851, "Population_2035": 15875.863488450799, "Population_2040": 17971.291341369601, "Population_2045": 20126.987293168298, "Population_2050": 22333.802138123701 }, "geometry": { "type": "Point", "coordinates": [ 305290.383931663585827, 787040.758571011596359 ] } },
{ "type": "Feature", "properties": { "Agglomeration_ID": 12409, "Agglomeration_Name": "Brobo", "ISO3": "CIV", "Population_1950": 0, "Population_1960": 0, "Population_1970": 0, "Population_1980": 0, "Population_1990": 0, "Population_2000": 0, "Population_2010": 0, "Population_2015": 0, "Population_2020": 10227, "Population_2025": 11988.085366618499, "Population_2030": 13901.2751830134, "Population_2035": 15926.8892920337, "Population_2040": 18055.972105229601, "Population_2045": 20248.8925988458, "Population_2050": 22496.253340188501 }, "geometry": { "type": "Point", "coordinates": [ 518898.56487453909358, 843935.670394657645375 ] } },
{ "type": "Feature", "properties": { "Agglomeration_ID": 12261, "Agglomeration_Name": "Bettie", "ISO3": "CIV", "Population_1950": 0, "Population_1960": 0, "Population_1970": 0, "Population_1980": 0, "Population_1990": 0, "Population_2000": 0, "Population_2010": 0, "Population_2015": 0, "Population_2020": 10465, "Population_2025": 11966.128031087501, "Population_2030": 13566.928560795701, "Population_2035": 15229.8606625953, "Population_2040": 16947.289379910399, "Population_2045": 18685.823971952799, "Population_2050": 20439.067018878399 }, "geometry": { "type": "Point", "coordinates": [ 675690.234597282949835, 671387.129721735254861 ] } },
{ "type": "Feature", "properties": { "Agglomeration_ID": 38284, "Agglomeration_Name": "Samo", "ISO3": "CIV", "Population_1950": 0, "Population_1960": 0, "Population_1970": 0, "Population_1980": 0, "Population_1990": 0, "Population_2000": 0, "Population_2010": 0, "Population_2015": 0, "Population_2020": 0, "Population_2025": 11965.849562859999, "Population_2030": 14880.152421250999, "Population_2035": 18069.580469171, "Population_2040": 21520.952670405801, "Population_2045": 25174.650824434499, "Population_2050": 0.0 }, "geometry": { "type": "Point", "coordinates": [ 664507.380780289648101, 583882.498854159144685 ] } },
{ "type": "Feature", "properties": { "Agglomeration_ID": 12197, "Agglomeration_Name": "Toumoukoro", "ISO3": "CIV", "Population_1950": 0, "Population_1960": 0, "Population_1970": 0, "Population_1980": 0, "Population_1990": 0, "Population_2000": 0, "Population_2010": 0, "Population_2015": 0, "Population_2020": 10545, "Population_2025": 11939.9099985784, "Population_2030": 13413.3647585082, "Population_2035": 14928.7341296056, "Population_2040": 16478.9227757923, "Population_2045": 18033.0858717355, "Population_2050": 19586.035880512201 }, "geometry": { "type": "Point", "coordinates": [ 417074.619984847668093, 1147940.210761025780812 ] } },
{ "type": "Feature", "properties": { "Agglomeration_ID": 38269, "Agglomeration_Name": "Gnago 1", "ISO3": "CIV", "Population_1950": 0, "Population_1960": 0, "Population_1970": 0, "Population_1980": 0, "Population_1990": 0, "Population_2000": 0, "Population_2010": 0, "Population_2015": 0, "Population_2020": 0, "Population_2025": 11898.6330697781, "Population_2030": 14449.276065436399, "Population_2035": 17217.1846123551, "Population_2040": 20190.718102239, "Population_2045": 23317.527763795701, "Population_2050": 26581.992756196199 }, "geometry": { "type": "Point", "coordinates": [ 412213.589623516716529, 579320.005402582115494 ] } },
{ "type": "Feature", "properties": { "Agglomeration_ID": 11987, "Agglomeration_Name": "Apoisso", "ISO3": "CIV", "Population_1950": 0, "Population_1960": 0, "Population_1970": 0, "Population_1980": 0, "Population_1990": 0, "Population_2000": 0, "Population_2010": 0, "Population_2015": 0, "Population_2020": 10952, "Population_2025": 11887.6599367335, "Population_2030": 12809.467335897099, "Population_2035": 13684.599924377801, "Population_2040": 14508.295452455901, "Population_2045": 15260.730399456799, "Population_2050": 15942.0047386643 }, "geometry": { "type": "Point", "coordinates": [ 674044.549673898261972, 723706.515843692002818 ] } },
{ "type": "Feature", "properties": { "Agglomeration_ID": 38259, "Agglomeration_Name": "Yakasse Feyasse", "ISO3": "CIV", "Population_1950": 0, "Population_1960": 0, "Population_1970": 0, "Population_1980": 0, "Population_1990": 0, "Population_2000": 0, "Population_2010": 0, "Population_2015": 0, "Population_2020": 0, "Population_2025": 11842.8598162699, "Population_2030": 13896.631011043801, "Population_2035": 16088.0185184002, "Population_2040": 18407.483791276802, "Population_2045": 20812.606046441899, "Population_2050": 23292.520336096899 }, "geometry": { "type": "Point", "coordinates": [ 675599.991885235416703, 768588.4335421777796 ] } },
{ "type": "Feature", "properties": { "Agglomeration_ID": 1177, "Agglomeration_Name": "Amelekia", "ISO3": "CIV", "Population_1950": 0, "Population_1960": 0, "Population_1970": 0, "Population_1980": 0, "Population_1990": 0, "Population_2000": 0, "Population_2010": 10356, "Population_2015": 11759, "Population_2020": 11805, "Population_2025": 11805.0, "Population_2030": 11805.0, "Population_2035": 11805.0, "Population_2040": 11805.0, "Population_2045": 11805.0, "Population_2050": 11805.0 }, "geometry": { "type": "Point", "coordinates": [ 658081.965095346560702, 754032.776058102026582 ] } },
{ "type": "Feature", "properties": { "Agglomeration_ID": 38306, "Agglomeration_Name": "Sipilou", "ISO3": "CIV", "Population_1950": 0, "Population_1960": 0, "Population_1970": 0, "Population_1980": 0, "Population_1990": 0, "Population_2000": 0, "Population_2010": 0, "Population_2015": 0, "Population_2020": 0, "Population_2025": 11631.418271749601, "Population_2030": 14787.958442372799, "Population_2035": 18264.421627950702, "Population_2040": 22046.628451703898, "Population_2045": 26070.163685258602, "Population_2050": 30313.353200358801 }, "geometry": { "type": "Point", "coordinates": [ 157868.812077746493742, 870529.723783833789639 ] } },
{ "type": "Feature", "properties": { "Agglomeration_ID": 38275, "Agglomeration_Name": "Assoumoukro", "ISO3": "CIV", "Population_1950": 0, "Population_1960": 0, "Population_1970": 0, "Population_1980": 0, "Population_1990": 0, "Population_2000": 0, "Population_2010": 0, "Population_2015": 0, "Population_2020": 0, "Population_2025": 11544.319569874, "Population_2030": 0.0, "Population_2035": 0.0, "Population_2040": 0.0, "Population_2045": 0.0, "Population_2050": 0.0 }, "geometry": { "type": "Point", "coordinates": [ 567210.144982756581157, 713429.172669473802671 ] } },
{ "type": "Feature", "properties": { "Agglomeration_ID": 12354, "Agglomeration_Name": "Attobrou", "ISO3": "CIV", "Population_1950": 0, "Population_1960": 0, "Population_1970": 0, "Population_1980": 0, "Population_1990": 0, "Population_2000": 0, "Population_2010": 0, "Population_2015": 0, "Population_2020": 10311, "Population_2025": 11521.2504196795, "Population_2030": 12779.7150805943, "Population_2035": 14052.140931256899, "Population_2040": 15332.371045322199, "Population_2045": 16593.9033466197, "Population_2050": 17833.309369114399 }, "geometry": { "type": "Point", "coordinates": [ 603771.472972840652801, 673002.841508212382905 ] } },
{ "type": "Feature", "properties": { "Agglomeration_ID": 38291, "Agglomeration_Name": "Moape", "ISO3": "CIV", "Population_1950": 0, "Population_1960": 0, "Population_1970": 0, "Population_1980": 0, "Population_1990": 0, "Population_2000": 0, "Population_2010": 0, "Population_2015": 0, "Population_2020": 0, "Population_2025": 11503.9802373822, "Population_2030": 14030.5292297384, "Population_2035": 16776.948708465799, "Population_2040": 19731.7286830066, "Population_2045": 22843.048531729299, "Population_2050": 26095.221243000298 }, "geometry": { "type": "Point", "coordinates": [ 632341.391316680237651, 683691.084387217182666 ] } },
{ "type": "Feature", "properties": { "Agglomeration_ID": 12510, "Agglomeration_Name": "Diarabana", "ISO3": "CIV", "Population_1950": 0, "Population_1960": 0, "Population_1970": 0, "Population_1980": 0, "Population_1990": 0, "Population_2000": 0, "Population_2010": 0, "Population_2015": 0, "Population_2020": 10083, "Population_2025": 11296.2351866893, "Population_2030": 12562.150951661901, "Population_2035": 13846.948932204799, "Population_2040": 15144.4572090044, "Population_2045": 16428.051751325002, "Population_2050": 17694.061754517901 }, "geometry": { "type": "Point", "coordinates": [ 322854.190557406283915, 905122.401614842819981 ] } },
{ "type": "Feature", "properties": { "Agglomeration_ID": 5010, "Agglomeration_Name": "Kouamefla", "ISO3": "CIV", "Population_1950": 0, "Population_1960": 0, "Population_1970": 0, "Population_1980": 0, "Population_1990": 0, "Population_2000": 0, "Population_2010": 14566, "Population_2015": 11253, "Population_2020": 11212, "Population_2025": 11212.0, "Population_2030": 11212.0, "Population_2035": 11212.0, "Population_2040": 11212.0, "Population_2045": 11212.0, "Population_2050": 11212.0 }, "geometry": { "type": "Point", "coordinates": [ 453099.237879905442242, 728062.192441870691255 ] } },
{ "type": "Feature", "properties": { "Agglomeration_ID": 12448, "Agglomeration_Name": "Bonahouin", "ISO3": "CIV", "Population_1950": 0, "Population_1960": 0, "Population_1970": 0, "Population_1980": 0, "Population_1990": 0, "Population_2000": 0, "Population_2010": 0, "Population_2015": 0, "Population_2020": 10172, "Population_2025": 11204.671291651601, "Population_2030": 12254.9135223622, "Population_2035": 13290.5765717878, "Population_2040": 14306.4058766247, "Population_2045": 15280.0948057979, "Population_2050": 16209.985908279699 }, "geometry": { "type": "Point", "coordinates": [ 636793.442908512894064, 725165.17205634759739 ] } },
{ "type": "Feature", "properties": { "Agglomeration_ID": 38264, "Agglomeration_Name": "Hannie", "ISO3": "CIV", "Population_1950": 0, "Population_1960": 0, "Population_1970": 0, "Population_1980": 0, "Population_1990": 0, "Population_2000": 0, "Population_2010": 0, "Population_2015": 0, "Population_2020": 0, "Population_2025": 11189.6863674039, "Population_2030": 12631.2253976427, "Population_2035": 14121.8826536652, "Population_2040": 15654.7524668732, "Population_2045": 17199.716733565299, "Population_2050": 18751.328032901201 }, "geometry": { "type": "Point", "coordinates": [ 282069.000676770810969, 520065.738343923469074 ] } },
{ "type": "Feature", "properties": { "Agglomeration_ID": 38332, "Agglomeration_Name": "Fadjadougou", "ISO3": "CIV", "Population_1950": 0, "Population_1960": 0, "Population_1970": 0, "Population_1980": 0, "Population_1990": 0, "Population_2000": 0, "Population_2010": 0, "Population_2015": 0, "Population_2020": 0, "Population_2025": 11147.4734299212, "Population_2030": 14723.856788777401, "Population_2035": 18696.227413480799, "Population_2040": 23048.668610573201, "Population_2045": 48561.7190110929, "Population_2050": 56791.217805725799 }, "geometry": { "type": "Point", "coordinates": [ 322079.976686681620777, 961400.930250737466849 ] } },
{ "type": "Feature", "properties": { "Agglomeration_ID": 38267, "Agglomeration_Name": "Floleu", "ISO3": "CIV", "Population_1950": 0, "Population_1960": 0, "Population_1970": 0, "Population_1980": 0, "Population_1990": 0, "Population_2000": 0, "Population_2010": 0, "Population_2015": 0, "Population_2020": 0, "Population_2025": 11135.637902549601, "Population_2030": 12748.8921539087, "Population_2035": 14440.0006702391, "Population_2040": 16201.3366924971, "Population_2045": 17999.3598192426, "Population_2050": 19826.923506384701 }, "geometry": { "type": "Point", "coordinates": [ 154867.764261369069573, 756884.991982596809976 ] } },
{ "type": "Feature", "properties": { "Agglomeration_ID": 38273, "Agglomeration_Name": "Sodesucre Village C", "ISO3": "CIV", "Population_1950": 0, "Population_1960": 0, "Population_1970": 0, "Population_1980": 0, "Population_1990": 0, "Population_2000": 0, "Population_2010": 0, "Population_2015": 0, "Population_2020": 0, "Population_2025": 10967.2162108064, "Population_2030": 12492.616524883701, "Population_2035": 14084.404275634701, "Population_2040": 15735.335982754401, "Population_2045": 17413.645556425799, "Population_2050": 19112.907296702801 }, "geometry": { "type": "Point", "coordinates": [ 469576.558212109724991, 1050217.599789019441232 ] } },
{ "type": "Feature", "properties": { "Agglomeration_ID": 12236, "Agglomeration_Name": "Manfla", "ISO3": "CIV", "Population_1950": 0, "Population_1960": 0, "Population_1970": 0, "Population_1980": 0, "Population_1990": 0, "Population_2000": 0, "Population_2010": 0, "Population_2015": 0, "Population_2020": 10499, "Population_2025": 10901.7049403032, "Population_2030": 11199.2045214098, "Population_2035": 11365.064067407, "Population_2040": 11397.229550562201, "Population_2045": 11397.229550562201, "Population_2050": 11397.229550562201 }, "geometry": { "type": "Point", "coordinates": [ 399363.220710587280337, 818349.172838838072494 ] } },
{ "type": "Feature", "properties": { "Agglomeration_ID": 1978, "Agglomeration_Name": "Bocanda", "ISO3": "CIV", "Population_1950": 0, "Population_1960": 0, "Population_1970": 0, "Population_1980": 0, "Population_1990": 0, "Population_2000": 0, "Population_2010": 11598, "Population_2015": 10980, "Population_2020": 10865, "Population_2025": 10865.0, "Population_2030": 10865.0, "Population_2035": 10865.0, "Population_2040": 10865.0, "Population_2045": 10865.0, "Population_2050": 10865.0 }, "geometry": { "type": "Point", "coordinates": [ 555911.295861718128435, 780250.551280610496178 ] } },
{ "type": "Feature", "properties": { "Agglomeration_ID": 2829, "Agglomeration_Name": "Doka", "ISO3": "CIV", "Population_1950": 0, "Population_1960": 0, "Population_1970": 0, "Population_1980": 0, "Population_1990": 0, "Population_2000": 0, "Population_2010": 0, "Population_2015": 10858, "Population_2020": 10818, "Population_2025": 10818.0, "Population_2030": 10818.0, "Population_2035": 10818.0, "Population_2040": 10818.0, "Population_2045": 10818.0, "Population_2050": 10818.0 }, "geometry": { "type": "Point", "coordinates": [ 463161.398893506557215, 699488.240409364574589 ] } },
{ "type": "Feature", "properties": { "Agglomeration_ID": 12067, "Agglomeration_Name": "Moussayo", "ISO3": "CIV", "Population_1950": 0, "Population_1960": 0, "Population_1970": 0, "Population_1980": 0, "Population_1990": 0, "Population_2000": 0, "Population_2010": 0, "Population_2015": 0, "Population_2020": 10783, "Population_2025": 10783.0, "Population_2030": 10783.0, "Population_2035": 10783.0, "Population_2040": 10783.0, "Population_2045": 10783.0, "Population_2050": 10783.0 }, "geometry": { "type": "Point", "coordinates": [ 341025.480377994535957, 661869.731174681568518 ] } },
{ "type": "Feature", "properties": { "Agglomeration_ID": 38274, "Agglomeration_Name": "Pogo", "ISO3": "CIV", "Population_1950": 0, "Population_1960": 0, "Population_1970": 0, "Population_1980": 0, "Population_1990": 0, "Population_2000": 0, "Population_2010": 0, "Population_2015": 0, "Population_2020": 0, "Population_2025": 10769.382680087099, "Population_2030": 12098.6551923108, "Population_2035": 13465.776627039701, "Population_2040": 14864.3461082084, "Population_2045": 16266.537333611301, "Population_2050": 17667.668740917401 }, "geometry": { "type": "Point", "coordinates": [ 430991.300160060636699, 1153836.126872253371403 ] } },
{ "type": "Feature", "properties": { "Agglomeration_ID": 7815, "Agglomeration_Name": "Scierie Jacob", "ISO3": "CIV", "Population_1950": 0, "Population_1960": 0, "Population_1970": 0, "Population_1980": 0, "Population_1990": 0, "Population_2000": 0, "Population_2010": 0, "Population_2015": 10857, "Population_2020": 10752, "Population_2025": 10752.0, "Population_2030": 10752.0, "Population_2035": 10752.0, "Population_2040": 10752.0, "Population_2045": 10752.0, "Population_2050": 10752.0 }, "geometry": { "type": "Point", "coordinates": [ 441935.036593655881006, 699002.279336889274418 ] } },
{ "type": "Feature", "properties": { "Agglomeration_ID": 38283, "Agglomeration_Name": "Prikro", "ISO3": "CIV", "Population_1950": 0, "Population_1960": 0, "Population_1970": 0, "Population_1980": 0, "Population_1990": 0, "Population_2000": 0, "Population_2010": 0, "Population_2015": 0, "Population_2020": 0, "Population_2025": 10722.532433275101, "Population_2030": 12147.8371362582, "Population_2035": 13627.3357591039, "Population_2040": 15154.2253706504, "Population_2045": 16698.7677214859, "Population_2050": 18255.3184224873 }, "geometry": { "type": "Point", "coordinates": [ 610791.460316062788479, 845438.375647308886983 ] } },
{ "type": "Feature", "properties": { "Agglomeration_ID": 12518, "Agglomeration_Name": "Kouadio-Dongokro", "ISO3": "CIV", "Population_1950": 0, "Population_1960": 0, "Population_1970": 0, "Population_1980": 0, "Population_1990": 0, "Population_2000": 0, "Population_2010": 0, "Population_2015": 0, "Population_2020": 10073, "Population_2025": 10699.315853555299, "Population_2030": 11269.323291692101, "Population_2035": 11755.2182687185, "Population_2040": 12153.810938840101, "Population_2045": 12452.444056667, "Population_2050": 12653.714974033801 }, "geometry": { "type": "Point", "coordinates": [ 716554.030754245701246, 816626.150239378912374 ] } },
{ "type": "Feature", "properties": { "Agglomeration_ID": 38282, "Agglomeration_Name": "Zogouine", "ISO3": "CIV", "Population_1950": 0, "Population_1960": 0, "Population_1970": 0, "Population_1980": 0, "Population_1990": 0, "Population_2000": 0, "Population_2010": 0, "Population_2015": 0, "Population_2020": 0, "Population_2025": 10687.4977900713, "Population_2030": 12060.423501155599, "Population_2035": 13479.627774000601, "Population_2040": 14938.531405326999, "Population_2045": 16408.4462054342, "Population_2050": 17884.207062795798 }, "geometry": { "type": "Point", "coordinates": [ 169615.683073071297258, 785203.924106678809039 ] } },
{ "type": "Feature", "properties": { "Agglomeration_ID": 38301, "Agglomeration_Name": "Grand-Morie", "ISO3": "CIV", "Population_1950": 0, "Population_1960": 0, "Population_1970": 0, "Population_1980": 0, "Population_1990": 0, "Population_2000": 0, "Population_2010": 0, "Population_2015": 0, "Population_2020": 0, "Population_2025": 10624.330632717199, "Population_2030": 12427.661016763501, "Population_2035": 14348.1038667996, "Population_2040": 16377.2672724819, "Population_2045": 18477.8764252398, "Population_2050": 20640.562107522099 }, "geometry": { "type": "Point", "coordinates": [ 595309.757896180613898, 661139.769977680873126 ] } },
{ "type": "Feature", "properties": { "Agglomeration_ID": 38271, "Agglomeration_Name": "Broudoukou-Kpenda", "ISO3": "CIV", "Population_1950": 0, "Population_1960": 0, "Population_1970": 0, "Population_1980": 0, "Population_1990": 0, "Population_2000": 0, "Population_2010": 0, "Population_2015": 0, "Population_2020": 0, "Population_2025": 10617.479935194, "Population_2030": 11678.7679955188, "Population_2035": 12736.956787101301, "Population_2040": 13786.788082295199, "Population_2045": 14805.804695732901, "Population_2050": 15791.7978781072 }, "geometry": { "type": "Point", "coordinates": [ 442899.679170513758436, 610056.32691602408886 ] } },
{ "type": "Feature", "properties": { "Agglomeration_ID": 38308, "Agglomeration_Name": "Assie Akpesse", "ISO3": "CIV", "Population_1950": 0, "Population_1960": 0, "Population_1970": 0, "Population_1980": 0, "Population_1990": 0, "Population_2000": 0, "Population_2010": 0, "Population_2015": 0, "Population_2020": 0, "Population_2025": 10617.4204086593, "Population_2030": 0.0, "Population_2035": 0.0, "Population_2040": 0.0, "Population_2045": 0.0, "Population_2050": 0.0 }, "geometry": { "type": "Point", "coordinates": [ 573289.926234940998256, 715095.037948182085529 ] } },
{ "type": "Feature", "properties": { "Agglomeration_ID": 2611, "Agglomeration_Name": "Dapeoua", "ISO3": "CIV", "Population_1950": 0, "Population_1960": 0, "Population_1970": 0, "Population_1980": 0, "Population_1990": 0, "Population_2000": 0, "Population_2010": 0, "Population_2015": 11056, "Population_2020": 10600, "Population_2025": 10600.0, "Population_2030": 10600.0, "Population_2035": 10600.0, "Population_2040": 10600.0, "Population_2045": 10600.0, "Population_2050": 10600.0 }, "geometry": { "type": "Point", "coordinates": [ 294124.512181368598249, 680028.53145026951097 ] } },
{ "type": "Feature", "properties": { "Agglomeration_ID": 12225, "Agglomeration_Name": "Gnogboyo", "ISO3": "CIV", "Population_1950": 0, "Population_1960": 0, "Population_1970": 0, "Population_1980": 0, "Population_1990": 0, "Population_2000": 0, "Population_2010": 0, "Population_2015": 0, "Population_2020": 10503, "Population_2025": 10503.0, "Population_2030": 10503.0, "Population_2035": 10503.0, "Population_2040": 10503.0, "Population_2045": 10503.0, "Population_2050": 10503.0 }, "geometry": { "type": "Point", "coordinates": [ 345082.878051599487662, 649985.917990701505914 ] } },
{ "type": "Feature", "properties": { "Agglomeration_ID": 38261, "Agglomeration_Name": "Guire", "ISO3": "CIV", "Population_1950": 0, "Population_1960": 0, "Population_1970": 0, "Population_1980": 0, "Population_1990": 0, "Population_2000": 0, "Population_2010": 0, "Population_2015": 0, "Population_2020": 0, "Population_2025": 10413.2098198863, "Population_2030": 10868.8864654431, "Population_2035": 11226.632325082701, "Population_2040": 11483.761240042501, "Population_2045": 11629.9329861148, "Population_2050": 11668.632324652201 }, "geometry": { "type": "Point", "coordinates": [ 325282.672847803973127, 608972.755299324984662 ] } },
{ "type": "Feature", "properties": { "Agglomeration_ID": 38313, "Agglomeration_Name": "Sapli-Seplingo", "ISO3": "CIV", "Population_1950": 0, "Population_1960": 0, "Population_1970": 0, "Population_1980": 0, "Population_1990": 0, "Population_2000": 0, "Population_2010": 0, "Population_2015": 0, "Population_2020": 0, "Population_2025": 10412.2741688921, "Population_2030": 12504.319305250199, "Population_2035": 14763.792000617301, "Population_2040": 17181.096802525899, "Population_2045": 19713.2192420633, "Population_2050": 22347.841506260302 }, "geometry": { "type": "Point", "coordinates": [ 720116.69306755810976, 901866.640954555477947 ] } },
{ "type": "Feature", "properties": { "Agglomeration_ID": 38265, "Agglomeration_Name": "Korokara", "ISO3": "CIV", "Population_1950": 0, "Population_1960": 0, "Population_1970": 0, "Population_1980": 0, "Population_1990": 0, "Population_2000": 0, "Population_2010": 0, "Population_2015": 0, "Population_2020": 0, "Population_2025": 10406.682000181399, "Population_2030": 11142.1679951526, "Population_2035": 11825.202984928799, "Population_2040": 12451.919828370201, "Population_2045": 13006.3919575282, "Population_2050": 13489.397165017999 }, "geometry": { "type": "Point", "coordinates": [ 431423.88993981963722, 1094310.508700378471985 ] } },
{ "type": "Feature", "properties": { "Agglomeration_ID": 38286, "Agglomeration_Name": "Ouyably-Gnondrou", "ISO3": "CIV", "Population_1950": 0, "Population_1960": 0, "Population_1970": 0, "Population_1980": 0, "Population_1990": 0, "Population_2000": 0, "Population_2010": 0, "Population_2015": 0, "Population_2020": 0, "Population_2025": 10362.0446270017, "Population_2030": 11381.4713395654, "Population_2035": 12395.225559934401, "Population_2040": 13398.2445095619, "Population_2045": 14368.9373266271, "Population_2050": 15305.306082487101 }, "geometry": { "type": "Point", "coordinates": [ 256146.284364344115602, 810532.704956790083088 ] } },
{ "type": "Feature", "properties": { "Agglomeration_ID": 38341, "Agglomeration_Name": "Glanle", "ISO3": "CIV", "Population_1950": 0, "Population_1960": 0, "Population_1970": 0, "Population_1980": 0, "Population_1990": 0, "Population_2000": 0, "Population_2010": 0, "Population_2015": 0, "Population_2020": 0, "Population_2025": 10351.5677178806, "Population_2030": 13160.8777394112, "Population_2035": 16254.924014357999, "Population_2040": 19621.086971570701, "Population_2045": 23202.037319092698, "Population_2050": 26978.484887638999 }, "geometry": { "type": "Point", "coordinates": [ 160718.309316452941857, 857592.308033389854245 ] } },
{ "type": "Feature", "properties": { "Agglomeration_ID": 38312, "Agglomeration_Name": "Yapleu", "ISO3": "CIV", "Population_1950": 0, "Population_1960": 0, "Population_1970": 0, "Population_1980": 0, "Population_1990": 0, "Population_2000": 0, "Population_2010": 0, "Population_2015": 0, "Population_2020": 0, "Population_2025": 10295.4619039237, "Population_2030": 12140.6860737099, "Population_2035": 14115.242343854499, "Population_2040": 16210.5859819291, "Population_2045": 18388.644868331001, "Population_2050": 20639.396205555498 }, "geometry": { "type": "Point", "coordinates": [ 200429.319587247213349, 784092.137093153083697 ] } },
{ "type": "Feature", "properties": { "Agglomeration_ID": 38334, "Agglomeration_Name": "Blapleu", "ISO3": "CIV", "Population_1950": 0, "Population_1960": 0, "Population_1970": 0, "Population_1980": 0, "Population_1990": 0, "Population_2000": 0, "Population_2010": 0, "Population_2015": 0, "Population_2020": 0, "Population_2025": 10267.769218473501, "Population_2030": 12824.895930446601, "Population_2035": 15627.249179684801, "Population_2040": 18663.280340694699, "Population_2045": 21880.705608092499, "Population_2050": 25262.6066090655 }, "geometry": { "type": "Point", "coordinates": [ 198543.326100947568193, 844790.206234630080871 ] } },
{ "type": "Feature", "properties": { "Agglomeration_ID": 12392, "Agglomeration_Name": "Befla", "ISO3": "CIV", "Population_1950": 0, "Population_1960": 0, "Population_1970": 0, "Population_1980": 0, "Population_1990": 0, "Population_2000": 0, "Population_2010": 0, "Population_2015": 0, "Population_2020": 10259, "Population_2025": 10259.0, "Population_2030": 10259.0, "Population_2035": 10259.0, "Population_2040": 10259.0, "Population_2045": 10259.0, "Population_2050": 10259.0 }, "geometry": { "type": "Point", "coordinates": [ 374292.281083446985576, 796994.953760516364127 ] } },
{ "type": "Feature", "properties": { "Agglomeration_ID": 38287, "Agglomeration_Name": "Becouefin", "ISO3": "CIV", "Population_1950": 0, "Population_1960": 0, "Population_1970": 0, "Population_1980": 0, "Population_1990": 0, "Population_2000": 0, "Population_2010": 0, "Population_2015": 0, "Population_2020": 0, "Population_2025": 10251.852132230801, "Population_2030": 11212.7803623046, "Population_2035": 12160.3685669929, "Population_2040": 13089.809035063099, "Population_2045": 13980.692116218301, "Population_2050": 14831.501342351799 }, "geometry": { "type": "Point", "coordinates": [ 627473.539306676597334, 716481.770863320329227 ] } },
{ "type": "Feature", "properties": { "Agglomeration_ID": 38288, "Agglomeration_Name": "Kouassi-Kouassikro", "ISO3": "CIV", "Population_1950": 0, "Population_1960": 0, "Population_1970": 0, "Population_1980": 0, "Population_1990": 0, "Population_2000": 0, "Population_2010": 0, "Population_2015": 0, "Population_2020": 0, "Population_2025": 10233.7533663759, "Population_2030": 11218.936108364, "Population_2035": 12195.0104131841, "Population_2040": 13157.067482557701, "Population_2045": 14084.2155194443, "Population_2050": 14974.6901332619 }, "geometry": { "type": "Point", "coordinates": [ 535629.473184798145667, 810867.231434034998529 ] } },
{ "type": "Feature", "properties": { "Agglomeration_ID": 38339, "Agglomeration_Name": "Tinhou", "ISO3": "CIV", "Population_1950": 0, "Population_1960": 0, "Population_1970": 0, "Population_1980": 0, "Population_1990": 0, "Population_2000": 0, "Population_2010": 0, "Population_2015": 0, "Population_2020": 0, "Population_2025": 10119.467170227699, "Population_2030": 12622.226767889, "Population_2035": 15363.8441019029, "Population_2040": 18333.01095906, "Population_2045": 21478.546795369199, "Population_2050": 24783.945946033498 }, "geometry": { "type": "Point", "coordinates": [ 150573.132196365855634, 712442.581861731829122 ] } },
{ "type": "Feature", "properties": { "Agglomeration_ID": 12566, "Agglomeration_Name": "Bacanda", "ISO3": "CIV", "Population_1950": 0, "Population_1960": 0, "Population_1970": 0, "Population_1980": 0, "Population_1990": 0, "Population_2000": 0, "Population_2010": 0, "Population_2015": 0, "Population_2020": 10012, "Population_2025": 10087.3698472734, "Population_2030": 10087.3698472734, "Population_2035": 10087.3698472734, "Population_2040": 10087.3698472734, "Population_2045": 10087.3698472734, "Population_2050": 10087.3698472734 }, "geometry": { "type": "Point", "coordinates": [ 513455.656484542763792, 622849.747662911773659 ] } },
{ "type": "Feature", "properties": { "Agglomeration_ID": 38315, "Agglomeration_Name": "Gregbeu", "ISO3": "CIV", "Population_1950": 0, "Population_1960": 0, "Population_1970": 0, "Population_1980": 0, "Population_1990": 0, "Population_2000": 0, "Population_2010": 0, "Population_2015": 0, "Population_2020": 0, "Population_2025": 10078.0602318485, "Population_2030": 11860.3576409941, "Population_2035": 13765.3705325099, "Population_2040": 15784.835785548499, "Population_2045": 17881.963695516301, "Population_2050": 20047.174507040199 }, "geometry": { "type": "Point", "coordinates": [ 308385.184605169575661, 751686.085433528409339 ] } },
{ "type": "Feature", "properties": { "Agglomeration_ID": 3568, "Agglomeration_Name": "Gomeneberi", "ISO3": "CIV", "Population_1950": 0, "Population_1960": 0, "Population_1970": 0, "Population_1980": 0, "Population_1990": 0, "Population_2000": 0, "Population_2010": 0, "Population_2015": 10412, "Population_2020": 10073, "Population_2025": 10073.0, "Population_2030": 10073.0, "Population_2035": 10073.0, "Population_2040": 10073.0, "Population_2045": 10073.0, "Population_2050": 10073.0 }, "geometry": { "type": "Point", "coordinates": [ 442810.39003202423919, 594273.911769452271983 ] } },
{ "type": "Feature", "properties": { "Agglomeration_ID": 12543, "Agglomeration_Name": "Mayo", "ISO3": "CIV", "Population_1950": 0, "Population_1960": 0, "Population_1970": 0, "Population_1980": 0, "Population_1990": 0, "Population_2000": 0, "Population_2010": 0, "Population_2015": 0, "Population_2020": 10044, "Population_2025": 10044.0, "Population_2030": 10044.0, "Population_2035": 10044.0, "Population_2040": 10044.0, "Population_2045": 10044.0, "Population_2050": 10044.0 }, "geometry": { "type": "Point", "coordinates": [ 344555.717718704021536, 672223.555813208920881 ] } },
{ "type": "Feature", "properties": { "Agglomeration_ID": 38324, "Agglomeration_Name": "Goueya", "ISO3": "CIV", "Population_1950": 0, "Population_1960": 0, "Population_1970": 0, "Population_1980": 0, "Population_1990": 0, "Population_2000": 0, "Population_2010": 0, "Population_2015": 0, "Population_2020": 0, "Population_2025": 10001.5290027752, "Population_2030": 11951.7370466026, "Population_2035": 14053.150655694801, "Population_2040": 16296.8033286176, "Population_2045": 18642.561711885399, "Population_2050": 21079.166642126002 }, "geometry": { "type": "Point", "coordinates": [ 288223.653810509364121, 1140033.159628605237231 ] } },
{ "type": "Feature", "properties": { "Agglomeration_ID": 11390, "Agglomeration_Name": "Baba", "ISO3": "CIV", "Population_1950": 0, "Population_1960": 0, "Population_1970": 0, "Population_1980": 0, "Population_1990": 0, "Population_2000": 0, "Population_2010": 0, "Population_2015": 0, "Population_2020": 12626, "Population_2025": 0.0, "Population_2030": 0.0, "Population_2035": 0.0, "Population_2040": 0.0, "Population_2045": 0.0, "Population_2050": 0.0 }, "geometry": { "type": "Point", "coordinates": [ 307563.805777968722396, 526289.774401421542279 ] } },
{ "type": "Feature", "properties": { "Agglomeration_ID": 38279, "Agglomeration_Name": "Ketesso", "ISO3": "CIV", "Population_1950": 0, "Population_1960": 0, "Population_1970": 0, "Population_1980": 0, "Population_1990": 0, "Population_2000": 0, "Population_2010": 0, "Population_2015": 0, "Population_2020": 0, "Population_2025": 0.0, "Population_2030": 10475.4689663359, "Population_2035": 10887.835856466299, "Population_2040": 11213.2318535546, "Population_2045": 11440.553140578601, "Population_2050": 11572.5613315418 }, "geometry": { "type": "Point", "coordinates": [ 701993.651671551167965, 649603.262452440219931 ] } },
{ "type": "Feature", "properties": { "Agglomeration_ID": 38280, "Agglomeration_Name": "Zatta", "ISO3": "CIV", "Population_1950": 0, "Population_1960": 0, "Population_1970": 0, "Population_1980": 0, "Population_1990": 0, "Population_2000": 0, "Population_2010": 0, "Population_2015": 0, "Population_2020": 0, "Population_2025": 0.0, "Population_2030": 10098.5370489373, "Population_2035": 10279.979745815701, "Population_2040": 10345.5885011385, "Population_2045": 10345.5885011385, "Population_2050": 10345.5885011385 }, "geometry": { "type": "Point", "coordinates": [ 455382.38588179013459, 759836.986041325959377 ] } },
{ "type": "Feature", "properties": { "Agglomeration_ID": 38289, "Agglomeration_Name": "N'Guinou", "ISO3": "CIV", "Population_1950": 0, "Population_1960": 0, "Population_1970": 0, "Population_1980": 0, "Population_1990": 0, "Population_2000": 0, "Population_2010": 0, "Population_2015": 0, "Population_2020": 0, "Population_2025": 0.0, "Population_2030": 10430.2138866642, "Population_2035": 10918.1831246313, "Population_2040": 11331.014186165199, "Population_2045": 11656.348089958599, "Population_2050": 11896.250802041101 }, "geometry": { "type": "Point", "coordinates": [ 592773.844174891826697, 745895.607232435024343 ] } },
{ "type": "Feature", "properties": { "Agglomeration_ID": 38290, "Agglomeration_Name": "Agbaou", "ISO3": "CIV", "Population_1950": 0, "Population_1960": 0, "Population_1970": 0, "Population_1980": 0, "Population_1990": 0, "Population_2000": 0, "Population_2010": 0, "Population_2015": 0, "Population_2020": 0, "Population_2025": 0.0, "Population_2030": 10588.708367490401, "Population_2035": 11178.6581729384, "Population_2040": 11706.328841775099, "Population_2045": 12157.581117367499, "Population_2050": 12533.676834583401 }, "geometry": { "type": "Point", "coordinates": [ 626587.310855051968247, 700631.873944834107533 ] } },
{ "type": "Feature", "properties": { "Agglomeration_ID": 38293, "Agglomeration_Name": "Seitifla", "ISO3": "CIV", "Population_1950": 0, "Population_1960": 0, "Population_1970": 0, "Population_1980": 0, "Population_1990": 0, "Population_2000": 0, "Population_2010": 0, "Population_2015": 0, "Population_2020": 0, "Population_2025": 0.0, "Population_2030": 10199.538709058799, "Population_2035": 10604.135441834, "Population_2040": 10924.5099075577, "Population_2045": 11149.7987043551, "Population_2050": 11282.6633859745 }, "geometry": { "type": "Point", "coordinates": [ 310858.488948830112349, 822459.662756626843475 ] } },
{ "type": "Feature", "properties": { "Agglomeration_ID": 38295, "Agglomeration_Name": "Dibobli", "ISO3": "CIV", "Population_1950": 0, "Population_1960": 0, "Population_1970": 0, "Population_1980": 0, "Population_1990": 0, "Population_2000": 0, "Population_2010": 0, "Population_2015": 0, "Population_2020": 0, "Population_2025": 0.0, "Population_2030": 10191.060877014599, "Population_2035": 10650.058208826, "Population_2040": 11033.007303086701, "Population_2045": 11328.132024927099, "Population_2050": 11537.6080930185 }, "geometry": { "type": "Point", "coordinates": [ 276848.472930780495517, 744987.093434641137719 ] } },
{ "type": "Feature", "properties": { "Agglomeration_ID": 38298, "Agglomeration_Name": "Didievi", "ISO3": "CIV", "Population_1950": 0, "Population_1960": 0, "Population_1970": 0, "Population_1980": 0, "Population_1990": 0, "Population_2000": 0, "Population_2010": 0, "Population_2015": 0, "Population_2020": 0, "Population_2025": 0.0, "Population_2030": 10187.4428050146, "Population_2035": 10649.3759345504, "Population_2040": 11035.7466086571, "Population_2045": 11334.730690661299, "Population_2050": 11548.475748057999 }, "geometry": { "type": "Point", "coordinates": [ 510985.122187362168916, 787640.431979499058798 ] } },
{ "type": "Feature", "properties": { "Agglomeration_ID": 38300, "Agglomeration_Name": "Wagana", "ISO3": "CIV", "Population_1950": 0, "Population_1960": 0, "Population_1970": 0, "Population_1980": 0, "Population_1990": 0, "Population_2000": 0, "Population_2010": 0, "Population_2015": 0, "Population_2020": 0, "Population_2025": 0.0, "Population_2030": 10942.6123523845, "Population_2035": 11933.3764777736, "Population_2040": 12916.202846615801, "Population_2045": 13870.0620100099, "Population_2050": 14792.890833466199 }, "geometry": { "type": "Point", "coordinates": [ 459518.475772409583442, 616492.39818172773812 ] } },
{ "type": "Feature", "properties": { "Agglomeration_ID": 38303, "Agglomeration_Name": "Kami", "ISO3": "CIV", "Population_1950": 0, "Population_1960": 0, "Population_1970": 0, "Population_1980": 0, "Population_1990": 0, "Population_2000": 0, "Population_2010": 0, "Population_2015": 0, "Population_2020": 0, "Population_2025": 0.0, "Population_2030": 10395.3417118292, "Population_2035": 0.0, "Population_2040": 0.0, "Population_2045": 0.0, "Population_2050": 0.0 }, "geometry": { "type": "Point", "coordinates": [ 469193.060105256678071, 760564.134380279108882 ] } },
{ "type": "Feature", "properties": { "Agglomeration_ID": 38304, "Agglomeration_Name": "Tomono", "ISO3": "CIV", "Population_1950": 0, "Population_1960": 0, "Population_1970": 0, "Population_1980": 0, "Population_1990": 0, "Population_2000": 0, "Population_2010": 0, "Population_2015": 0, "Population_2020": 0, "Population_2025": 0.0, "Population_2030": 0.0, "Population_2035": 0.0, "Population_2040": 10118.2002497907, "Population_2045": 10177.366666150099, "Population_2050": 10177.366666150099 }, "geometry": { "type": "Point", "coordinates": [ 378445.700919240538497, 919548.306360073271208 ] } },
{ "type": "Feature", "properties": { "Agglomeration_ID": 38309, "Agglomeration_Name": "Diafla", "ISO3": "CIV", "Population_1950": 0, "Population_1960": 0, "Population_1970": 0, "Population_1980": 0, "Population_1990": 0, "Population_2000": 0, "Population_2010": 0, "Population_2015": 0, "Population_2020": 0, "Population_2025": 0.0, "Population_2030": 0.0, "Population_2035": 10109.2053487051, "Population_2040": 10415.5369444476, "Population_2045": 10631.334959478199, "Population_2050": 10759.129326530399 }, "geometry": { "type": "Point", "coordinates": [ 293922.39044340280816, 820500.366412465227768 ] } },
{ "type": "Feature", "properties": { "Agglomeration_ID": 38311, "Agglomeration_Name": "Ouaninou", "ISO3": "CIV", "Population_1950": 0, "Population_1960": 0, "Population_1970": 0, "Population_1980": 0, "Population_1990": 0, "Population_2000": 0, "Population_2010": 0, "Population_2015": 0, "Population_2020": 0, "Population_2025": 0.0, "Population_2030": 11376.0681210803, "Population_2035": 12864.561159700799, "Population_2040": 14412.6823222783, "Population_2045": 15990.8483493413, "Population_2050": 17592.863497686201 }, "geometry": { "type": "Point", "coordinates": [ 183727.778296449861955, 911301.353043264709413 ] } },
{ "type": "Feature", "properties": { "Agglomeration_ID": 38314, "Agglomeration_Name": "Blody", "ISO3": "CIV", "Population_1950": 0, "Population_1960": 0, "Population_1970": 0, "Population_1980": 0, "Population_1990": 0, "Population_2000": 0, "Population_2010": 0, "Population_2015": 0, "Population_2020": 0, "Population_2025": 0.0, "Population_2030": 0.0, "Population_2035": 10213.8085158538, "Population_2040": 10694.4667915258, "Population_2045": 11105.1183616055, "Population_2050": 11446.928084139799 }, "geometry": { "type": "Point", "coordinates": [ 246003.912945933872834, 751023.990221678977832 ] } },
{ "type": "Feature", "properties": { "Agglomeration_ID": 38316, "Agglomeration_Name": "Pombly", "ISO3": "CIV", "Population_1950": 0, "Population_1960": 0, "Population_1970": 0, "Population_1980": 0, "Population_1990": 0, "Population_2000": 0, "Population_2010": 0, "Population_2015": 0, "Population_2020": 0, "Population_2025": 0.0, "Population_2030": 10173.7007588827, "Population_2035": 11079.877899135799, "Population_2040": 11976.4589280657, "Population_2045": 12844.144151337299, "Population_2050": 13681.1476573007 }, "geometry": { "type": "Point", "coordinates": [ 256530.790236808621557, 813849.754881088039838 ] } },
{ "type": "Feature", "properties": { "Agglomeration_ID": 38318, "Agglomeration_Name": "Kanoroba", "ISO3": "CIV", "Population_1950": 0, "Population_1960": 0, "Population_1970": 0, "Population_1980": 0, "Population_1990": 0, "Population_2000": 0, "Population_2010": 0, "Population_2015": 0, "Population_2020": 0, "Population_2025": 0.0, "Population_2030": 10830.489797834, "Population_2035": 12163.340824647899, "Population_2040": 13540.4858215314, "Population_2045": 14935.1791600748, "Population_2050": 16342.266673268399 }, "geometry": { "type": "Point", "coordinates": [ 376686.314712261781096, 1007093.905575042590499 ] } },
{ "type": "Feature", "properties": { "Agglomeration_ID": 38320, "Agglomeration_Name": "Sononzo", "ISO3": "CIV", "Population_1950": 0, "Population_1960": 0, "Population_1970": 0, "Population_1980": 0, "Population_1990": 0, "Population_2000": 0, "Population_2010": 0, "Population_2015": 0, "Population_2020": 0, "Population_2025": 0.0, "Population_2030": 10889.929430152901, "Population_2035": 12318.194023468401, "Population_2040": 13804.039048639401, "Population_2045": 15319.088522213, "Population_2050": 16857.381602780599 }, "geometry": { "type": "Point", "coordinates": [ 375425.621737531910185, 954019.888889344525523 ] } },
{ "type": "Feature", "properties": { "Agglomeration_ID": 38321, "Agglomeration_Name": "Kako-Village", "ISO3": "CIV", "Population_1950": 0, "Population_1960": 0, "Population_1970": 0, "Population_1980": 0, "Population_1990": 0, "Population_2000": 0, "Population_2010": 0, "Population_2015": 0, "Population_2020": 0, "Population_2025": 0.0, "Population_2030": 10601.997701816001, "Population_2035": 11853.484930840301, "Population_2040": 13140.448588737099, "Population_2045": 14437.603933283601, "Population_2050": 15740.375972247901 }, "geometry": { "type": "Point", "coordinates": [ 276265.100514847785234, 527640.418858953518793 ] } },
{ "type": "Feature", "properties": { "Agglomeration_ID": 38323, "Agglomeration_Name": "Madinani", "ISO3": "CIV", "Population_1950": 0, "Population_1960": 0, "Population_1970": 0, "Population_1980": 0, "Population_1990": 0, "Population_2000": 0, "Population_2010": 0, "Population_2015": 0, "Population_2020": 0, "Population_2025": 0.0, "Population_2030": 10560.7319071401, "Population_2035": 11791.701609789699, "Population_2040": 13055.6931426381, "Population_2045": 14327.7836619393, "Population_2050": 15603.554224912001 }, "geometry": { "type": "Point", "coordinates": [ 286672.709034216706641, 1062418.285707223694772 ] } },
{ "type": "Feature", "properties": { "Agglomeration_ID": 38325, "Agglomeration_Name": "Memni", "ISO3": "CIV", "Population_1950": 0, "Population_1960": 0, "Population_1970": 0, "Population_1980": 0, "Population_1990": 0, "Population_2000": 0, "Population_2010": 0, "Population_2015": 0, "Population_2020": 0, "Population_2025": 0.0, "Population_2030": 11926.1977871199, "Population_2035": 14030.5140660098, "Population_2040": 16277.860043259499, "Population_2045": 51131.852952092602, "Population_2050": 57833.808174092097 }, "geometry": { "type": "Point", "coordinates": [ 640439.705645903595723, 609259.815449650050141 ] } },
{ "type": "Feature", "properties": { "Agglomeration_ID": 38327, "Agglomeration_Name": "Kanzra", "ISO3": "CIV", "Population_1950": 0, "Population_1960": 0, "Population_1970": 0, "Population_1980": 0, "Population_1990": 0, "Population_2000": 0, "Population_2010": 0, "Population_2015": 0, "Population_2020": 0, "Population_2025": 0.0, "Population_2030": 10455.6436964471, "Population_2035": 11689.262158355999, "Population_2040": 12957.7795581957, "Population_2045": 14236.270175970199, "Population_2050": 15520.227411670699 }, "geometry": { "type": "Point", "coordinates": [ 365461.402834479056764, 809378.419132472132333 ] } },
{ "type": "Feature", "properties": { "Agglomeration_ID": 38329, "Agglomeration_Name": "Dougodou", "ISO3": "CIV", "Population_1950": 0, "Population_1960": 0, "Population_1970": 0, "Population_1980": 0, "Population_1990": 0, "Population_2000": 0, "Population_2010": 0, "Population_2015": 0, "Population_2020": 0, "Population_2025": 0.0, "Population_2030": 10875.611538291099, "Population_2035": 12411.0769893426, "Population_2040": 14020.1967212326, "Population_2045": 15672.795186644, "Population_2050": 17361.9556264928 }, "geometry": { "type": "Point", "coordinates": [ 462084.210964578785934, 583696.609569376450963 ] } },
{ "type": "Feature", "properties": { "Agglomeration_ID": 38330, "Agglomeration_Name": "Taabo", "ISO3": "CIV", "Population_1950": 0, "Population_1960": 0, "Population_1970": 0, "Population_1980": 0, "Population_1990": 0, "Population_2000": 0, "Population_2010": 0, "Population_2015": 0, "Population_2020": 0, "Population_2025": 0.0, "Population_2030": 10794.282730753601, "Population_2035": 12292.057293845401, "Population_2040": 13859.055061953401, "Population_2045": 15465.7674917887, "Population_2050": 17105.561111530798 }, "geometry": { "type": "Point", "coordinates": [ 491831.415131399815436, 693491.649778363876976 ] } },
{ "type": "Feature", "properties": { "Agglomeration_ID": 38331, "Agglomeration_Name": "Kodioussou", "ISO3": "CIV", "Population_1950": 0, "Population_1960": 0, "Population_1970": 0, "Population_1980": 0, "Population_1990": 0, "Population_2000": 0, "Population_2010": 0, "Population_2015": 0, "Population_2020": 0, "Population_2025": 0.0, "Population_2030": 11361.030088933199, "Population_2035": 13213.816236827401, "Population_2040": 15180.3781042338, "Population_2045": 17225.003751953402, "Population_2050": 19338.269564014201 }, "geometry": { "type": "Point", "coordinates": [ 637424.866221594740637, 637632.430074472445995 ] } },
{ "type": "Feature", "properties": { "Agglomeration_ID": 38335, "Agglomeration_Name": "Affalikro", "ISO3": "CIV", "Population_1950": 0, "Population_1960": 0, "Population_1970": 0, "Population_1980": 0, "Population_1990": 0, "Population_2000": 0, "Population_2010": 0, "Population_2015": 0, "Population_2020": 0, "Population_2025": 0.0, "Population_2030": 0.0, "Population_2035": 10857.9281189006, "Population_2040": 11845.842558550999, "Population_2045": 12819.145800865201, "Population_2050": 13775.199314621201 }, "geometry": { "type": "Point", "coordinates": [ 678845.56604696821887, 734316.339097551535815 ] } },
{ "type": "Feature", "properties": { "Agglomeration_ID": 38336, "Agglomeration_Name": "Boron", "ISO3": "CIV", "Population_1950": 0, "Population_1960": 0, "Population_1970": 0, "Population_1980": 0, "Population_1990": 0, "Population_2000": 0, "Population_2010": 0, "Population_2015": 0, "Population_2020": 0, "Population_2025": 0.0, "Population_2030": 11023.2031703297, "Population_2035": 12734.2980425072, "Population_2040": 14542.964315187501, "Population_2045": 16416.010257426798, "Population_2050": 18345.057594997099 }, "geometry": { "type": "Point", "coordinates": [ 393968.800471076334361, 961709.039261206286028 ] } },
{ "type": "Feature", "properties": { "Agglomeration_ID": 38337, "Agglomeration_Name": "Kadeko", "ISO3": "CIV", "Population_1950": 0, "Population_1960": 0, "Population_1970": 0, "Population_1980": 0, "Population_1990": 0, "Population_2000": 0, "Population_2010": 0, "Population_2015": 0, "Population_2020": 0, "Population_2025": 0.0, "Population_2030": 10358.4910881407, "Population_2035": 11660.681386861899, "Population_2040": 13009.295781442999, "Population_2045": 14378.2923880628, "Population_2050": 15762.499344325901 }, "geometry": { "type": "Point", "coordinates": [ 440189.664379600260872, 672149.193631127127446 ] } },
{ "type": "Feature", "properties": { "Agglomeration_ID": 38338, "Agglomeration_Name": "Koun-Fao", "ISO3": "CIV", "Population_1950": 0, "Population_1960": 0, "Population_1970": 0, "Population_1980": 0, "Population_1990": 0, "Population_2000": 0, "Population_2010": 0, "Population_2015": 0, "Population_2020": 0, "Population_2025": 0.0, "Population_2030": 14391.9737145084, "Population_2035": 17227.9795455522, "Population_2040": 20280.502114315299, "Population_2045": 23496.0686533105, "Population_2050": 26858.421617935499 }, "geometry": { "type": "Point", "coordinates": [ 692502.960248748306185, 827634.510102963540703 ] } },
{ "type": "Feature", "properties": { "Agglomeration_ID": 38340, "Agglomeration_Name": "Darakokaha", "ISO3": "CIV", "Population_1950": 0, "Population_1960": 0, "Population_1970": 0, "Population_1980": 0, "Population_1990": 0, "Population_2000": 0, "Population_2010": 0, "Population_2015": 0, "Population_2020": 0, "Population_2025": 0.0, "Population_2030": 11240.0248732703, "Population_2035": 13125.1157685421, "Population_2040": 15130.475097783499, "Population_2045": 17219.894962701699, "Population_2050": 19383.592335185102 }, "geometry": { "type": "Point", "coordinates": [ 482507.344205330475233, 916065.870802947087213 ] } },
{ "type": "Feature", "properties": { "Agglomeration_ID": 38346, "Agglomeration_Name": "Dania", "ISO3": "CIV", "Population_1950": 0, "Population_1960": 0, "Population_1970": 0, "Population_1980": 0, "Population_1990": 0, "Population_2000": 0, "Population_2010": 0, "Population_2015": 0, "Population_2020": 0, "Population_2025": 0.0, "Population_2030": 10517.958974773999, "Population_2035": 12030.4233584349, "Population_2040": 13618.190426011501, "Population_2045": 15251.6139823544, "Population_2050": 16923.761811735101 }, "geometry": { "type": "Point", "coordinates": [ 296560.024049492087215, 790441.338886209763587 ] } },
{ "type": "Feature", "properties": { "Agglomeration_ID": 38347, "Agglomeration_Name": "Oress-Krobou", "ISO3": "CIV", "Population_1950": 0, "Population_1960": 0, "Population_1970": 0, "Population_1980": 0, "Population_1990": 0, "Population_2000": 0, "Population_2010": 0, "Population_2015": 0, "Population_2020": 0, "Population_2025": 0.0, "Population_2030": 11205.4015275574, "Population_2035": 13152.607755315499, "Population_2040": 15229.7680936584, "Population_2045": 17399.6423780246, "Population_2050": 19651.8775961928 }, "geometry": { "type": "Point", "coordinates": [ 566746.987780438968912, 633096.155912351794541 ] } },
{ "type": "Feature", "properties": { "Agglomeration_ID": 38349, "Agglomeration_Name": "Biasso", "ISO3": "CIV", "Population_1950": 0, "Population_1960": 0, "Population_1970": 0, "Population_1980": 0, "Population_1990": 0, "Population_2000": 0, "Population_2010": 0, "Population_2015": 0, "Population_2020": 0, "Population_2025": 0.0, "Population_2030": 11709.2553041137, "Population_2035": 14001.4847226411, "Population_2040": 16467.630660385999, "Population_2045": 19064.4427340453, "Population_2050": 21778.827583589002 }, "geometry": { "type": "Point", "coordinates": [ 634020.416857968200929, 675217.991463296231814 ] } },
{ "type": "Feature", "properties": { "Agglomeration_ID": 38350, "Agglomeration_Name": "Akradio", "ISO3": "CIV", "Population_1950": 0, "Population_1960": 0, "Population_1970": 0, "Population_1980": 0, "Population_1990": 0, "Population_2000": 0, "Population_2010": 0, "Population_2015": 0, "Population_2020": 0, "Population_2025": 0.0, "Population_2030": 11547.3555067709, "Population_2035": 13758.188069813799, "Population_2040": 16133.173734697601, "Population_2045": 18630.4971184592, "Population_2050": 21237.685044628201 }, "geometry": { "type": "Point", "coordinates": [ 570842.282590278657153, 600673.190126628032885 ] } },
{ "type": "Feature", "properties": { "Agglomeration_ID": 38352, "Agglomeration_Name": "Pauly-Brousse", "ISO3": "CIV", "Population_1950": 0, "Population_1960": 0, "Population_1970": 0, "Population_1980": 0, "Population_1990": 0, "Population_2000": 0, "Population_2010": 0, "Population_2015": 0, "Population_2020": 0, "Population_2025": 0.0, "Population_2030": 0.0, "Population_2035": 0.0, "Population_2040": 10263.113992009499, "Population_2045": 10830.239876854699, "Population_2050": 11350.9939976448 }, "geometry": { "type": "Point", "coordinates": [ 367639.779581229900941, 548618.621787280426361 ] } },
{ "type": "Feature", "properties": { "Agglomeration_ID": 38355, "Agglomeration_Name": "Koyekro", "ISO3": "CIV", "Population_1950": 0, "Population_1960": 0, "Population_1970": 0, "Population_1980": 0, "Population_1990": 0, "Population_2000": 0, "Population_2010": 0, "Population_2015": 0, "Population_2020": 0, "Population_2025": 0.0, "Population_2030": 11379.7060212202, "Population_2035": 13541.88804138, "Population_2040": 15863.389218870299, "Population_2045": 18303.280010293201, "Population_2050": 20849.4145801788 }, "geometry": { "type": "Point", "coordinates": [ 527971.467202877392992, 679864.002970965695567 ] } },
{ "type": "Feature", "properties": { "Agglomeration_ID": 38357, "Agglomeration_Name": "Soko", "ISO3": "CIV", "Population_1950": 0, "Population_1960": 0, "Population_1970": 0, "Population_1980": 0, "Population_1990": 0, "Population_2000": 0, "Population_2010": 0, "Population_2015": 0, "Population_2020": 0, "Population_2025": 0.0, "Population_2030": 0.0, "Population_2035": 0.0, "Population_2040": 0.0, "Population_2045": 10335.379499295601, "Population_2050": 10750.050793774901 }, "geometry": { "type": "Point", "coordinates": [ 748875.712979813921265, 884131.592639035312459 ] } },
{ "type": "Feature", "properties": { "Agglomeration_ID": 38358, "Agglomeration_Name": "Kouassi Kouamekro", "ISO3": "CIV", "Population_1950": 0, "Population_1960": 0, "Population_1970": 0, "Population_1980": 0, "Population_1990": 0, "Population_2000": 0, "Population_2010": 0, "Population_2015": 0, "Population_2020": 0, "Population_2025": 0.0, "Population_2030": 0.0, "Population_2035": 11113.645996830501, "Population_2040": 12406.663653265299, "Population_2045": 13720.0692485568, "Population_2050": 15048.8711966431 }, "geometry": { "type": "Point", "coordinates": [ 478183.412856440292671, 678018.978579711634666 ] } },
{ "type": "Feature", "properties": { "Agglomeration_ID": 38360, "Agglomeration_Name": "Tieme", "ISO3": "CIV", "Population_1950": 0, "Population_1960": 0, "Population_1970": 0, "Population_1980": 0, "Population_1990": 0, "Population_2000": 0, "Population_2010": 0, "Population_2015": 0, "Population_2020": 0, "Population_2025": 0.0, "Population_2030": 0.0, "Population_2035": 10262.0819938319, "Population_2040": 11189.573828491901, "Population_2045": 12102.477621137399, "Population_2050": 12998.3501059545 }, "geometry": { "type": "Point", "coordinates": [ 245632.215303168428363, 1055296.211651509394869 ] } },
{ "type": "Feature", "properties": { "Agglomeration_ID": 38363, "Agglomeration_Name": "Wora", "ISO3": "CIV", "Population_1950": 0, "Population_1960": 0, "Population_1970": 0, "Population_1980": 0, "Population_1990": 0, "Population_2000": 0, "Population_2010": 0, "Population_2015": 0, "Population_2020": 0, "Population_2025": 0.0, "Population_2030": 11015.994977219299, "Population_2035": 12997.006908912201, "Population_2040": 15115.654432887301, "Population_2045": 17334.203310434899, "Population_2050": 19641.886032823699 }, "geometry": { "type": "Point", "coordinates": [ 354756.405633755261078, 1115363.364141495199874 ] } },
{ "type": "Feature", "properties": { "Agglomeration_ID": 38366, "Agglomeration_Name": "Bledi-Dieya", "ISO3": "CIV", "Population_1950": 0, "Population_1960": 0, "Population_1970": 0, "Population_1980": 0, "Population_1990": 0, "Population_2000": 0, "Population_2010": 0, "Population_2015": 0, "Population_2020": 0, "Population_2025": 0.0, "Population_2030": 11956.107646176901, "Population_2035": 14557.810375928, "Population_2040": 25037.5739673432, "Population_2045": 0.0, "Population_2050": 0.0 }, "geometry": { "type": "Point", "coordinates": [ 161146.715425094589591, 728799.284084327169694 ] } },
{ "type": "Feature", "properties": { "Agglomeration_ID": 38367, "Agglomeration_Name": "N'Deou", "ISO3": "CIV", "Population_1950": 0, "Population_1960": 0, "Population_1970": 0, "Population_1980": 0, "Population_1990": 0, "Population_2000": 0, "Population_2010": 0, "Population_2015": 0, "Population_2020": 0, "Population_2025": 0.0, "Population_2030": 0.0, "Population_2035": 0.0, "Population_2040": 10841.1963282344, "Population_2045": 11671.7937798802, "Population_2050": 12479.7576559833 }, "geometry": { "type": "Point", "coordinates": [ 322539.978865644196048, 1101866.596784186782315 ] } },
{ "type": "Feature", "properties": { "Agglomeration_ID": 38368, "Agglomeration_Name": "Kounahiri", "ISO3": "CIV", "Population_1950": 0, "Population_1960": 0, "Population_1970": 0, "Population_1980": 0, "Population_1990": 0, "Population_2000": 0, "Population_2010": 0, "Population_2015": 0, "Population_2020": 0, "Population_2025": 0.0, "Population_2030": 10956.3968873878, "Population_2035": 12952.827243338499, "Population_2040": 15090.0181032696, "Population_2045": 23157.481452347001, "Population_2050": 26273.477521201901 }, "geometry": { "type": "Point", "coordinates": [ 407693.05768984684255, 860877.434719990123995 ] } },
{ "type": "Feature", "properties": { "Agglomeration_ID": 38370, "Agglomeration_Name": "Akoboissue", "ISO3": "CIV", "Population_1950": 0, "Population_1960": 0, "Population_1970": 0, "Population_1980": 0, "Population_1990": 0, "Population_2000": 0, "Population_2010": 0, "Population_2015": 0, "Population_2020": 0, "Population_2025": 0.0, "Population_2030": 0.0, "Population_2035": 0.0, "Population_2040": 10798.8195810496, "Population_2045": 11625.377103856799, "Population_2050": 12429.2992443401 }, "geometry": { "type": "Point", "coordinates": [ 695120.422892843955196, 769394.982642202987336 ] } },
{ "type": "Feature", "properties": { "Agglomeration_ID": 38371, "Agglomeration_Name": "Niambezaria", "ISO3": "CIV", "Population_1950": 0, "Population_1960": 0, "Population_1970": 0, "Population_1980": 0, "Population_1990": 0, "Population_2000": 0, "Population_2010": 0, "Population_2015": 0, "Population_2020": 0, "Population_2025": 0.0, "Population_2030": 10031.0819192295, "Population_2035": 11463.396352961699, "Population_2040": 12966.0267508491, "Population_2045": 14510.8699626331, "Population_2050": 16091.404237528899 }, "geometry": { "type": "Point", "coordinates": [ 416149.92493809084408, 625193.48461253521964 ] } },
{ "type": "Feature", "properties": { "Agglomeration_ID": 38373, "Agglomeration_Name": "Tai", "ISO3": "CIV", "Population_1950": 0, "Population_1960": 0, "Population_1970": 0, "Population_1980": 0, "Population_1990": 0, "Population_2000": 0, "Population_2010": 0, "Population_2015": 0, "Population_2020": 0, "Population_2025": 0.0, "Population_2030": 0.0, "Population_2035": 11051.091632944301, "Population_2040": 12384.910283556699, "Population_2045": 13745.0313698011, "Population_2050": 15126.100591165399 }, "geometry": { "type": "Point", "coordinates": [ 228291.280361421755515, 649869.4754369975999 ] } },
{ "type": "Feature", "properties": { "Agglomeration_ID": 38375, "Agglomeration_Name": "Montezo", "ISO3": "CIV", "Population_1950": 0, "Population_1960": 0, "Population_1970": 0, "Population_1980": 0, "Population_1990": 0, "Population_2000": 0, "Population_2010": 0, "Population_2015": 0, "Population_2020": 0, "Population_2025": 0.0, "Population_2030": 10698.8475580543, "Population_2035": 12586.7303455448, "Population_2040": 28403.307975979598, "Population_2045": 0.0, "Population_2050": 0.0 }, "geometry": { "type": "Point", "coordinates": [ 639985.677262743352912, 605757.538996547460556 ] } },
{ "type": "Feature", "properties": { "Agglomeration_ID": 38376, "Agglomeration_Name": "Napieoledougou", "ISO3": "CIV", "Population_1950": 0, "Population_1960": 0, "Population_1970": 0, "Population_1980": 0, "Population_1990": 0, "Population_2000": 0, "Population_2010": 0, "Population_2015": 0, "Population_2020": 0, "Population_2025": 0.0, "Population_2030": 0.0, "Population_2035": 10759.3814641238, "Population_2040": 12008.534462764999, "Population_2045": 13277.0934686788, "Population_2050": 14560.247532434099 }, "geometry": { "type": "Point", "coordinates": [ 435694.154962198226713, 1026672.198283845791593 ] } },
{ "type": "Feature", "properties": { "Agglomeration_ID": 38377, "Agglomeration_Name": "Kondiebouma/Kondiebouna", "ISO3": "CIV", "Population_1950": 0, "Population_1960": 0, "Population_1970": 0, "Population_1980": 0, "Population_1990": 0, "Population_2000": 0, "Population_2010": 0, "Population_2015": 0, "Population_2020": 0, "Population_2025": 0.0, "Population_2030": 10954.600410536899, "Population_2035": 13036.191056007199, "Population_2040": 15271.1759234655, "Population_2045": 17620.151419677801, "Population_2050": 20071.423843362001 }, "geometry": { "type": "Point", "coordinates": [ 550830.795738497166894, 687249.047629444743507 ] } },
{ "type": "Feature", "properties": { "Agglomeration_ID": 38379, "Agglomeration_Name": "Tiegba 1", "ISO3": "CIV", "Population_1950": 0, "Population_1960": 0, "Population_1970": 0, "Population_1980": 0, "Population_1990": 0, "Population_2000": 0, "Population_2010": 0, "Population_2015": 0, "Population_2020": 0, "Population_2025": 0.0, "Population_2030": 10488.265078816599, "Population_2035": 12320.212972092701, "Population_2040": 14275.1839929174, "Population_2045": 16318.1636741116, "Population_2050": 18439.378877172701 }, "geometry": { "type": "Point", "coordinates": [ 484991.964717528957408, 618323.944520690944046 ] } },
{ "type": "Feature", "properties": { "Agglomeration_ID": 38380, "Agglomeration_Name": "Sogb", "ISO3": "CIV", "Population_1950": 0, "Population_1960": 0, "Population_1970": 0, "Population_1980": 0, "Population_1990": 0, "Population_2000": 0, "Population_2010": 0, "Population_2015": 0, "Population_2020": 0, "Population_2025": 0.0, "Population_2030": 0.0, "Population_2035": 10406.883344713, "Population_2040": 11536.750557736999, "Population_2045": 12675.561253834599, "Population_2050": 13819.2990594412 }, "geometry": { "type": "Point", "coordinates": [ 269017.28323548194021, 515863.437421570764855 ] } },
{ "type": "Feature", "properties": { "Agglomeration_ID": 38383, "Agglomeration_Name": "Gbehigbly", "ISO3": "CIV", "Population_1950": 0, "Population_1960": 0, "Population_1970": 0, "Population_1980": 0, "Population_1990": 0, "Population_2000": 0, "Population_2010": 0, "Population_2015": 0, "Population_2020": 0, "Population_2025": 0.0, "Population_2030": 0.0, "Population_2035": 11083.7100515613, "Population_2040": 12546.8241377091, "Population_2045": 14052.038672189499, "Population_2050": 15592.9645714789 }, "geometry": { "type": "Point", "coordinates": [ 272490.481938805431128, 801974.09465840482153 ] } },
{ "type": "Feature", "properties": { "Agglomeration_ID": 38385, "Agglomeration_Name": "Adebem", "ISO3": "CIV", "Population_1950": 0, "Population_1960": 0, "Population_1970": 0, "Population_1980": 0, "Population_1990": 0, "Population_2000": 0, "Population_2010": 0, "Population_2015": 0, "Population_2020": 0, "Population_2025": 0.0, "Population_2030": 10723.4316360618, "Population_2035": 12777.1319924571, "Population_2040": 14983.363826442899, "Population_2045": 17303.2850065368, "Population_2050": 19725.3069093923 }, "geometry": { "type": "Point", "coordinates": [ 406523.674609988695011, 605491.448159792693332 ] } },
{ "type": "Feature", "properties": { "Agglomeration_ID": 38388, "Agglomeration_Name": "Blessegue", "ISO3": "CIV", "Population_1950": 0, "Population_1960": 0, "Population_1970": 0, "Population_1980": 0, "Population_1990": 0, "Population_2000": 0, "Population_2010": 0, "Population_2015": 0, "Population_2020": 0, "Population_2025": 0.0, "Population_2030": 0.0, "Population_2035": 11311.7723426994, "Population_2040": 12889.1963476938, "Population_2045": 14520.1465837164, "Population_2050": 16197.4180463753 }, "geometry": { "type": "Point", "coordinates": [ 345126.746995854831766, 1127200.939597324235365 ] } },
{ "type": "Feature", "properties": { "Agglomeration_ID": 38389, "Agglomeration_Name": "Kobouo", "ISO3": "CIV", "Population_1950": 0, "Population_1960": 0, "Population_1970": 0, "Population_1980": 0, "Population_1990": 0, "Population_2000": 0, "Population_2010": 0, "Population_2015": 0, "Population_2020": 0, "Population_2025": 0.0, "Population_2030": 0.0, "Population_2035": 0.0, "Population_2040": 10118.1997332716, "Population_2045": 10834.9546337831, "Population_2050": 11523.933169501001 }, "geometry": { "type": "Point", "coordinates": [ 390910.05214792478364, 652870.854574531782418 ] } },
{ "type": "Feature", "properties": { "Agglomeration_ID": 38390, "Agglomeration_Name": "Dzeudji", "ISO3": "CIV", "Population_1950": 0, "Population_1960": 0, "Population_1970": 0, "Population_1980": 0, "Population_1990": 0, "Population_2000": 0, "Population_2010": 0, "Population_2015": 0, "Population_2020": 0, "Population_2025": 0.0, "Population_2030": 0.0, "Population_2035": 11622.5909203137, "Population_2040": 13351.9310727341, "Population_2045": 15149.883582537101, "Population_2050": 17008.162936021901 }, "geometry": { "type": "Point", "coordinates": [ 627312.598963143536821, 618078.274484161054716 ] } },
{ "type": "Feature", "properties": { "Agglomeration_ID": 38391, "Agglomeration_Name": "N'Djem", "ISO3": "CIV", "Population_1950": 0, "Population_1960": 0, "Population_1970": 0, "Population_1980": 0, "Population_1990": 0, "Population_2000": 0, "Population_2010": 0, "Population_2015": 0, "Population_2020": 0, "Population_2025": 0.0, "Population_2030": 10523.419698846201, "Population_2035": 12488.8472154914, "Population_2040": 14596.563317689899, "Population_2045": 16809.291798631799, "Population_2050": 0.0 }, "geometry": { "type": "Point", "coordinates": [ 584529.243077297694981, 581895.563376045553014 ] } },
{ "type": "Feature", "properties": { "Agglomeration_ID": 38392, "Agglomeration_Name": "Godjiboue", "ISO3": "CIV", "Population_1950": 0, "Population_1960": 0, "Population_1970": 0, "Population_1980": 0, "Population_1990": 0, "Population_2000": 0, "Population_2010": 0, "Population_2015": 0, "Population_2020": 0, "Population_2025": 0.0, "Population_2030": 10624.2349505656, "Population_2035": 12659.603029800201, "Population_2040": 14846.190115040201, "Population_2045": 17145.502177206799, "Population_2050": 19546.051914000898 }, "geometry": { "type": "Point", "coordinates": [ 404486.343417381634936, 601072.217500527855009 ] } },
{ "type": "Feature", "properties": { "Agglomeration_ID": 38394, "Agglomeration_Name": "Iboguhe", "ISO3": "CIV", "Population_1950": 0, "Population_1960": 0, "Population_1970": 0, "Population_1980": 0, "Population_1990": 0, "Population_2000": 0, "Population_2010": 0, "Population_2015": 0, "Population_2020": 0, "Population_2025": 0.0, "Population_2030": 0.0, "Population_2035": 10628.618255474599, "Population_2040": 11941.1364094398, "Population_2045": 13282.674730606201, "Population_2050": 14647.842271228599 }, "geometry": { "type": "Point", "coordinates": [ 295566.825445322785527, 723713.963302851305343 ] } },
{ "type": "Feature", "properties": { "Agglomeration_ID": 38399, "Agglomeration_Name": "Gbagrelilie", "ISO3": "CIV", "Population_1950": 0, "Population_1960": 0, "Population_1970": 0, "Population_1980": 0, "Population_1990": 0, "Population_2000": 0, "Population_2010": 0, "Population_2015": 0, "Population_2020": 0, "Population_2025": 0.0, "Population_2030": 12678.649292235799, "Population_2035": 16023.043924772001, "Population_2040": 19683.434473375299, "Population_2045": 23598.4672943568, "Population_2050": 27746.345438501801 }, "geometry": { "type": "Point", "coordinates": [ 413417.961593516462017, 651913.866864976356737 ] } },
{ "type": "Feature", "properties": { "Agglomeration_ID": 38401, "Agglomeration_Name": "Siakakro", "ISO3": "CIV", "Population_1950": 0, "Population_1960": 0, "Population_1970": 0, "Population_1980": 0, "Population_1990": 0, "Population_2000": 0, "Population_2010": 0, "Population_2015": 0, "Population_2020": 0, "Population_2025": 0.0, "Population_2030": 0.0, "Population_2035": 0.0, "Population_2040": 10161.4960880781, "Population_2045": 10940.193929375801, "Population_2050": 11697.6972129885 }, "geometry": { "type": "Point", "coordinates": [ 694220.661773710278794, 763677.333047872642055 ] } },
{ "type": "Feature", "properties": { "Agglomeration_ID": 38402, "Agglomeration_Name": "Tankesse", "ISO3": "CIV", "Population_1950": 0, "Population_1960": 0, "Population_1970": 0, "Population_1980": 0, "Population_1990": 0, "Population_2000": 0, "Population_2010": 0, "Population_2015": 0, "Population_2020": 0, "Population_2025": 0.0, "Population_2030": 0.0, "Population_2035": 11193.3461529181, "Population_2040": 12785.578153664201, "Population_2045": 14434.7039499814, "Population_2050": 16133.339363192599 }, "geometry": { "type": "Point", "coordinates": [ 698269.559621744556352, 811988.840623305295594 ] } },
{ "type": "Feature", "properties": { "Agglomeration_ID": 38405, "Agglomeration_Name": "Grand-Alepe", "ISO3": "CIV", "Population_1950": 0, "Population_1960": 0, "Population_1970": 0, "Population_1980": 0, "Population_1990": 0, "Population_2000": 0, "Population_2010": 0, "Population_2015": 0, "Population_2020": 0, "Population_2025": 0.0, "Population_2030": 10111.874162292301, "Population_2035": 11895.524526077401, "Population_2040": 0.0, "Population_2045": 0.0, "Population_2050": 0.0 }, "geometry": { "type": "Point", "coordinates": [ 636572.682936820783652, 604091.939904875471257 ] } },
{ "type": "Feature", "properties": { "Agglomeration_ID": 38406, "Agglomeration_Name": "Djebonoua", "ISO3": "CIV", "Population_1950": 0, "Population_1960": 0, "Population_1970": 0, "Population_1980": 0, "Population_1990": 0, "Population_2000": 0, "Population_2010": 0, "Population_2015": 0, "Population_2020": 0, "Population_2025": 0.0, "Population_2030": 0.0, "Population_2035": 10020.958431495799, "Population_2040": 11119.2988154951, "Population_2045": 12227.551801781299, "Population_2050": 13341.765643463399 }, "geometry": { "type": "Point", "coordinates": [ 492404.171267349796835, 830753.84627520700451 ] } },
{ "type": "Feature", "properties": { "Agglomeration_ID": 38407, "Agglomeration_Name": "Goya 1", "ISO3": "CIV", "Population_1950": 0, "Population_1960": 0, "Population_1970": 0, "Population_1980": 0, "Population_1990": 0, "Population_2000": 0, "Population_2010": 0, "Population_2015": 0, "Population_2020": 0, "Population_2025": 0.0, "Population_2030": 10131.8862156081, "Population_2035": 11950.0598443744, "Population_2040": 13894.253072065399, "Population_2045": 15929.824899685, "Population_2050": 18046.9059883054 }, "geometry": { "type": "Point", "coordinates": [ 231778.030550334544387, 725644.90862505196128 ] } },
{ "type": "Feature", "properties": { "Agglomeration_ID": 38408, "Agglomeration_Name": "Vrigrita", "ISO3": "CIV", "Population_1950": 0, "Population_1960": 0, "Population_1970": 0, "Population_1980": 0, "Population_1990": 0, "Population_2000": 0, "Population_2010": 0, "Population_2015": 0, "Population_2020": 0, "Population_2025": 0.0, "Population_2030": 12176.7589478174, "Population_2035": 15270.120157560899, "Population_2040": 18649.402704174001, "Population_2045": 22257.6796069634, "Population_2050": 26075.065027140201 }, "geometry": { "type": "Point", "coordinates": [ 377824.400751400680747, 746506.917808798607439 ] } },
{ "type": "Feature", "properties": { "Agglomeration_ID": 38409, "Agglomeration_Name": "Tabagne", "ISO3": "CIV", "Population_1950": 0, "Population_1960": 0, "Population_1970": 0, "Population_1980": 0, "Population_1990": 0, "Population_2000": 0, "Population_2010": 0, "Population_2015": 0, "Population_2020": 0, "Population_2025": 0.0, "Population_2030": 10515.1351691701, "Population_2035": 12578.547783312701, "Population_2040": 14798.873146223401, "Population_2045": 17137.188283761101, "Population_2050": 19581.691401570599 }, "geometry": { "type": "Point", "coordinates": [ 712856.010424792999402, 883395.302188212168403 ] } },
{ "type": "Feature", "properties": { "Agglomeration_ID": 38410, "Agglomeration_Name": "Zomplou", "ISO3": "CIV", "Population_1950": 0, "Population_1960": 0, "Population_1970": 0, "Population_1980": 0, "Population_1990": 0, "Population_2000": 0, "Population_2010": 0, "Population_2015": 0, "Population_2020": 0, "Population_2025": 0.0, "Population_2030": 13247.056955460401, "Population_2035": 17042.858972601702, "Population_2040": 0.0, "Population_2045": 0.0, "Population_2050": 0.0 }, "geometry": { "type": "Point", "coordinates": [ 152123.291182839602698, 731623.228706969879568 ] } },
{ "type": "Feature", "properties": { "Agglomeration_ID": 38413, "Agglomeration_Name": "Bobi", "ISO3": "CIV", "Population_1950": 0, "Population_1960": 0, "Population_1970": 0, "Population_1980": 0, "Population_1990": 0, "Population_2000": 0, "Population_2010": 0, "Population_2015": 0, "Population_2020": 0, "Population_2025": 0.0, "Population_2030": 0.0, "Population_2035": 0.0, "Population_2040": 10221.5328604516, "Population_2045": 11087.6458399327, "Population_2050": 11941.864139944901 }, "geometry": { "type": "Point", "coordinates": [ 328997.270580933836754, 902019.022874063695781 ] } },
{ "type": "Feature", "properties": { "Agglomeration_ID": 38415, "Agglomeration_Name": "Zouhounou", "ISO3": "CIV", "Population_1950": 0, "Population_1960": 0, "Population_1970": 0, "Population_1980": 0, "Population_1990": 0, "Population_2000": 0, "Population_2010": 0, "Population_2015": 0, "Population_2020": 0, "Population_2025": 0.0, "Population_2030": 0.0, "Population_2035": 0.0, "Population_2040": 10086.487334601001, "Population_2045": 10914.2335159214, "Population_2050": 11727.177969079499 }, "geometry": { "type": "Point", "coordinates": [ 688809.696178405778483, 730847.629493913031183 ] } },
{ "type": "Feature", "properties": { "Agglomeration_ID": 38422, "Agglomeration_Name": "Leleble", "ISO3": "CIV", "Population_1950": 0, "Population_1960": 0, "Population_1970": 0, "Population_1980": 0, "Population_1990": 0, "Population_2000": 0, "Population_2010": 0, "Population_2015": 0, "Population_2020": 0, "Population_2025": 0.0, "Population_2030": 0.0, "Population_2035": 10221.178307321799, "Population_2040": 11523.5353027199, "Population_2045": 12858.835347219299, "Population_2050": 14221.567764708599 }, "geometry": { "type": "Point", "coordinates": [ 475606.176766834629234, 688705.928202657494694 ] } },
{ "type": "Feature", "properties": { "Agglomeration_ID": 38427, "Agglomeration_Name": "Yobouakro", "ISO3": "CIV", "Population_1950": 0, "Population_1960": 0, "Population_1970": 0, "Population_1980": 0, "Population_1990": 0, "Population_2000": 0, "Population_2010": 0, "Population_2015": 0, "Population_2020": 0, "Population_2025": 0.0, "Population_2030": 0.0, "Population_2035": 10854.3113362002, "Population_2040": 12459.4274890324, "Population_2045": 14127.3777323461, "Population_2050": 15850.504802966499 }, "geometry": { "type": "Point", "coordinates": [ 686170.398233376909047, 799407.511097377282567 ] } },
{ "type": "Feature", "properties": { "Agglomeration_ID": 38428, "Agglomeration_Name": "Ouelli", "ISO3": "CIV", "Population_1950": 0, "Population_1960": 0, "Population_1970": 0, "Population_1980": 0, "Population_1990": 0, "Population_2000": 0, "Population_2010": 0, "Population_2015": 0, "Population_2020": 0, "Population_2025": 0.0, "Population_2030": 0.0, "Population_2035": 11237.427758531099, "Population_2040": 13031.264874431599, "Population_2045": 14906.715454262299, "Population_2050": 16854.7784580226 }, "geometry": { "type": "Point", "coordinates": [ 302311.165518013061956, 1145113.251961651956663 ] } },
{ "type": "Feature", "properties": { "Agglomeration_ID": 38430, "Agglomeration_Name": "Djibrosso", "ISO3": "CIV", "Population_1950": 0, "Population_1960": 0, "Population_1970": 0, "Population_1980": 0, "Population_1990": 0, "Population_2000": 0, "Population_2010": 0, "Population_2015": 0, "Population_2020": 0, "Population_2025": 0.0, "Population_2030": 11084.2645764881, "Population_2035": 13741.603346800401, "Population_2040": 16635.746010796502, "Population_2045": 19717.541960634098, "Population_2050": 22970.289806703098 }, "geometry": { "type": "Point", "coordinates": [ 280116.799990685191005, 969529.180754840606824 ] } },
{ "type": "Feature", "properties": { "Agglomeration_ID": 38432, "Agglomeration_Name": "ADK", "ISO3": "CIV", "Population_1950": 0, "Population_1960": 0, "Population_1970": 0, "Population_1980": 0, "Population_1990": 0, "Population_2000": 0, "Population_2010": 0, "Population_2015": 0, "Population_2020": 0, "Population_2025": 0.0, "Population_2030": 10920.4945512085, "Population_2035": 13479.0534347132, "Population_2040": 16262.105592116201, "Population_2045": 19222.228886651301, "Population_2050": 22343.494554912599 }, "geometry": { "type": "Point", "coordinates": [ 267568.767632181581575, 684738.58619228284806 ] } },
{ "type": "Feature", "properties": { "Agglomeration_ID": 38434, "Agglomeration_Name": "Kokoloppozo", "ISO3": "CIV", "Population_1950": 0, "Population_1960": 0, "Population_1970": 0, "Population_1980": 0, "Population_1990": 0, "Population_2000": 0, "Population_2010": 0, "Population_2015": 0, "Population_2020": 0, "Population_2025": 0.0, "Population_2030": 0.0, "Population_2035": 11562.9806897543, "Population_2040": 13531.3575393267, "Population_2045": 15599.083107422801, "Population_2050": 17755.899265155698 }, "geometry": { "type": "Point", "coordinates": [ 380237.58765729580773, 567392.000836106599309 ] } },
{ "type": "Feature", "properties": { "Agglomeration_ID": 38435, "Agglomeration_Name": "Kong 1", "ISO3": "CIV", "Population_1950": 0, "Population_1960": 0, "Population_1970": 0, "Population_1980": 0, "Population_1990": 0, "Population_2000": 0, "Population_2010": 0, "Population_2015": 0, "Population_2020": 0, "Population_2025": 0.0, "Population_2030": 0.0, "Population_2035": 10833.2636226914, "Population_2040": 12487.355030786501, "Population_2045": 14210.6906651392, "Population_2050": 15995.2047145542 }, "geometry": { "type": "Point", "coordinates": [ 649144.077515971031971, 675991.102515743346885 ] } },
{ "type": "Feature", "properties": { "Agglomeration_ID": 38437, "Agglomeration_Name": "Selieguhe", "ISO3": "CIV", "Population_1950": 0, "Population_1960": 0, "Population_1970": 0, "Population_1980": 0, "Population_1990": 0, "Population_2000": 0, "Population_2010": 0, "Population_2015": 0, "Population_2020": 0, "Population_2025": 0.0, "Population_2030": 0.0, "Population_2035": 0.0, "Population_2040": 11001.618489336101, "Population_2045": 12237.4886882311, "Population_2050": 13495.115654925599 }, "geometry": { "type": "Point", "coordinates": [ 293567.171935581485741, 731279.314806818962097 ] } },
{ "type": "Feature", "properties": { "Agglomeration_ID": 38438, "Agglomeration_Name": "Krezoukoue", "ISO3": "CIV", "Population_1950": 0, "Population_1960": 0, "Population_1970": 0, "Population_1980": 0, "Population_1990": 0, "Population_2000": 0, "Population_2010": 0, "Population_2015": 0, "Population_2020": 0, "Population_2025": 0.0, "Population_2030": 10485.7123880415, "Population_2035": 12808.446673504601, "Population_2040": 15326.90311152, "Population_2045": 17997.803466201502, "Population_2050": 20807.0367405379 }, "geometry": { "type": "Point", "coordinates": [ 450885.425819502561353, 670849.760025869240053 ] } },
{ "type": "Feature", "properties": { "Agglomeration_ID": 38439, "Agglomeration_Name": "Oghlwapo", "ISO3": "CIV", "Population_1950": 0, "Population_1960": 0, "Population_1970": 0, "Population_1980": 0, "Population_1990": 0, "Population_2000": 0, "Population_2010": 0, "Population_2015": 0, "Population_2020": 0, "Population_2025": 0.0, "Population_2030": 10534.194873602, "Population_2035": 12897.511674180399, "Population_2040": 15461.873955131599, "Population_2045": 18183.300824546001, "Population_2050": 21047.352366132302 }, "geometry": { "type": "Point", "coordinates": [ 638989.352358441217802, 596357.238746576011181 ] } },
{ "type": "Feature", "properties": { "Agglomeration_ID": 38442, "Agglomeration_Name": "Taobly", "ISO3": "CIV", "Population_1950": 0, "Population_1960": 0, "Population_1970": 0, "Population_1980": 0, "Population_1990": 0, "Population_2000": 0, "Population_2010": 0, "Population_2015": 0, "Population_2020": 0, "Population_2025": 0.0, "Population_2030": 0.0, "Population_2035": 0.0, "Population_2040": 0.0, "Population_2045": 0.0, "Population_2050": 10458.3561056093 }, "geometry": { "type": "Point", "coordinates": [ 258766.78000593019533, 819370.280590145499445 ] } },
{ "type": "Feature", "properties": { "Agglomeration_ID": 38444, "Agglomeration_Name": "Kpouebo", "ISO3": "CIV", "Population_1950": 0, "Population_1960": 0, "Population_1970": 0, "Population_1980": 0, "Population_1990": 0, "Population_2000": 0, "Population_2010": 0, "Population_2015": 0, "Population_2020": 0, "Population_2025": 0.0, "Population_2030": 0.0, "Population_2035": 0.0, "Population_2040": 10147.3709840867, "Population_2045": 11149.579999678101, "Population_2050": 12156.1849066583 }, "geometry": { "type": "Point", "coordinates": [ 515611.436971158487722, 699757.371301248203963 ] } },
{ "type": "Feature", "properties": { "Agglomeration_ID": 38445, "Agglomeration_Name": "Abronamoue", "ISO3": "CIV", "Population_1950": 0, "Population_1960": 0, "Population_1970": 0, "Population_1980": 0, "Population_1990": 0, "Population_2000": 0, "Population_2010": 0, "Population_2015": 0, "Population_2020": 0, "Population_2025": 0.0, "Population_2030": 0.0, "Population_2035": 0.0, "Population_2040": 0.0, "Population_2045": 10217.116205915199, "Population_2050": 10978.563832305799 }, "geometry": { "type": "Point", "coordinates": [ 684519.913899285369553, 745763.115839206147939 ] } },
{ "type": "Feature", "properties": { "Agglomeration_ID": 38446, "Agglomeration_Name": "Brihiri", "ISO3": "CIV", "Population_1950": 0, "Population_1960": 0, "Population_1970": 0, "Population_1980": 0, "Population_1990": 0, "Population_2000": 0, "Population_2010": 0, "Population_2015": 0, "Population_2020": 0, "Population_2025": 0.0, "Population_2030": 0.0, "Population_2035": 0.0, "Population_2040": 10354.1651339004, "Population_2045": 11443.936231039799, "Population_2050": 12545.833773545501 }, "geometry": { "type": "Point", "coordinates": [ 435211.652387143287342, 673628.357194290845655 ] } },
{ "type": "Feature", "properties": { "Agglomeration_ID": 38447, "Agglomeration_Name": "Mougnini", "ISO3": "CIV", "Population_1950": 0, "Population_1960": 0, "Population_1970": 0, "Population_1980": 0, "Population_1990": 0, "Population_2000": 0, "Population_2010": 0, "Population_2015": 0, "Population_2020": 0, "Population_2025": 0.0, "Population_2030": 0.0, "Population_2035": 0.0, "Population_2040": 0.0, "Population_2045": 0.0, "Population_2050": 10515.0345614909 }, "geometry": { "type": "Point", "coordinates": [ 316718.115498013794422, 1107057.414352884283289 ] } },
{ "type": "Feature", "properties": { "Agglomeration_ID": 38450, "Agglomeration_Name": "Taabo Village", "ISO3": "CIV", "Population_1950": 0, "Population_1960": 0, "Population_1970": 0, "Population_1980": 0, "Population_1990": 0, "Population_2000": 0, "Population_2010": 0, "Population_2015": 0, "Population_2020": 0, "Population_2025": 0.0, "Population_2030": 0.0, "Population_2035": 0.0, "Population_2040": 10732.0697306027, "Population_2045": 11975.9379928494, "Population_2050": 13245.3863705852 }, "geometry": { "type": "Point", "coordinates": [ 487958.227409836021252, 685017.290150437271222 ] } },
{ "type": "Feature", "properties": { "Agglomeration_ID": 38451, "Agglomeration_Name": "Koro", "ISO3": "CIV", "Population_1950": 0, "Population_1960": 0, "Population_1970": 0, "Population_1980": 0, "Population_1990": 0, "Population_2000": 0, "Population_2010": 0, "Population_2015": 0, "Population_2020": 0, "Population_2025": 0.0, "Population_2030": 0.0, "Population_2035": 10059.404305784101, "Population_2040": 11507.425522465899, "Population_2045": 13008.7200856443, "Population_2050": 14556.512952246499 }, "geometry": { "type": "Point", "coordinates": [ 228783.045013472205028, 946042.377555903745815 ] } },
{ "type": "Feature", "properties": { "Agglomeration_ID": 38452, "Agglomeration_Name": "Tambi", "ISO3": "CIV", "Population_1950": 0, "Population_1960": 0, "Population_1970": 0, "Population_1980": 0, "Population_1990": 0, "Population_2000": 0, "Population_2010": 0, "Population_2015": 0, "Population_2020": 0, "Population_2025": 0.0, "Population_2030": 0.0, "Population_2035": 0.0, "Population_2040": 0.0, "Population_2045": 0.0, "Population_2050": 10319.004334965 }, "geometry": { "type": "Point", "coordinates": [ 767282.394636489800178, 910792.916277945972979 ] } },
{ "type": "Feature", "properties": { "Agglomeration_ID": 38454, "Agglomeration_Name": "Boguedia", "ISO3": "CIV", "Population_1950": 0, "Population_1960": 0, "Population_1970": 0, "Population_1980": 0, "Population_1990": 0, "Population_2000": 0, "Population_2010": 0, "Population_2015": 0, "Population_2020": 0, "Population_2025": 0.0, "Population_2030": 0.0, "Population_2035": 0.0, "Population_2040": 0.0, "Population_2045": 0.0, "Population_2050": 10375.2376044635 }, "geometry": { "type": "Point", "coordinates": [ 331910.704952721018344, 733360.456525415647775 ] } },
{ "type": "Feature", "properties": { "Agglomeration_ID": 38455, "Agglomeration_Name": "Tahouara", "ISO3": "CIV", "Population_1950": 0, "Population_1960": 0, "Population_1970": 0, "Population_1980": 0, "Population_1990": 0, "Population_2000": 0, "Population_2010": 0, "Population_2015": 0, "Population_2020": 0, "Population_2025": 0.0, "Population_2030": 0.0, "Population_2035": 10028.767336687, "Population_2040": 11483.994012368699, "Population_2045": 12993.7884148678, "Population_2050": 14551.301717918401 }, "geometry": { "type": "Point", "coordinates": [ 428447.245205733983312, 1066857.940551459556445 ] } },
{ "type": "Feature", "properties": { "Agglomeration_ID": 38456, "Agglomeration_Name": "Zaguinasso", "ISO3": "CIV", "Population_1950": 0, "Population_1960": 0, "Population_1970": 0, "Population_1980": 0, "Population_1990": 0, "Population_2000": 0, "Population_2010": 0, "Population_2015": 0, "Population_2020": 0, "Population_2025": 0.0, "Population_2030": 0.0, "Population_2035": 10687.621209967399, "Population_2040": 12429.7744488632, "Population_2045": 14254.0729120285, "Population_2050": 16151.6626539478 }, "geometry": { "type": "Point", "coordinates": [ 350171.526183909561951, 1110958.369158531306311 ] } },
{ "type": "Feature", "properties": { "Agglomeration_ID": 38458, "Agglomeration_Name": "Kanangonon", "ISO3": "CIV", "Population_1950": 0, "Population_1960": 0, "Population_1970": 0, "Population_1980": 0, "Population_1990": 0, "Population_2000": 0, "Population_2010": 0, "Population_2015": 0, "Population_2020": 0, "Population_2025": 0.0, "Population_2030": 0.0, "Population_2035": 10226.477713959601, "Population_2040": 11788.4776999078, "Population_2045": 13415.913235198201, "Population_2050": 15101.165762233901 }, "geometry": { "type": "Point", "coordinates": [ 493703.029443832871038, 916799.865557313663885 ] } },
{ "type": "Feature", "properties": { "Agglomeration_ID": 38459, "Agglomeration_Name": "Diangobo", "ISO3": "CIV", "Population_1950": 0, "Population_1960": 0, "Population_1970": 0, "Population_1980": 0, "Population_1990": 0, "Population_2000": 0, "Population_2010": 0, "Population_2015": 0, "Population_2020": 0, "Population_2025": 0.0, "Population_2030": 0.0, "Population_2035": 0.0, "Population_2040": 0.0, "Population_2045": 0.0, "Population_2050": 10598.0530949644 }, "geometry": { "type": "Point", "coordinates": [ 683666.755330605665222, 725484.933412130223587 ] } },
{ "type": "Feature", "properties": { "Agglomeration_ID": 38460, "Agglomeration_Name": "Ahizabre", "ISO3": "CIV", "Population_1950": 0, "Population_1960": 0, "Population_1970": 0, "Population_1980": 0, "Population_1990": 0, "Population_2000": 0, "Population_2010": 0, "Population_2015": 0, "Population_2020": 0, "Population_2025": 0.0, "Population_2030": 0.0, "Population_2035": 0.0, "Population_2040": 0.0, "Population_2045": 10389.850482273599, "Population_2050": 11270.09552407 }, "geometry": { "type": "Point", "coordinates": [ 377655.281232513953, 667821.776763593079522 ] } },
{ "type": "Feature", "properties": { "Agglomeration_ID": 38462, "Agglomeration_Name": "Kouan-Houle", "ISO3": "CIV", "Population_1950": 0, "Population_1960": 0, "Population_1970": 0, "Population_1980": 0, "Population_1990": 0, "Population_2000": 0, "Population_2010": 0, "Population_2015": 0, "Population_2020": 0, "Population_2025": 0.0, "Population_2030": 0.0, "Population_2035": 0.0, "Population_2040": 0.0, "Population_2045": 10792.518661555599, "Population_2050": 11787.4750404109 }, "geometry": { "type": "Point", "coordinates": [ 139989.84161490976112, 817884.035273161483929 ] } },
{ "type": "Feature", "properties": { "Agglomeration_ID": 38463, "Agglomeration_Name": "Bondo", "ISO3": "CIV", "Population_1950": 0, "Population_1960": 0, "Population_1970": 0, "Population_1980": 0, "Population_1990": 0, "Population_2000": 0, "Population_2010": 0, "Population_2015": 0, "Population_2020": 0, "Population_2025": 0.0, "Population_2030": 0.0, "Population_2035": 0.0, "Population_2040": 11318.7472981928, "Population_2045": 12810.836560006001, "Population_2050": 14350.415568495901 }, "geometry": { "type": "Point", "coordinates": [ 698224.266104694339447, 909137.569440508959815 ] } },
{ "type": "Feature", "properties": { "Agglomeration_ID": 38465, "Agglomeration_Name": "Nassian", "ISO3": "CIV", "Population_1950": 0, "Population_1960": 0, "Population_1970": 0, "Population_1980": 0, "Population_1990": 0, "Population_2000": 0, "Population_2010": 0, "Population_2015": 0, "Population_2020": 0, "Population_2025": 0.0, "Population_2030": 0.0, "Population_2035": 0.0, "Population_2040": 10319.4835277539, "Population_2045": 11501.9107925516, "Population_2050": 12707.3845101234 }, "geometry": { "type": "Point", "coordinates": [ 668009.122196968761273, 934448.687505918205716 ] } },
{ "type": "Feature", "properties": { "Agglomeration_ID": 38466, "Agglomeration_Name": "Zoutouo", "ISO3": "CIV", "Population_1950": 0, "Population_1960": 0, "Population_1970": 0, "Population_1980": 0, "Population_1990": 0, "Population_2000": 0, "Population_2010": 0, "Population_2015": 0, "Population_2020": 0, "Population_2025": 0.0, "Population_2030": 0.0, "Population_2035": 10661.059220347201, "Population_2040": 12466.5290756175, "Population_2045": 14362.423083142199, "Population_2050": 16339.359437118101 }, "geometry": { "type": "Point", "coordinates": [ 141528.154945690592285, 775058.419967784895562 ] } },
{ "type": "Feature", "properties": { "Agglomeration_ID": 38467, "Agglomeration_Name": "Soukourougban 1", "ISO3": "CIV", "Population_1950": 0, "Population_1960": 0, "Population_1970": 0, "Population_1980": 0, "Population_1990": 0, "Population_2000": 0, "Population_2010": 0, "Population_2015": 0, "Population_2020": 0, "Population_2025": 0.0, "Population_2030": 0.0, "Population_2035": 10475.326058627599, "Population_2040": 12203.8168704333, "Population_2045": 14015.4475363118, "Population_2050": 15901.3697460804 }, "geometry": { "type": "Point", "coordinates": [ 396864.771516409760807, 867534.093217409797944 ] } },
{ "type": "Feature", "properties": { "Agglomeration_ID": 38470, "Agglomeration_Name": "Badikaha", "ISO3": "CIV", "Population_1950": 0, "Population_1960": 0, "Population_1970": 0, "Population_1980": 0, "Population_1990": 0, "Population_2000": 0, "Population_2010": 0, "Population_2015": 0, "Population_2020": 0, "Population_2025": 0.0, "Population_2030": 0.0, "Population_2035": 0.0, "Population_2040": 0.0, "Population_2045": 0.0, "Population_2050": 10692.5314691965 }, "geometry": { "type": "Point", "coordinates": [ 481634.192621827533003, 1016673.133432587957941 ] } },
{ "type": "Feature", "properties": { "Agglomeration_ID": 38471, "Agglomeration_Name": "Amani Menou/Amani Nenou", "ISO3": "CIV", "Population_1950": 0, "Population_1960": 0, "Population_1970": 0, "Population_1980": 0, "Population_1990": 0, "Population_2000": 0, "Population_2010": 0, "Population_2015": 0, "Population_2020": 0, "Population_2025": 0.0, "Population_2030": 0.0, "Population_2035": 0.0, "Population_2040": 10281.5969570377, "Population_2045": 11472.9146206525, "Population_2050": 12688.700003591701 }, "geometry": { "type": "Point", "coordinates": [ 501787.2179243604769, 671935.137370724929497 ] } },
{ "type": "Feature", "properties": { "Agglomeration_ID": 38480, "Agglomeration_Name": "Lomara", "ISO3": "CIV", "Population_1950": 0, "Population_1960": 0, "Population_1970": 0, "Population_1980": 0, "Population_1990": 0, "Population_2000": 0, "Population_2010": 0, "Population_2015": 0, "Population_2020": 0, "Population_2025": 0.0, "Population_2030": 0.0, "Population_2035": 0.0, "Population_2040": 0.0, "Population_2045": 10825.738670765901, "Population_2050": 11893.2805371617 }, "geometry": { "type": "Point", "coordinates": [ 353415.1160484344, 1144308.203589104115963 ] } },
{ "type": "Feature", "properties": { "Agglomeration_ID": 38481, "Agglomeration_Name": "Bassadzin", "ISO3": "CIV", "Population_1950": 0, "Population_1960": 0, "Population_1970": 0, "Population_1980": 0, "Population_1990": 0, "Population_2000": 0, "Population_2010": 0, "Population_2015": 0, "Population_2020": 0, "Population_2025": 0.0, "Population_2030": 0.0, "Population_2035": 0.0, "Population_2040": 0.0, "Population_2045": 0.0, "Population_2050": 10273.5387528338 }, "geometry": { "type": "Point", "coordinates": [ 639967.348444181494415, 656066.218475929228589 ] } },
{ "type": "Feature", "properties": { "Agglomeration_ID": 38484, "Agglomeration_Name": "Taoudi", "ISO3": "CIV", "Population_1950": 0, "Population_1960": 0, "Population_1970": 0, "Population_1980": 0, "Population_1990": 0, "Population_2000": 0, "Population_2010": 0, "Population_2015": 0, "Population_2020": 0, "Population_2025": 0.0, "Population_2030": 0.0, "Population_2035": 0.0, "Population_2040": 11595.0911076375, "Population_2045": 13287.825066327299, "Population_2050": 15047.897609706501 }, "geometry": { "type": "Point", "coordinates": [ 672368.117631120141596, 899444.076166641782038 ] } },
{ "type": "Feature", "properties": { "Agglomeration_ID": 38486, "Agglomeration_Name": "Yorobodi", "ISO3": "CIV", "Population_1950": 0, "Population_1960": 0, "Population_1970": 0, "Population_1980": 0, "Population_1990": 0, "Population_2000": 0, "Population_2010": 0, "Population_2015": 0, "Population_2020": 0, "Population_2025": 0.0, "Population_2030": 0.0, "Population_2035": 0.0, "Population_2040": 0.0, "Population_2045": 10351.579683256899, "Population_2050": 11376.6443942513 }, "geometry": { "type": "Point", "coordinates": [ 645009.895377862732857, 897135.063499162439257 ] } },
{ "type": "Feature", "properties": { "Agglomeration_ID": 38493, "Agglomeration_Name": "Kossandji", "ISO3": "CIV", "Population_1950": 0, "Population_1960": 0, "Population_1970": 0, "Population_1980": 0, "Population_1990": 0, "Population_2000": 0, "Population_2010": 0, "Population_2015": 0, "Population_2020": 0, "Population_2025": 0.0, "Population_2030": 0.0, "Population_2035": 0.0, "Population_2040": 10350.1679406437, "Population_2045": 11744.7046647551, "Population_2050": 13186.096393194501 }, "geometry": { "type": "Point", "coordinates": [ 653467.410982451634482, 643935.295666024903767 ] } },
{ "type": "Feature", "properties": { "Agglomeration_ID": 38494, "Agglomeration_Name": "Gnagbodougnoa", "ISO3": "CIV", "Population_1950": 0, "Population_1960": 0, "Population_1970": 0, "Population_1980": 0, "Population_1990": 0, "Population_2000": 0, "Population_2010": 0, "Population_2015": 0, "Population_2020": 0, "Population_2025": 0.0, "Population_2030": 0.0, "Population_2035": 10721.8612747893, "Population_2040": 12808.1622701301, "Population_2045": 15019.329015191101, "Population_2050": 17343.7271555015 }, "geometry": { "type": "Point", "coordinates": [ 407155.517300953913946, 658924.739220145274885 ] } },
{ "type": "Feature", "properties": { "Agglomeration_ID": 38496, "Agglomeration_Name": "Datekro", "ISO3": "CIV", "Population_1950": 0, "Population_1960": 0, "Population_1970": 0, "Population_1980": 0, "Population_1990": 0, "Population_2000": 0, "Population_2010": 0, "Population_2015": 0, "Population_2020": 0, "Population_2025": 0.0, "Population_2030": 0.0, "Population_2035": 0.0, "Population_2040": 10776.0025779107, "Population_2045": 12324.2353997234, "Population_2050": 13932.2132572274 }, "geometry": { "type": "Point", "coordinates": [ 719434.196241279598325, 852637.741076911217533 ] } },
{ "type": "Feature", "properties": { "Agglomeration_ID": 38497, "Agglomeration_Name": "Ouedallah", "ISO3": "CIV", "Population_1950": 0, "Population_1960": 0, "Population_1970": 0, "Population_1980": 0, "Population_1990": 0, "Population_2000": 0, "Population_2010": 0, "Population_2015": 0, "Population_2020": 0, "Population_2025": 0.0, "Population_2030": 0.0, "Population_2035": 10111.304107989199, "Population_2040": 11958.019819777301, "Population_2045": 13907.344486644601, "Population_2050": 15949.288041694799 }, "geometry": { "type": "Point", "coordinates": [ 412920.667025916976854, 903618.32496816047933 ] } },
{ "type": "Feature", "properties": { "Agglomeration_ID": 38504, "Agglomeration_Name": "Ira", "ISO3": "CIV", "Population_1950": 0, "Population_1960": 0, "Population_1970": 0, "Population_1980": 0, "Population_1990": 0, "Population_2000": 0, "Population_2010": 0, "Population_2015": 0, "Population_2020": 0, "Population_2025": 0.0, "Population_2030": 0.0, "Population_2035": 0.0, "Population_2040": 0.0, "Population_2045": 0.0, "Population_2050": 10663.163245904399 }, "geometry": { "type": "Point", "coordinates": [ 537797.576555310282856, 591250.292740837903693 ] } },
{ "type": "Feature", "properties": { "Agglomeration_ID": 38511, "Agglomeration_Name": "N'Ganon", "ISO3": "CIV", "Population_1950": 0, "Population_1960": 0, "Population_1970": 0, "Population_1980": 0, "Population_1990": 0, "Population_2000": 0, "Population_2010": 0, "Population_2015": 0, "Population_2020": 0, "Population_2025": 0.0, "Population_2030": 0.0, "Population_2035": 10094.644470142101, "Population_2040": 12038.220165816099, "Population_2045": 14096.7638846846, "Population_2050": 16259.489958894599 }, "geometry": { "type": "Point", "coordinates": [ 391150.681773032003548, 1069896.403071263805032 ] } },
{ "type": "Feature", "properties": { "Agglomeration_ID": 38512, "Agglomeration_Name": "Ouyatouo", "ISO3": "CIV", "Population_1950": 0, "Population_1960": 0, "Population_1970": 0, "Population_1980": 0, "Population_1990": 0, "Population_2000": 0, "Population_2010": 0, "Population_2015": 0, "Population_2020": 0, "Population_2025": 0.0, "Population_2030": 0.0, "Population_2035": 0.0, "Population_2040": 0.0, "Population_2045": 18795.871588491798, "Population_2050": 20704.438382954198 }, "geometry": { "type": "Point", "coordinates": [ 153799.882132552855182, 762796.628443475114182 ] } },
{ "type": "Feature", "properties": { "Agglomeration_ID": 38513, "Agglomeration_Name": "Toupah", "ISO3": "CIV", "Population_1950": 0, "Population_1960": 0, "Population_1970": 0, "Population_1980": 0, "Population_1990": 0, "Population_2000": 0, "Population_2010": 0, "Population_2015": 0, "Population_2020": 0, "Population_2025": 0.0, "Population_2030": 0.0, "Population_2035": 0.0, "Population_2040": 0.0, "Population_2045": 0.0, "Population_2050": 10223.6951847567 }, "geometry": { "type": "Point", "coordinates": [ 547956.318962009740062, 587756.159813377074897 ] } },
{ "type": "Feature", "properties": { "Agglomeration_ID": 38515, "Agglomeration_Name": "Kiemou", "ISO3": "CIV", "Population_1950": 0, "Population_1960": 0, "Population_1970": 0, "Population_1980": 0, "Population_1990": 0, "Population_2000": 0, "Population_2010": 0, "Population_2015": 0, "Population_2020": 0, "Population_2025": 0.0, "Population_2030": 0.0, "Population_2035": 0.0, "Population_2040": 0.0, "Population_2045": 10643.655979523901, "Population_2050": 11915.379535423101 }, "geometry": { "type": "Point", "coordinates": [ 438949.232208723551594, 1000868.613768141716719 ] } },
{ "type": "Feature", "properties": { "Agglomeration_ID": 38516, "Agglomeration_Name": "Kpapekou", "ISO3": "CIV", "Population_1950": 0, "Population_1960": 0, "Population_1970": 0, "Population_1980": 0, "Population_1990": 0, "Population_2000": 0, "Population_2010": 0, "Population_2015": 0, "Population_2020": 0, "Population_2025": 0.0, "Population_2030": 0.0, "Population_2035": 0.0, "Population_2040": 0.0, "Population_2045": 0.0, "Population_2050": 11076.3852927875 }, "geometry": { "type": "Point", "coordinates": [ 395034.721236805431545, 690269.235996997682378 ] } },
{ "type": "Feature", "properties": { "Agglomeration_ID": 38518, "Agglomeration_Name": "Koffi-Badoukro", "ISO3": "CIV", "Population_1950": 0, "Population_1960": 0, "Population_1970": 0, "Population_1980": 0, "Population_1990": 0, "Population_2000": 0, "Population_2010": 0, "Population_2015": 0, "Population_2020": 0, "Population_2025": 0.0, "Population_2030": 0.0, "Population_2035": 0.0, "Population_2040": 0.0, "Population_2045": 10879.0202455668, "Population_2050": 12220.2047494874 }, "geometry": { "type": "Point", "coordinates": [ 722411.805465073673986, 804901.375285592512228 ] } },
{ "type": "Feature", "properties": { "Agglomeration_ID": 38524, "Agglomeration_Name": "Bafritou", "ISO3": "CIV", "Population_1950": 0, "Population_1960": 0, "Population_1970": 0, "Population_1980": 0, "Population_1990": 0, "Population_2000": 0, "Population_2010": 0, "Population_2015": 0, "Population_2020": 0, "Population_2025": 0.0, "Population_2030": 0.0, "Population_2035": 11404.2303820773, "Population_2040": 14058.9057152692, "Population_2045": 16901.0188354405, "Population_2050": 19914.654192261602 }, "geometry": { "type": "Point", "coordinates": [ 324142.050724175642245, 971899.168232623138465 ] } },
{ "type": "Feature", "properties": { "Agglomeration_ID": 38525, "Agglomeration_Name": "Sepikaha", "ISO3": "CIV", "Population_1950": 0, "Population_1960": 0, "Population_1970": 0, "Population_1980": 0, "Population_1990": 0, "Population_2000": 0, "Population_2010": 0, "Population_2015": 0, "Population_2020": 0, "Population_2025": 0.0, "Population_2030": 0.0, "Population_2035": 0.0, "Population_2040": 0.0, "Population_2045": 0.0, "Population_2050": 10407.943009660199 }, "geometry": { "type": "Point", "coordinates": [ 495178.969388419995084, 984607.208380745956674 ] } },
{ "type": "Feature", "properties": { "Agglomeration_ID": 38528, "Agglomeration_Name": "Tahara", "ISO3": "CIV", "Population_1950": 0, "Population_1960": 0, "Population_1970": 0, "Population_1980": 0, "Population_1990": 0, "Population_2000": 0, "Population_2010": 0, "Population_2015": 0, "Population_2020": 0, "Population_2025": 0.0, "Population_2030": 0.0, "Population_2035": 0.0, "Population_2040": 0.0, "Population_2045": 10505.1228869549, "Population_2050": 11824.2073084975 }, "geometry": { "type": "Point", "coordinates": [ 267475.503975659084972, 1122646.251044132979587 ] } },
{ "type": "Feature", "properties": { "Agglomeration_ID": 38529, "Agglomeration_Name": "Godelilie 1", "ISO3": "CIV", "Population_1950": 0, "Population_1960": 0, "Population_1970": 0, "Population_1980": 0, "Population_1990": 0, "Population_2000": 0, "Population_2010": 0, "Population_2015": 0, "Population_2020": 0, "Population_2025": 0.0, "Population_2030": 0.0, "Population_2035": 0.0, "Population_2040": 0.0, "Population_2045": 0.0, "Population_2050": 10429.5456014992 }, "geometry": { "type": "Point", "coordinates": [ 392698.274100588867441, 619331.90989228838589 ] } },
{ "type": "Feature", "properties": { "Agglomeration_ID": 38532, "Agglomeration_Name": "Tougbo", "ISO3": "CIV", "Population_1950": 0, "Population_1960": 0, "Population_1970": 0, "Population_1980": 0, "Population_1990": 0, "Population_2000": 0, "Population_2010": 0, "Population_2015": 0, "Population_2020": 0, "Population_2025": 0.0, "Population_2030": 0.0, "Population_2035": 10432.235427900199, "Population_2040": 12756.2311328499, "Population_2045": 15238.594637153201, "Population_2050": 17865.6156600586 }, "geometry": { "type": "Point", "coordinates": [ 593717.974848260520957, 1079070.22374734072946 ] } },
{ "type": "Feature", "properties": { "Agglomeration_ID": 38535, "Agglomeration_Name": "Bohobli", "ISO3": "CIV", "Population_1950": 0, "Population_1960": 0, "Population_1970": 0, "Population_1980": 0, "Population_1990": 0, "Population_2000": 0, "Population_2010": 0, "Population_2015": 0, "Population_2020": 0, "Population_2025": 0.0, "Population_2030": 0.0, "Population_2035": 0.0, "Population_2040": 10125.230024557701, "Population_2045": 11773.6468251401, "Population_2050": 13500.2436750835 }, "geometry": { "type": "Point", "coordinates": [ 141222.517233536171261, 729478.778872771305032 ] } },
{ "type": "Feature", "properties": { "Agglomeration_ID": 38539, "Agglomeration_Name": "Orbaff", "ISO3": "CIV", "Population_1950": 0, "Population_1960": 0, "Population_1970": 0, "Population_1980": 0, "Population_1990": 0, "Population_2000": 0, "Population_2010": 0, "Population_2015": 0, "Population_2020": 0, "Population_2025": 0.0, "Population_2030": 0.0, "Population_2035": 0.0, "Population_2040": 0.0, "Population_2045": 10671.975433080501, "Population_2050": 12165.074353226501 }, "geometry": { "type": "Point", "coordinates": [ 564753.060495591373183, 596613.666233253316022 ] } },
{ "type": "Feature", "properties": { "Agglomeration_ID": 38541, "Agglomeration_Name": "Foumbolo", "ISO3": "CIV", "Population_1950": 0, "Population_1960": 0, "Population_1970": 0, "Population_1980": 0, "Population_1990": 0, "Population_2000": 0, "Population_2010": 0, "Population_2015": 0, "Population_2020": 0, "Population_2025": 0.0, "Population_2030": 0.0, "Population_2035": 0.0, "Population_2040": 0.0, "Population_2045": 10434.971056402301, "Population_2050": 11872.523758831499 }, "geometry": { "type": "Point", "coordinates": [ 538817.361950872116722, 954774.600546961999498 ] } },
{ "type": "Feature", "properties": { "Agglomeration_ID": 38542, "Agglomeration_Name": "Tienko", "ISO3": "CIV", "Population_1950": 0, "Population_1960": 0, "Population_1970": 0, "Population_1980": 0, "Population_1990": 0, "Population_2000": 0, "Population_2010": 0, "Population_2015": 0, "Population_2020": 0, "Population_2025": 0.0, "Population_2030": 0.0, "Population_2035": 0.0, "Population_2040": 0.0, "Population_2045": 11403.2372567413, "Population_2050": 13101.1811494503 }, "geometry": { "type": "Point", "coordinates": [ 227704.657072441710625, 1130859.52783572813496 ] } },
{ "type": "Feature", "properties": { "Agglomeration_ID": 38543, "Agglomeration_Name": "Beyo", "ISO3": "CIV", "Population_1950": 0, "Population_1960": 0, "Population_1970": 0, "Population_1980": 0, "Population_1990": 0, "Population_2000": 0, "Population_2010": 0, "Population_2015": 0, "Population_2020": 0, "Population_2025": 0.0, "Population_2030": 0.0, "Population_2035": 0.0, "Population_2040": 0.0, "Population_2045": 10460.536108223099, "Population_2050": 11907.1401553948 }, "geometry": { "type": "Point", "coordinates": [ 381931.549894119903911, 585629.846567964996211 ] } },
{ "type": "Feature", "properties": { "Agglomeration_ID": 38547, "Agglomeration_Name": "Kpanan", "ISO3": "CIV", "Population_1950": 0, "Population_1960": 0, "Population_1970": 0, "Population_1980": 0, "Population_1990": 0, "Population_2000": 0, "Population_2010": 0, "Population_2015": 0, "Population_2020": 0, "Population_2025": 0.0, "Population_2030": 0.0, "Population_2035": 0.0, "Population_2040": 0.0, "Population_2045": 0.0, "Population_2050": 10232.5720661983 }, "geometry": { "type": "Point", "coordinates": [ 682978.631467992207035, 909809.032120916876011 ] } },
{ "type": "Feature", "properties": { "Agglomeration_ID": 38548, "Agglomeration_Name": "Tehini", "ISO3": "CIV", "Population_1950": 0, "Population_1960": 0, "Population_1970": 0, "Population_1980": 0, "Population_1990": 0, "Population_2000": 0, "Population_2010": 0, "Population_2015": 0, "Population_2020": 0, "Population_2025": 0.0, "Population_2030": 0.0, "Population_2035": 0.0, "Population_2040": 11261.1525376442, "Population_2045": 13392.8983394467, "Population_2050": 15645.555608147501 }, "geometry": { "type": "Point", "coordinates": [ 647171.953245625132695, 1061549.14210174465552 ] } },
{ "type": "Feature", "properties": { "Agglomeration_ID": 38549, "Agglomeration_Name": "Zegreboue", "ISO3": "CIV", "Population_1950": 0, "Population_1960": 0, "Population_1970": 0, "Population_1980": 0, "Population_1990": 0, "Population_2000": 0, "Population_2010": 0, "Population_2015": 0, "Population_2020": 0, "Population_2025": 0.0, "Population_2030": 0.0, "Population_2035": 0.0, "Population_2040": 0.0, "Population_2045": 10416.1180105855, "Population_2050": 11874.508628084401 }, "geometry": { "type": "Point", "coordinates": [ 398566.431294545880519, 593710.61568904784508 ] } },
{ "type": "Feature", "properties": { "Agglomeration_ID": 38559, "Agglomeration_Name": "Goulia", "ISO3": "CIV", "Population_1950": 0, "Population_1960": 0, "Population_1970": 0, "Population_1980": 0, "Population_1990": 0, "Population_2000": 0, "Population_2010": 0, "Population_2015": 0, "Population_2020": 0, "Population_2025": 0.0, "Population_2030": 0.0, "Population_2035": 0.0, "Population_2040": 0.0, "Population_2045": 0.0, "Population_2050": 10148.2691936143 }, "geometry": { "type": "Point", "coordinates": [ 258604.25881566197495, 1107583.477564624510705 ] } },
{ "type": "Feature", "properties": { "Agglomeration_ID": 38563, "Agglomeration_Name": "Farako", "ISO3": "CIV", "Population_1950": 0, "Population_1960": 0, "Population_1970": 0, "Population_1980": 0, "Population_1990": 0, "Population_2000": 0, "Population_2010": 0, "Population_2015": 0, "Population_2020": 0, "Population_2025": 0.0, "Population_2030": 0.0, "Population_2035": 11999.020325703799, "Population_2040": 14549.680263681699, "Population_2045": 17267.147231737999, "Population_2050": 20136.646527100798 }, "geometry": { "type": "Point", "coordinates": [ 703350.063726693158969, 951562.353978228522465 ] } },
{ "type": "Feature", "properties": { "Agglomeration_ID": 38564, "Agglomeration_Name": "Gazibouo", "ISO3": "CIV", "Population_1950": 0, "Population_1960": 0, "Population_1970": 0, "Population_1980": 0, "Population_1990": 0, "Population_2000": 0, "Population_2010": 0, "Population_2015": 0, "Population_2020": 0, "Population_2025": 0.0, "Population_2030": 0.0, "Population_2035": 0.0, "Population_2040": 0.0, "Population_2045": 0.0, "Population_2050": 15133.4478824578 }, "geometry": { "type": "Point", "coordinates": [ 335140.507878674892709, 703677.676437169313431 ] } },
{ "type": "Feature", "properties": { "Agglomeration_ID": 38565, "Agglomeration_Name": "Yassap A", "ISO3": "CIV", "Population_1950": 0, "Population_1960": 0, "Population_1970": 0, "Population_1980": 0, "Population_1990": 0, "Population_2000": 0, "Population_2010": 0, "Population_2015": 0, "Population_2020": 0, "Population_2025": 0.0, "Population_2030": 0.0, "Population_2035": 0.0, "Population_2040": 0.0, "Population_2045": 0.0, "Population_2050": 10911.9475055003 }, "geometry": { "type": "Point", "coordinates": [ 563458.772100688889623, 598454.867632218520157 ] } },
{ "type": "Feature", "properties": { "Agglomeration_ID": 38566, "Agglomeration_Name": "Manabri", "ISO3": "CIV", "Population_1950": 0, "Population_1960": 0, "Population_1970": 0, "Population_1980": 0, "Population_1990": 0, "Population_2000": 0, "Population_2010": 0, "Population_2015": 0, "Population_2020": 0, "Population_2025": 0.0, "Population_2030": 0.0, "Population_2035": 0.0, "Population_2040": 17728.7851313801, "Population_2045": 0.0, "Population_2050": 0.0 }, "geometry": { "type": "Point", "coordinates": [ 322247.70285126962699, 957713.535114168305881 ] } },
{ "type": "Feature", "properties": { "Agglomeration_ID": 38569, "Agglomeration_Name": "Douaville", "ISO3": "CIV", "Population_1950": 0, "Population_1960": 0, "Population_1970": 0, "Population_1980": 0, "Population_1990": 0, "Population_2000": 0, "Population_2010": 0, "Population_2015": 0, "Population_2020": 0, "Population_2025": 0.0, "Population_2030": 0.0, "Population_2035": 0.0, "Population_2040": 0.0, "Population_2045": 0.0, "Population_2050": 10478.652456927401 }, "geometry": { "type": "Point", "coordinates": [ 466749.087651756999549, 675813.382836622186005 ] } },
{ "type": "Feature", "properties": { "Agglomeration_ID": 38574, "Agglomeration_Name": "Kossihouen", "ISO3": "CIV", "Population_1950": 0, "Population_1960": 0, "Population_1970": 0, "Population_1980": 0, "Population_1990": 0, "Population_2000": 0, "Population_2010": 0, "Population_2015": 0, "Population_2020": 0, "Population_2025": 0.0, "Population_2030": 0.0, "Population_2035": 0.0, "Population_2040": 0.0, "Population_2045": 0.0, "Population_2050": 10591.445745163601 }, "geometry": { "type": "Point", "coordinates": [ 578033.390601683175191, 609156.60663799138274 ] } },
{ "type": "Feature", "properties": { "Agglomeration_ID": 38576, "Agglomeration_Name": "Soba", "ISO3": "CIV", "Population_1950": 0, "Population_1960": 0, "Population_1970": 0, "Population_1980": 0, "Population_1990": 0, "Population_2000": 0, "Population_2010": 0, "Population_2015": 0, "Population_2020": 0, "Population_2025": 0.0, "Population_2030": 0.0, "Population_2035": 0.0, "Population_2040": 0.0, "Population_2045": 10220.0834938355, "Population_2050": 11831.785569732599 }, "geometry": { "type": "Point", "coordinates": [ 322201.008075087331235, 946653.732429411145858 ] } },
{ "type": "Feature", "properties": { "Agglomeration_ID": 38580, "Agglomeration_Name": "Torossanguehi", "ISO3": "CIV", "Population_1950": 0, "Population_1960": 0, "Population_1970": 0, "Population_1980": 0, "Population_1990": 0, "Population_2000": 0, "Population_2010": 0, "Population_2015": 0, "Population_2020": 0, "Population_2025": 0.0, "Population_2030": 0.0, "Population_2035": 0.0, "Population_2040": 0.0, "Population_2045": 0.0, "Population_2050": 11426.991029532401 }, "geometry": { "type": "Point", "coordinates": [ 707367.016719383304007, 917659.997971814475022 ] } },
{ "type": "Feature", "properties": { "Agglomeration_ID": 38581, "Agglomeration_Name": "Pehe", "ISO3": "CIV", "Population_1950": 0, "Population_1960": 0, "Population_1970": 0, "Population_1980": 0, "Population_1990": 0, "Population_2000": 0, "Population_2010": 0, "Population_2015": 0, "Population_2020": 0, "Population_2025": 0.0, "Population_2030": 0.0, "Population_2035": 0.0, "Population_2040": 0.0, "Population_2045": 0.0, "Population_2050": 14054.428580960701 }, "geometry": { "type": "Point", "coordinates": [ 134743.037273687077686, 726383.941556843579747 ] } },
{ "type": "Feature", "properties": { "Agglomeration_ID": 38583, "Agglomeration_Name": "Djimon", "ISO3": "CIV", "Population_1950": 0, "Population_1960": 0, "Population_1970": 0, "Population_1980": 0, "Population_1990": 0, "Population_2000": 0, "Population_2010": 0, "Population_2015": 0, "Population_2020": 0, "Population_2025": 0.0, "Population_2030": 0.0, "Population_2035": 0.0, "Population_2040": 10053.147023989, "Population_2045": 12052.8664754032, "Population_2050": 14171.526733693099 }, "geometry": { "type": "Point", "coordinates": [ 433518.96239176922245, 643413.591291057760827 ] } },
{ "type": "Feature", "properties": { "Agglomeration_ID": 38584, "Agglomeration_Name": "Gama", "ISO3": "CIV", "Population_1950": 0, "Population_1960": 0, "Population_1970": 0, "Population_1980": 0, "Population_1990": 0, "Population_2000": 0, "Population_2010": 0, "Population_2015": 0, "Population_2020": 0, "Population_2025": 0.0, "Population_2030": 0.0, "Population_2035": 0.0, "Population_2040": 0.0, "Population_2045": 0.0, "Population_2050": 11287.208353601 }, "geometry": { "type": "Point", "coordinates": [ 202025.960819313069806, 842554.776263478212059 ] } },
{ "type": "Feature", "properties": { "Agglomeration_ID": 38589, "Agglomeration_Name": "Ligrohouin", "ISO3": "CIV", "Population_1950": 0, "Population_1960": 0, "Population_1970": 0, "Population_1980": 0, "Population_1990": 0, "Population_2000": 0, "Population_2010": 0, "Population_2015": 0, "Population_2020": 0, "Population_2025": 0.0, "Population_2030": 0.0, "Population_2035": 0.0, "Population_2040": 0.0, "Population_2045": 11410.611522077401, "Population_2050": 13416.3658034417 }, "geometry": { "type": "Point", "coordinates": [ 409536.460776438587345, 647128.780104279285297 ] } },
{ "type": "Feature", "properties": { "Agglomeration_ID": 38617, "Agglomeration_Name": "Denan", "ISO3": "CIV", "Population_1950": 0, "Population_1960": 0, "Population_1970": 0, "Population_1980": 0, "Population_1990": 0, "Population_2000": 0, "Population_2010": 0, "Population_2015": 0, "Population_2020": 0, "Population_2025": 0.0, "Population_2030": 0.0, "Population_2035": 0.0, "Population_2040": 0.0, "Population_2045": 10383.2762453778, "Population_2050": 11905.870097380401 }, "geometry": { "type": "Point", "coordinates": [ 137674.154056802159175, 723042.882750042015687 ] } },
{ "type": "Feature", "properties": { "Agglomeration_ID": 38638, "Agglomeration_Name": "Guibobly", "ISO3": "CIV", "Population_1950": 0, "Population_1960": 0, "Population_1970": 0, "Population_1980": 0, "Population_1990": 0, "Population_2000": 0, "Population_2010": 0, "Population_2015": 0, "Population_2020": 0, "Population_2025": 0.0, "Population_2030": 0.0, "Population_2035": 0.0, "Population_2040": 0.0, "Population_2045": 15078.1173994982, "Population_2050": 17869.5610247478 }, "geometry": { "type": "Point", "coordinates": [ 144557.115827242203522, 731487.070334107382223 ] } },
{ "type": "Feature", "properties": { "Agglomeration_ID": 38642, "Agglomeration_Name": "Tahibli", "ISO3": "CIV", "Population_1950": 0, "Population_1960": 0, "Population_1970": 0, "Population_1980": 0, "Population_1990": 0, "Population_2000": 0, "Population_2010": 0, "Population_2015": 0, "Population_2020": 0, "Population_2025": 0.0, "Population_2030": 0.0, "Population_2035": 0.0, "Population_2040": 0.0, "Population_2045": 0.0, "Population_2050": 10526.670720214001 }, "geometry": { "type": "Point", "coordinates": [ 139006.921349217474926, 729308.688903946545906 ] } }
]
}
