{
"type": "FeatureCollection",
"name": "EE_AfromapR_2025_brut",
"crs": { "type": "name", "properties": { "name": "urn:ogc:def:crs:EPSG::4979" } },
"features": [
{ "type": "Feature", "properties": { "start": "2025-07-02T15:35:43.798Z", "end": "2025-07-02T15:45:52.177Z", "Consentement": "OK", "raison": "autre", "origine": "bouak", "origine_CIV": null, "origine_bouak": "Tollakouadiokro", "origine_tranger": null, "transport": "taxi_moto", "Selon_vous_pourquoi_rtent_pas_le_casque_": "Incivisme", "condvie1": null, "condvie2": null, "condvie3": null, "eau": "forages_et_puits", "CMU": "non", "CMU_non": "Pas informé", "CMU_utilisation": null, "Pourquoi_n_utilisez_pas_votre_carte_CMU_": null, "insecurite": "non", "risque_alim1": null, "risque_alim2": null, "risque_alim3": null, "Au_regard_des_impact_en_C_te_d_Ivoire_est": "tr_s_n_gative", "age": "18_29_ans", "sexe": "non", "type_habitat": "maison_individuelle", "tailmen": "5", "enfmen": "0", "sacriz": "1", "instruction": "ecole_coranique", "statut_matrimonial": "c_libataire", "Quel_est_votre_group_r_dans_l_EE_AfromapR": "3__eau" }, "geometry": { "type": "Point", "coordinates": [ -5.024735, 7.697178 ] } },
{ "type": "Feature", "properties": { "start": "2025-07-01T22:20:19.965Z", "end": "2025-07-02T15:47:11.235Z", "Consentement": "OK", "raison": "commer_ant", "origine": "bouak", "origine_CIV": null, "origine_bouak": "Gonfreville", "origine_tranger": null, "transport": "taxi_moto", "Selon_vous_pourquoi_rtent_pas_le_casque_": "Ils n'ont pas l'envie de porter casque", "condvie1": "Financement de mon activité", "condvie2": "Permet un meilleur accès au soins de santé", "condvie3": "Réduire le coût de l'électricité", "eau": "eau_du_robinet", "CMU": "oui", "CMU_non": null, "CMU_utilisation": "oui", "Pourquoi_n_utilisez_pas_votre_carte_CMU_": null, "insecurite": "non", "risque_alim1": null, "risque_alim2": null, "risque_alim3": null, "Au_regard_des_impact_en_C_te_d_Ivoire_est": "n_gative", "age": "18_29_ans", "sexe": "non", "type_habitat": "maison_individuelle", "tailmen": "20", "enfmen": "5", "sacriz": "2", "instruction": "secondaire", "statut_matrimonial": "mari__ou_concubinage", "Quel_est_votre_group_r_dans_l_EE_AfromapR": "3__eau" }, "geometry": { "type": "Point", "coordinates": [ -5.024729, 7.697137 ] } },
{ "type": "Feature", "properties": { "start": "2025-07-02T07:33:27.496Z", "end": "2025-07-02T15:47:18.333Z", "Consentement": "OK", "raison": "autre", "origine": "bouak", "origine_CIV": null, "origine_bouak": "Dokourz", "origine_tranger": null, "transport": "taxi_moto", "Selon_vous_pourquoi_rtent_pas_le_casque_": null, "condvie1": "Santé gratuit", "condvie2": "Avoir beaucoup de clients", "condvie3": "La sécurité", "eau": "autres", "CMU": "non", "CMU_non": null, "CMU_utilisation": null, "Pourquoi_n_utilisez_pas_votre_carte_CMU_": null, "insecurite": "non", "risque_alim1": null, "risque_alim2": null, "risque_alim3": null, "Au_regard_des_impact_en_C_te_d_Ivoire_est": null, "age": "option_1", "sexe": "non", "type_habitat": "maison_individuelle", "tailmen": "6", "enfmen": "2", "sacriz": "25", "instruction": "secondaire", "statut_matrimonial": "c_libataire", "Quel_est_votre_group_r_dans_l_EE_AfromapR": "3__eau" }, "geometry": { "type": "Point", "coordinates": [ -5.024672, 7.697121 ] } },
{ "type": "Feature", "properties": { "start": "2025-07-01T17:56:22.553Z", "end": "2025-07-02T15:47:59.200Z", "Consentement": "OK", "raison": "commer_ant", "origine": "bouak", "origine_CIV": null, "origine_bouak": "Maroc", "origine_tranger": null, "transport": "vehicule_personnel", "Selon_vous_pourquoi_rtent_pas_le_casque_": null, "condvie1": "Travail", "condvie2": "Argent", "condvie3": "Femme", "eau": "forages_et_puits", "CMU": "non", "CMU_non": "Je ne pas connaissance de son existence", "CMU_utilisation": null, "Pourquoi_n_utilisez_pas_votre_carte_CMU_": null, "insecurite": "oui", "risque_alim1": "Argent", "risque_alim2": "Manque de travail", "risque_alim3": "Femme", "Au_regard_des_impact_en_C_te_d_Ivoire_est": null, "age": "option_2", "sexe": "oui", "type_habitat": "autres", "tailmen": "5", "enfmen": "4", "sacriz": "2", "instruction": "non_scolaris", "statut_matrimonial": "mari__ou_concubinage", "Quel_est_votre_group_r_dans_l_EE_AfromapR": null }, "geometry": { "type": "Point", "coordinates": [ -5.023231, 7.697566 ] } },
{ "type": "Feature", "properties": { "start": "2025-07-02T15:35:10.904Z", "end": "2025-07-02T15:49:08.305Z", "Consentement": "OK", "raison": "grossiste", "origine": "bouak", "origine_CIV": null, "origine_bouak": "Djambrou", "origine_tranger": null, "transport": "autre", "Selon_vous_pourquoi_rtent_pas_le_casque_": "On trouve cela gênant", "condvie1": "Le lieu de travail ( le coût du loyer)", "condvie2": "Fixation des prix,", "condvie3": "Le lieu de travail, les prix,", "eau": "eau_du_robinet", "CMU": "oui", "CMU_non": null, "CMU_utilisation": "non", "Pourquoi_n_utilisez_pas_votre_carte_CMU_": "Ça ne fonctionne pas, les médecins ne travaillent pas bien, au CHU n'a pas pu soigner ma fille. Le manque de formation des médecins", "insecurite": "non", "risque_alim1": null, "risque_alim2": null, "risque_alim3": null, "Au_regard_des_impact_en_C_te_d_Ivoire_est": "tr_s_positive", "age": "45_59_ans", "sexe": "non", "type_habitat": "autres", "tailmen": "25", "enfmen": "14", "sacriz": "100", "instruction": "ecole_coranique", "statut_matrimonial": "mari__ou_concubinage", "Quel_est_votre_group_r_dans_l_EE_AfromapR": "5__sant" }, "geometry": { "type": "Point", "coordinates": [ -5.02361, 7.697382 ] } },
{ "type": "Feature", "properties": { "start": "2025-07-01T22:12:19.624Z", "end": "2025-07-02T15:49:08.329Z", "Consentement": "OK", "raison": "commer_ant", "origine": "bouak", "origine_CIV": null, "origine_bouak": "Djamboro", "origine_tranger": null, "transport": "marche", "Selon_vous_pourquoi_rtent_pas_le_casque_": "Indiscipline", "condvie1": "Prêt", "condvie2": "Faciliter les relations entre les commerçants et les entreprises", "condvie3": "Former les commerçant sur la fiscalité", "eau": "eau_du_robinet", "CMU": "non", "CMU_non": "Pas très disponible", "CMU_utilisation": null, "Pourquoi_n_utilisez_pas_votre_carte_CMU_": null, "insecurite": "oui", "risque_alim1": "Mauvaise utilisation des produits chimiques", "risque_alim2": "Sortie anarchique des produits de consommation du pays", "risque_alim3": "Cherté des aliments", "Au_regard_des_impact_en_C_te_d_Ivoire_est": "positive", "age": "45_59_ans", "sexe": "non", "type_habitat": "maison_individuelle", "tailmen": "9", "enfmen": "6", "sacriz": "2", "instruction": "secondaire", "statut_matrimonial": "mari__ou_concubinage", "Quel_est_votre_group_r_dans_l_EE_AfromapR": "4__mines" }, "geometry": { "type": "Point", "coordinates": [ -5.024789, 7.697138 ] } },
{ "type": "Feature", "properties": { "start": "2025-07-02T15:43:12.423Z", "end": "2025-07-02T15:49:21.559Z", "Consentement": "OK", "raison": "grossiste", "origine": "bouak", "origine_CIV": null, "origine_bouak": "Dar es salam", "origine_tranger": null, "transport": "vehicule_personnel", "Selon_vous_pourquoi_rtent_pas_le_casque_": null, "condvie1": "Prix des produits", "condvie2": "Le transport", "condvie3": "Sécurité", "eau": "autres", "CMU": "non", "CMU_non": "Je ne connais pas", "CMU_utilisation": null, "Pourquoi_n_utilisez_pas_votre_carte_CMU_": null, "insecurite": "non", "risque_alim1": null, "risque_alim2": null, "risque_alim3": null, "Au_regard_des_impact_en_C_te_d_Ivoire_est": "n_gative", "age": "30_44_ans", "sexe": "oui", "type_habitat": "maison_individuelle", "tailmen": "6", "enfmen": "4", "sacriz": "1", "instruction": "secondaire", "statut_matrimonial": "mari__ou_concubinage", "Quel_est_votre_group_r_dans_l_EE_AfromapR": "2__d_mographie" }, "geometry": { "type": "Point", "coordinates": [ -5.025069, 7.697648 ] } },
{ "type": "Feature", "properties": { "start": "2025-07-02T15:46:34.095Z", "end": "2025-07-02T15:50:13.804Z", "Consentement": "OK", "raison": "commer_ant", "origine": "bouak", "origine_CIV": null, "origine_bouak": "Dar es salam", "origine_tranger": null, "transport": "autre", "Selon_vous_pourquoi_rtent_pas_le_casque_": null, "condvie1": "Construction de magasins", "condvie2": "Dotation en eau potable", "condvie3": null, "eau": "eau_en_bouteille forages_et_puits", "CMU": "oui", "CMU_non": null, "CMU_utilisation": "non", "Pourquoi_n_utilisez_pas_votre_carte_CMU_": null, "insecurite": "oui", "risque_alim1": null, "risque_alim2": null, "risque_alim3": null, "Au_regard_des_impact_en_C_te_d_Ivoire_est": null, "age": "30_44_ans", "sexe": "non", "type_habitat": "maison_individuelle", "tailmen": "3", "enfmen": "1", "sacriz": "1", "instruction": "primaire", "statut_matrimonial": "mari__ou_concubinage", "Quel_est_votre_group_r_dans_l_EE_AfromapR": "6__urbanisation" }, "geometry": { "type": "Point", "coordinates": [ -5.024534, 7.697614 ] } },
{ "type": "Feature", "properties": { "start": "2025-07-02T07:52:21.625Z", "end": "2025-07-02T15:50:59.294Z", "Consentement": "OK", "raison": "commer_ant", "origine": "bouak", "origine_CIV": null, "origine_bouak": "Darsalam", "origine_tranger": null, "transport": "taxi_moto", "Selon_vous_pourquoi_rtent_pas_le_casque_": null, "condvie1": "Construction de nouveau magasin", "condvie2": "Accès à l'eau potable", "condvie3": "Améliorer la gestion de déchets", "eau": "eau_en_bouteille forages_et_puits", "CMU": "oui", "CMU_non": null, "CMU_utilisation": "non", "Pourquoi_n_utilisez_pas_votre_carte_CMU_": null, "insecurite": "non", "risque_alim1": null, "risque_alim2": null, "risque_alim3": null, "Au_regard_des_impact_en_C_te_d_Ivoire_est": null, "age": "option_2", "sexe": "non", "type_habitat": "maison_individuelle", "tailmen": "3", "enfmen": "1", "sacriz": "25", "instruction": "primaire", "statut_matrimonial": "mari__ou_concubinage", "Quel_est_votre_group_r_dans_l_EE_AfromapR": "6__urbanisation" }, "geometry": { "type": "Point", "coordinates": [ -5.02459, 7.697567 ] } },
{ "type": "Feature", "properties": { "start": "2025-07-02T15:42:06.348Z", "end": "2025-07-02T15:51:30.568Z", "Consentement": "OK", "raison": "grossiste", "origine": "bouak", "origine_CIV": null, "origine_bouak": "Dares", "origine_tranger": null, "transport": "taxi_moto", "Selon_vous_pourquoi_rtent_pas_le_casque_": "Manque de sensibilisation", "condvie1": "Mettre des moyens à notre disposition pour aller chercher nos produits", "condvie2": "Avoir un véhicule de ramassage", "condvie3": "Réduire le coût des magasins", "eau": "forages_et_puits", "CMU": "non", "CMU_non": "Aucune idée", "CMU_utilisation": null, "Pourquoi_n_utilisez_pas_votre_carte_CMU_": null, "insecurite": "non", "risque_alim1": null, "risque_alim2": null, "risque_alim3": null, "Au_regard_des_impact_en_C_te_d_Ivoire_est": "ni_positive_ni_n_gative", "age": "30_44_ans", "sexe": "non", "type_habitat": "maison_individuelle", "tailmen": "10", "enfmen": "5", "sacriz": "2", "instruction": "non_scolaris", "statut_matrimonial": "mari__ou_concubinage", "Quel_est_votre_group_r_dans_l_EE_AfromapR": "7__transport" }, "geometry": { "type": "Point", "coordinates": [ -5.024864, 7.697111 ] } },
{ "type": "Feature", "properties": { "start": "2025-07-02T15:45:52.238Z", "end": "2025-07-02T15:51:48.147Z", "Consentement": "OK", "raison": "autre", "origine": "bouak", "origine_CIV": null, "origine_bouak": "Tollakouadiokro", "origine_tranger": null, "transport": "vehicule_personnel", "Selon_vous_pourquoi_rtent_pas_le_casque_": "N'aime pas", "condvie1": "Fonds de commerce", "condvie2": "Terrain", "condvie3": "Maison", "eau": "eau_du_robinet forages_et_puits", "CMU": "non", "CMU_non": "Rien", "CMU_utilisation": null, "Pourquoi_n_utilisez_pas_votre_carte_CMU_": null, "insecurite": "non", "risque_alim1": null, "risque_alim2": null, "risque_alim3": null, "Au_regard_des_impact_en_C_te_d_Ivoire_est": "tr_s_n_gative", "age": "18_29_ans", "sexe": "non", "type_habitat": "maison_individuelle", "tailmen": "6", "enfmen": "2", "sacriz": "1", "instruction": "secondaire", "statut_matrimonial": "c_libataire", "Quel_est_votre_group_r_dans_l_EE_AfromapR": "3__eau" }, "geometry": { "type": "Point", "coordinates": [ -5.024675, 7.697126 ] } },
{ "type": "Feature", "properties": { "start": "2025-07-02T14:42:01.804Z", "end": "2025-07-02T15:51:36.036Z", "Consentement": "OK", "raison": "commer_ant", "origine": "bouak", "origine_CIV": null, "origine_bouak": "AIR FRANCE 1", "origine_tranger": null, "transport": "taxi", "Selon_vous_pourquoi_rtent_pas_le_casque_": "RAS", "condvie1": "Financement de projet", "condvie2": "l'obtention d'un second magasin", "condvie3": null, "eau": "eau_du_robinet", "CMU": "oui", "CMU_non": null, "CMU_utilisation": "non", "Pourquoi_n_utilisez_pas_votre_carte_CMU_": "Ça ne passe pas", "insecurite": "non", "risque_alim1": null, "risque_alim2": null, "risque_alim3": null, "Au_regard_des_impact_en_C_te_d_Ivoire_est": "positive", "age": "30_44_ans", "sexe": "non", "type_habitat": "villa", "tailmen": "10", "enfmen": "8", "sacriz": null, "instruction": "primaire", "statut_matrimonial": "mari__ou_concubinage", "Quel_est_votre_group_r_dans_l_EE_AfromapR": "2__d_mographie" }, "geometry": { "type": "Point", "coordinates": [ -5.023348, 7.696805 ] } },
{ "type": "Feature", "properties": { "start": "2025-07-02T15:43:03.128Z", "end": "2025-07-02T15:52:09.500Z", "Consentement": "OK", "raison": "autre", "origine": "reste_de_la_c_te_d_ivoire", "origine_CIV": "Bouandougou", "origine_bouak": null, "origine_tranger": null, "transport": "taxi_moto", "Selon_vous_pourquoi_rtent_pas_le_casque_": "Presser", "condvie1": "L'argent,", "condvie2": "Matériel de travail", "condvie3": "Un maison", "eau": "eau_du_robinet", "CMU": "non", "CMU_non": "Le temps attente pour le faire", "CMU_utilisation": null, "Pourquoi_n_utilisez_pas_votre_carte_CMU_": null, "insecurite": "non", "risque_alim1": null, "risque_alim2": null, "risque_alim3": null, "Au_regard_des_impact_en_C_te_d_Ivoire_est": "tr_s_n_gative", "age": "30_44_ans", "sexe": "non", "type_habitat": "maison_individuelle", "tailmen": "6", "enfmen": "3", "sacriz": "5", "instruction": "primaire", "statut_matrimonial": "mari__ou_concubinage", "Quel_est_votre_group_r_dans_l_EE_AfromapR": "4__mines" }, "geometry": { "type": "Point", "coordinates": [ -5.02481, 7.697128 ] } },
{ "type": "Feature", "properties": { "start": "2025-07-02T15:49:08.459Z", "end": "2025-07-02T15:55:03.882Z", "Consentement": "OK", "raison": "grossiste", "origine": "bouak", "origine_CIV": null, "origine_bouak": "Belle ville 2", "origine_tranger": null, "transport": "autre", "Selon_vous_pourquoi_rtent_pas_le_casque_": "Lorsqu'on porte on n'entend pas le bruit des véhicules", "condvie1": "Santé, nourriture en abondance, les ressources financières", "condvie2": "Santé", "condvie3": "Nourriture", "eau": "eau_du_robinet", "CMU": "oui", "CMU_non": null, "CMU_utilisation": "non", "Pourquoi_n_utilisez_pas_votre_carte_CMU_": "Les gens disent qu'elle ne passe pas", "insecurite": "non", "risque_alim1": null, "risque_alim2": null, "risque_alim3": null, "Au_regard_des_impact_en_C_te_d_Ivoire_est": "tr_s_positive", "age": "45_59_ans", "sexe": "non", "type_habitat": "autres", "tailmen": "15", "enfmen": "7", "sacriz": "75", "instruction": "non_scolaris", "statut_matrimonial": "mari__ou_concubinage", "Quel_est_votre_group_r_dans_l_EE_AfromapR": "5__sant" }, "geometry": { "type": "Point", "coordinates": [ -5.02346, 7.697436 ] } },
{ "type": "Feature", "properties": { "start": "2025-07-02T15:47:11.414Z", "end": "2025-07-02T15:56:28.698Z", "Consentement": "OK", "raison": "transporteur", "origine": "bouak", "origine_CIV": null, "origine_bouak": "Dar es salam", "origine_tranger": null, "transport": "vehicule_personnel", "Selon_vous_pourquoi_rtent_pas_le_casque_": "C'est gênant", "condvie1": "Il faut la paix", "condvie2": "Avoir une personne sans être location", "condvie3": "Avoir un travail bien renumeré", "eau": "eau_du_robinet", "CMU": "oui", "CMU_non": null, "CMU_utilisation": "non", "Pourquoi_n_utilisez_pas_votre_carte_CMU_": "Aucune connaissance sur l'utilisation de la carte", "insecurite": "oui", "risque_alim1": "La cherté des produits agricoles", "risque_alim2": "Le manque de certains de produits comme le manioc", "risque_alim3": "Il pleut moins donc les champs ne donnent pas de production", "Au_regard_des_impact_en_C_te_d_Ivoire_est": "positive", "age": "18_29_ans", "sexe": "non", "type_habitat": "maison_individuelle", "tailmen": "5", "enfmen": "2", "sacriz": "1", "instruction": "non_scolaris", "statut_matrimonial": "mari__ou_concubinage", "Quel_est_votre_group_r_dans_l_EE_AfromapR": "3__eau" }, "geometry": { "type": "Point", "coordinates": [ -5.024648, 7.697123 ] } },
{ "type": "Feature", "properties": { "start": "2025-07-02T15:38:27.856Z", "end": "2025-07-02T15:56:37.935Z", "Consentement": "OK", "raison": "commer_ant", "origine": "bouak", "origine_CIV": null, "origine_bouak": "Belle ville 2", "origine_tranger": null, "transport": "taxi_moto", "Selon_vous_pourquoi_rtent_pas_le_casque_": "C'est eux seuls qui connaissent les raisons", "condvie1": "Contributions financières", "condvie2": "Un bon conseillé", "condvie3": "L'humilité", "eau": "forages_et_puits", "CMU": "non", "CMU_non": "C'est par négligence", "CMU_utilisation": null, "Pourquoi_n_utilisez_pas_votre_carte_CMU_": null, "insecurite": "oui", "risque_alim1": "Peu de terres cultivées", "risque_alim2": "Absence de moyens financiers des agriculteurs", "risque_alim3": "Solidarité de tous les acteurs", "Au_regard_des_impact_en_C_te_d_Ivoire_est": "ni_positive_ni_n_gative", "age": "45_59_ans", "sexe": "non", "type_habitat": "autres", "tailmen": "12", "enfmen": "8", "sacriz": "100", "instruction": "non_scolaris", "statut_matrimonial": "mari__ou_concubinage", "Quel_est_votre_group_r_dans_l_EE_AfromapR": "5__sant" }, "geometry": { "type": "Point", "coordinates": [ -5.0234, 7.697516 ] } },
{ "type": "Feature", "properties": { "start": "2025-07-02T08:15:39.138Z", "end": "2025-07-02T15:56:48.021Z", "Consentement": "OK", "raison": "grossiste", "origine": "bouak", "origine_CIV": null, "origine_bouak": "Belle ville", "origine_tranger": null, "transport": "autre", "Selon_vous_pourquoi_rtent_pas_le_casque_": null, "condvie1": "Douane", "condvie2": "Taxe liée aux marchandises", "condvie3": "Chargement des marchandises devant la douane", "eau": "eau_du_robinet", "CMU": "oui", "CMU_non": null, "CMU_utilisation": "non", "Pourquoi_n_utilisez_pas_votre_carte_CMU_": null, "insecurite": "non", "risque_alim1": null, "risque_alim2": null, "risque_alim3": null, "Au_regard_des_impact_en_C_te_d_Ivoire_est": null, "age": "45_59_ans", "sexe": "non", "type_habitat": "maison_individuelle", "tailmen": "3", "enfmen": "1", "sacriz": "25", "instruction": "secondaire", "statut_matrimonial": "mari__ou_concubinage", "Quel_est_votre_group_r_dans_l_EE_AfromapR": "7__transport" }, "geometry": { "type": "Point", "coordinates": [ -5.024487, 7.697266 ] } },
{ "type": "Feature", "properties": { "start": "2025-07-02T15:42:04.564Z", "end": "2025-07-02T15:58:55.408Z", "Consentement": "OK", "raison": "autre", "origine": "bouak", "origine_CIV": null, "origine_bouak": "Dar Es Salam 3", "origine_tranger": null, "transport": "taxi_moto", "Selon_vous_pourquoi_rtent_pas_le_casque_": "Problème d'audition,  Ne supporte", "condvie1": "Respect des règles du marché", "condvie2": "Financement", "condvie3": "Contrôle régulier par les forces de l'ordre", "eau": "autres", "CMU": "non", "CMU_non": "Pas temps", "CMU_utilisation": null, "Pourquoi_n_utilisez_pas_votre_carte_CMU_": null, "insecurite": "non", "risque_alim1": null, "risque_alim2": null, "risque_alim3": null, "Au_regard_des_impact_en_C_te_d_Ivoire_est": "n_gative", "age": "30_44_ans", "sexe": "non", "type_habitat": "maison_individuelle", "tailmen": "12", "enfmen": "3", "sacriz": "2", "instruction": "ecole_coranique", "statut_matrimonial": "mari__ou_concubinage", "Quel_est_votre_group_r_dans_l_EE_AfromapR": "6__urbanisation" }, "geometry": { "type": "Point", "coordinates": [ -5.024707, 7.697682 ] } },
{ "type": "Feature", "properties": { "start": "2025-07-02T15:50:59.372Z", "end": "2025-07-02T16:00:49.191Z", "Consentement": "OK", "raison": "grossiste", "origine": "bouak", "origine_CIV": null, "origine_bouak": "Belle ville", "origine_tranger": null, "transport": "taxi_moto", "Selon_vous_pourquoi_rtent_pas_le_casque_": null, "condvie1": "Améliorer la salubrité", "condvie2": "L'insécurité routière", "condvie3": "Infrastructures de santé", "eau": "eau_du_robinet eau_en_bouteille forages_et_puits", "CMU": "oui", "CMU_non": null, "CMU_utilisation": "non", "Pourquoi_n_utilisez_pas_votre_carte_CMU_": null, "insecurite": "non", "risque_alim1": null, "risque_alim2": null, "risque_alim3": null, "Au_regard_des_impact_en_C_te_d_Ivoire_est": null, "age": "45_59_ans", "sexe": "non", "type_habitat": "maison_individuelle", "tailmen": "20", "enfmen": "9", "sacriz": "200", "instruction": "ecole_coranique", "statut_matrimonial": "mari__ou_concubinage", "Quel_est_votre_group_r_dans_l_EE_AfromapR": "6__urbanisation" }, "geometry": { "type": "Point", "coordinates": [ -5.02474, 7.697675 ] } },
{ "type": "Feature", "properties": { "start": "2025-07-02T15:49:08.430Z", "end": "2025-07-02T16:01:57.400Z", "Consentement": "OK", "raison": "commer_ant", "origine": "reste_de_la_c_te_d_ivoire", "origine_CIV": "Zuenoula", "origine_bouak": null, "origine_tranger": null, "transport": "taxi_moto", "Selon_vous_pourquoi_rtent_pas_le_casque_": "Incivisme", "condvie1": "Prêt", "condvie2": "Un camion", "condvie3": "Ne sait pas", "eau": "forages_et_puits", "CMU": "non", "CMU_non": "Pas d'intérêt", "CMU_utilisation": null, "Pourquoi_n_utilisez_pas_votre_carte_CMU_": null, "insecurite": "non", "risque_alim1": null, "risque_alim2": null, "risque_alim3": null, "Au_regard_des_impact_en_C_te_d_Ivoire_est": "n_gative", "age": "30_44_ans", "sexe": "non", "type_habitat": "maison_individuelle", "tailmen": "9", "enfmen": "3", "sacriz": "2", "instruction": "primaire", "statut_matrimonial": "mari__ou_concubinage", "Quel_est_votre_group_r_dans_l_EE_AfromapR": "4__mines" }, "geometry": { "type": "Point", "coordinates": [ -5.024845, 7.697086 ] } },
{ "type": "Feature", "properties": { "start": "2025-07-02T15:51:48.178Z", "end": "2025-07-02T16:02:35.735Z", "Consentement": "OK", "raison": "grossiste", "origine": "bouak", "origine_CIV": null, "origine_bouak": "Kotiakro", "origine_tranger": null, "transport": "vehicule_personnel", "Selon_vous_pourquoi_rtent_pas_le_casque_": "Incivisme", "condvie1": "Argent", "condvie2": "Véhicule", "condvie3": "Terrain", "eau": "eau_du_robinet", "CMU": "non", "CMU_non": "Dysfonctionnements", "CMU_utilisation": null, "Pourquoi_n_utilisez_pas_votre_carte_CMU_": null, "insecurite": "non", "risque_alim1": null, "risque_alim2": null, "risque_alim3": null, "Au_regard_des_impact_en_C_te_d_Ivoire_est": "positive", "age": "30_44_ans", "sexe": "non", "type_habitat": "villa", "tailmen": "21", "enfmen": "12", "sacriz": "8", "instruction": "non_scolaris", "statut_matrimonial": "mari__ou_concubinage", "Quel_est_votre_group_r_dans_l_EE_AfromapR": "3__eau" }, "geometry": { "type": "Point", "coordinates": [ -5.024719, 7.697137 ] } },
{ "type": "Feature", "properties": { "start": "2025-07-02T15:55:47.214Z", "end": "2025-07-02T16:04:25.746Z", "Consentement": "OK", "raison": "grossiste", "origine": "bouak", "origine_CIV": null, "origine_bouak": "Djamourou liberté", "origine_tranger": null, "transport": "vehicule_personnel", "Selon_vous_pourquoi_rtent_pas_le_casque_": "Aucune idée", "condvie1": "Améliorer les infrastructures", "condvie2": null, "condvie3": null, "eau": "eau_du_robinet", "CMU": "non", "CMU_non": "En cours", "CMU_utilisation": null, "Pourquoi_n_utilisez_pas_votre_carte_CMU_": null, "insecurite": "non", "risque_alim1": null, "risque_alim2": null, "risque_alim3": null, "Au_regard_des_impact_en_C_te_d_Ivoire_est": "n_gative", "age": "45_59_ans", "sexe": "non", "type_habitat": null, "tailmen": "11", "enfmen": "13", "sacriz": "2", "instruction": "secondaire", "statut_matrimonial": "mari__ou_concubinage", "Quel_est_votre_group_r_dans_l_EE_AfromapR": "7__transport" }, "geometry": { "type": "Point", "coordinates": [ -5.025059, 7.697153 ] } },
{ "type": "Feature", "properties": { "start": "2025-07-02T15:50:13.881Z", "end": "2025-07-02T16:04:29.582Z", "Consentement": "OK", "raison": "commer_ant", "origine": "bouak", "origine_CIV": null, "origine_bouak": "Belle ville 2", "origine_tranger": null, "transport": "taxi_moto", "Selon_vous_pourquoi_rtent_pas_le_casque_": "Pas de casque,  pas de considération", "condvie1": "Réhabilitation des routes", "condvie2": "Acces à l'eau potable", "condvie3": "Accès au crédit pour travailler", "eau": "eau_en_bouteille autres", "CMU": "oui", "CMU_non": null, "CMU_utilisation": "non", "Pourquoi_n_utilisez_pas_votre_carte_CMU_": "Pas d'argent pour la recharge", "insecurite": "non", "risque_alim1": null, "risque_alim2": null, "risque_alim3": null, "Au_regard_des_impact_en_C_te_d_Ivoire_est": null, "age": "45_59_ans", "sexe": "non", "type_habitat": "maison_individuelle", "tailmen": "10", "enfmen": "6", "sacriz": "4", "instruction": "primaire", "statut_matrimonial": "mari__ou_concubinage", "Quel_est_votre_group_r_dans_l_EE_AfromapR": "6__urbanisation" }, "geometry": { "type": "Point", "coordinates": [ -5.024844, 7.697675 ] } },
{ "type": "Feature", "properties": { "start": "2025-07-02T15:51:30.635Z", "end": "2025-07-02T16:04:42.849Z", "Consentement": "OK", "raison": "commer_ant", "origine": "bouak", "origine_CIV": null, "origine_bouak": "Belle ville", "origine_tranger": null, "transport": "autre", "Selon_vous_pourquoi_rtent_pas_le_casque_": "Incivisme", "condvie1": "Camion", "condvie2": "L'argent", "condvie3": "Créer un espace pour faire la publicité de mes produits", "eau": "eau_du_robinet", "CMU": "oui", "CMU_non": null, "CMU_utilisation": "non", "Pourquoi_n_utilisez_pas_votre_carte_CMU_": "Rien", "insecurite": "non", "risque_alim1": null, "risque_alim2": null, "risque_alim3": null, "Au_regard_des_impact_en_C_te_d_Ivoire_est": "tr_s_positive", "age": "45_59_ans", "sexe": "non", "type_habitat": "maison_individuelle", "tailmen": "4", "enfmen": "2", "sacriz": "4", "instruction": "secondaire", "statut_matrimonial": "mari__ou_concubinage", "Quel_est_votre_group_r_dans_l_EE_AfromapR": "7__transport" }, "geometry": { "type": "Point", "coordinates": [ -5.02494, 7.697176 ] } },
{ "type": "Feature", "properties": { "start": "2025-07-02T15:49:21.628Z", "end": "2025-07-02T16:06:03.161Z", "Consentement": "OK", "raison": "grossiste", "origine": "bouak", "origine_CIV": null, "origine_bouak": "Djambrou", "origine_tranger": null, "transport": "vehicule_personnel", "Selon_vous_pourquoi_rtent_pas_le_casque_": "Ça dépend d'eux", "condvie1": "Protection", "condvie2": "Diminué les prix", "condvie3": "Subventionné les produits", "eau": "eau_du_robinet", "CMU": "oui", "CMU_non": null, "CMU_utilisation": "oui", "Pourquoi_n_utilisez_pas_votre_carte_CMU_": null, "insecurite": "oui", "risque_alim1": "Diminution des produits", "risque_alim2": "Changement climatique", "risque_alim3": null, "Au_regard_des_impact_en_C_te_d_Ivoire_est": "ni_positive_ni_n_gative", "age": "30_44_ans", "sexe": "oui", "type_habitat": "maison_individuelle", "tailmen": "10", "enfmen": "8", "sacriz": "1", "instruction": "secondaire", "statut_matrimonial": "mari__ou_concubinage", "Quel_est_votre_group_r_dans_l_EE_AfromapR": "2__d_mographie" }, "geometry": { "type": "Point", "coordinates": [ -5.025359, 7.698487 ] } },
{ "type": "Feature", "properties": { "start": "2025-07-02T15:56:28.916Z", "end": "2025-07-02T16:07:46.568Z", "Consentement": "OK", "raison": "transporteur", "origine": "bouak", "origine_CIV": null, "origine_bouak": "Dar es salam", "origine_tranger": null, "transport": "autre", "Selon_vous_pourquoi_rtent_pas_le_casque_": "Le manque d'habitude", "condvie1": "Il faut la sécurité", "condvie2": "Réduire le coût des denrées alimentaires", "condvie3": "Réduire le coût du loyer", "eau": "eau_du_robinet forages_et_puits", "CMU": "oui", "CMU_non": null, "CMU_utilisation": "non", "Pourquoi_n_utilisez_pas_votre_carte_CMU_": "Méconnaissance de l'importance de la carte", "insecurite": "non", "risque_alim1": null, "risque_alim2": null, "risque_alim3": null, "Au_regard_des_impact_en_C_te_d_Ivoire_est": "tr_s_n_gative", "age": "30_44_ans", "sexe": "non", "type_habitat": "habitat_pr_caire", "tailmen": "6", "enfmen": "4", "sacriz": "1", "instruction": "secondaire", "statut_matrimonial": "mari__ou_concubinage", "Quel_est_votre_group_r_dans_l_EE_AfromapR": "3__eau" }, "geometry": { "type": "Point", "coordinates": [ -5.024928, 7.697154 ] } },
{ "type": "Feature", "properties": { "start": "2025-07-02T15:56:23.557Z", "end": "2025-07-02T16:07:49.659Z", "Consentement": "OK", "raison": "commer_ant", "origine": "bouak", "origine_CIV": null, "origine_bouak": "Dar es salam", "origine_tranger": null, "transport": "vehicule_personnel", "Selon_vous_pourquoi_rtent_pas_le_casque_": "Incivis6", "condvie1": null, "condvie2": null, "condvie3": null, "eau": "eau_du_robinet", "CMU": "non", "CMU_non": "Indisponible", "CMU_utilisation": null, "Pourquoi_n_utilisez_pas_votre_carte_CMU_": null, "insecurite": "oui", "risque_alim1": "Salubri6", "risque_alim2": null, "risque_alim3": null, "Au_regard_des_impact_en_C_te_d_Ivoire_est": "n_gative", "age": "45_59_ans", "sexe": "non", "type_habitat": "maison_individuelle", "tailmen": "10", "enfmen": "7", "sacriz": "3", "instruction": "secondaire", "statut_matrimonial": "mari__ou_concubinage", "Quel_est_votre_group_r_dans_l_EE_AfromapR": "4__mines" }, "geometry": { "type": "Point", "coordinates": [ -5.025357, 7.697428 ] } },
{ "type": "Feature", "properties": { "start": "2025-07-02T15:51:48.968Z", "end": "2025-07-02T16:08:13.099Z", "Consentement": "OK", "raison": "grossiste", "origine": "bouak", "origine_CIV": null, "origine_bouak": "Tola kouadiokoro", "origine_tranger": null, "transport": "autre", "Selon_vous_pourquoi_rtent_pas_le_casque_": "Casque trop cher (plus facile de payer 1000f au policier)", "condvie1": "Santé", "condvie2": "Avoir les moyens", "condvie3": "Un travail qui marche bien", "eau": "eau_du_robinet autres", "CMU": "non", "CMU_non": "Pas eu de place (j’ai essayé mais…)", "CMU_utilisation": null, "Pourquoi_n_utilisez_pas_votre_carte_CMU_": null, "insecurite": "non", "risque_alim1": null, "risque_alim2": null, "risque_alim3": null, "Au_regard_des_impact_en_C_te_d_Ivoire_est": "tr_s_n_gative", "age": "60_ans_et_plus", "sexe": "non", "type_habitat": "maison_individuelle", "tailmen": "30", "enfmen": "25", "sacriz": "10", "instruction": "non_scolaris", "statut_matrimonial": "mari__ou_concubinage", "Quel_est_votre_group_r_dans_l_EE_AfromapR": "autre__formateurs__etc" }, "geometry": { "type": "Point", "coordinates": [ -5.025528, 7.697608 ] } },
{ "type": "Feature", "properties": { "start": "2025-07-02T15:56:38.074Z", "end": "2025-07-02T16:09:10.052Z", "Consentement": "OK", "raison": "grossiste", "origine": "bouak", "origine_CIV": null, "origine_bouak": "Maroc", "origine_tranger": null, "transport": "taxi", "Selon_vous_pourquoi_rtent_pas_le_casque_": "Ignorance", "condvie1": "Un poids pour certains", "condvie2": "Jeunesses", "condvie3": "Fonds de commerce, vendre à l'extérieur, emploi des enfants", "eau": "forages_et_puits", "CMU": "oui", "CMU_non": null, "CMU_utilisation": "non", "Pourquoi_n_utilisez_pas_votre_carte_CMU_": "A cause de la non prestation", "insecurite": "non", "risque_alim1": null, "risque_alim2": null, "risque_alim3": null, "Au_regard_des_impact_en_C_te_d_Ivoire_est": "positive", "age": "45_59_ans", "sexe": "oui", "type_habitat": "villa", "tailmen": "25", "enfmen": "20", "sacriz": "50", "instruction": "secondaire", "statut_matrimonial": "mari__ou_concubinage", "Quel_est_votre_group_r_dans_l_EE_AfromapR": "5__sant" }, "geometry": { "type": "Point", "coordinates": [ -5.023217, 7.697117 ] } },
{ "type": "Feature", "properties": { "start": "2025-07-02T15:56:48.188Z", "end": "2025-07-02T16:09:16.800Z", "Consentement": "OK", "raison": "commer_ant", "origine": "bouak", "origine_CIV": null, "origine_bouak": "Tolakouadiokro", "origine_tranger": null, "transport": "taxi_moto", "Selon_vous_pourquoi_rtent_pas_le_casque_": null, "condvie1": "0", "condvie2": "0", "condvie3": "0", "eau": "autres", "CMU": "non", "CMU_non": "Demande faite mais encore sortie", "CMU_utilisation": null, "Pourquoi_n_utilisez_pas_votre_carte_CMU_": null, "insecurite": "non", "risque_alim1": null, "risque_alim2": null, "risque_alim3": null, "Au_regard_des_impact_en_C_te_d_Ivoire_est": null, "age": "45_59_ans", "sexe": "non", "type_habitat": "autres", "tailmen": "30", "enfmen": "20", "sacriz": "100", "instruction": "primaire", "statut_matrimonial": "mari__ou_concubinage", "Quel_est_votre_group_r_dans_l_EE_AfromapR": "7__transport" }, "geometry": { "type": "Point", "coordinates": [ -5.025265, 7.697307 ] } },
{ "type": "Feature", "properties": { "start": "2025-07-02T15:55:09.001Z", "end": "2025-07-02T16:09:36.206Z", "Consentement": "OK", "raison": "commer_ant", "origine": "bouak", "origine_CIV": null, "origine_bouak": "Tola", "origine_tranger": null, "transport": "taxi_moto", "Selon_vous_pourquoi_rtent_pas_le_casque_": "Négligence car pas de répression", "condvie1": "Fonds de commerce", "condvie2": "Ouitis de vente", "condvie3": "Faciliter la procédure administrative au marché", "eau": "eau_du_robinet", "CMU": "oui", "CMU_non": null, "CMU_utilisation": "oui", "Pourquoi_n_utilisez_pas_votre_carte_CMU_": null, "insecurite": "non", "risque_alim1": null, "risque_alim2": null, "risque_alim3": null, "Au_regard_des_impact_en_C_te_d_Ivoire_est": "ni_positive_ni_n_gative", "age": "30_44_ans", "sexe": "non", "type_habitat": "habitat_pr_caire", "tailmen": "16", "enfmen": "10", "sacriz": "3", "instruction": "ecole_coranique", "statut_matrimonial": "mari__ou_concubinage", "Quel_est_votre_group_r_dans_l_EE_AfromapR": "4__mines" }, "geometry": { "type": "Point", "coordinates": [ -5.024931, 7.697173 ] } },
{ "type": "Feature", "properties": { "start": "2025-07-02T15:55:03.983Z", "end": "2025-07-02T16:09:47.245Z", "Consentement": "OK", "raison": "grossiste", "origine": "bouak", "origine_CIV": null, "origine_bouak": "Sokoura", "origine_tranger": null, "transport": "taxi_moto", "Selon_vous_pourquoi_rtent_pas_le_casque_": "Quand je porte je ne t'entends pas les klaxons", "condvie1": "Indépendance financière", "condvie2": "Belle maison", "condvie3": null, "eau": "eau_du_robinet", "CMU": "oui", "CMU_non": null, "CMU_utilisation": "non", "Pourquoi_n_utilisez_pas_votre_carte_CMU_": "Pas négligence", "insecurite": "non", "risque_alim1": null, "risque_alim2": null, "risque_alim3": null, "Au_regard_des_impact_en_C_te_d_Ivoire_est": "tr_s_positive", "age": "30_44_ans", "sexe": "non", "type_habitat": "maison_individuelle", "tailmen": "3", "enfmen": "2", "sacriz": "30", "instruction": "primaire", "statut_matrimonial": "mari__ou_concubinage", "Quel_est_votre_group_r_dans_l_EE_AfromapR": "5__sant" }, "geometry": { "type": "Point", "coordinates": [ -5.023534, 7.696584 ] } },
{ "type": "Feature", "properties": { "start": "2025-07-02T16:04:42.888Z", "end": "2025-07-02T16:09:52.431Z", "Consentement": "OK", "raison": "grossiste", "origine": "bouak", "origine_CIV": null, "origine_bouak": "Dares", "origine_tranger": null, "transport": "vehicule_personnel", "Selon_vous_pourquoi_rtent_pas_le_casque_": "Incivisme", "condvie1": "Camion pour ramassage", "condvie2": "Fonds pour augmenter notre affaire", "condvie3": "Réduire le coût du magasin", "eau": "eau_du_robinet", "CMU": "oui", "CMU_non": null, "CMU_utilisation": "oui", "Pourquoi_n_utilisez_pas_votre_carte_CMU_": null, "insecurite": "non", "risque_alim1": null, "risque_alim2": null, "risque_alim3": null, "Au_regard_des_impact_en_C_te_d_Ivoire_est": "tr_s_positive", "age": "45_59_ans", "sexe": "non", "type_habitat": "villa", "tailmen": "8", "enfmen": "3", "sacriz": "4", "instruction": "primaire", "statut_matrimonial": "mari__ou_concubinage", "Quel_est_votre_group_r_dans_l_EE_AfromapR": "7__transport" }, "geometry": { "type": "Point", "coordinates": [ -5.025601, 7.697256 ] } },
{ "type": "Feature", "properties": { "start": "2025-07-02T15:52:36.276Z", "end": "2025-07-02T16:10:51.189Z", "Consentement": "OK", "raison": "commer_ant", "origine": "bouak", "origine_CIV": null, "origine_bouak": "Sokouara", "origine_tranger": null, "transport": "autre", "Selon_vous_pourquoi_rtent_pas_le_casque_": "Cout", "condvie1": "Financement", "condvie2": "Avoir des débouchés", "condvie3": null, "eau": "eau_du_robinet autres", "CMU": "oui", "CMU_non": null, "CMU_utilisation": "non", "Pourquoi_n_utilisez_pas_votre_carte_CMU_": "Pas encore activé / negligence", "insecurite": "oui", "risque_alim1": null, "risque_alim2": null, "risque_alim3": null, "Au_regard_des_impact_en_C_te_d_Ivoire_est": "tr_s_n_gative", "age": "30_44_ans", "sexe": "non", "type_habitat": "autres", "tailmen": "4", "enfmen": "3", "sacriz": "2", "instruction": "ecole_coranique", "statut_matrimonial": "mari__ou_concubinage", "Quel_est_votre_group_r_dans_l_EE_AfromapR": "7__transport" }, "geometry": { "type": "Point", "coordinates": [ -5.025576, 7.697602 ] } },
{ "type": "Feature", "properties": { "start": "2025-07-02T15:47:59.362Z", "end": "2025-07-02T16:11:43.915Z", "Consentement": "OK", "raison": "grossiste", "origine": "bouak", "origine_CIV": null, "origine_bouak": "Kanounoukro", "origine_tranger": null, "transport": "autre", "Selon_vous_pourquoi_rtent_pas_le_casque_": "Ils n'ont pas la culture et l'éducation du port du casque", "condvie1": "Santé", "condvie2": "Travail", "condvie3": "Courtoisie", "eau": "forages_et_puits", "CMU": "oui", "CMU_non": null, "CMU_utilisation": "oui", "Pourquoi_n_utilisez_pas_votre_carte_CMU_": null, "insecurite": "oui", "risque_alim1": "Pas de contrôle de l'alimentation", "risque_alim2": "La présence des aliments importés comme le riz, la Pomme de terre", "risque_alim3": "Cherté des aliments", "Au_regard_des_impact_en_C_te_d_Ivoire_est": "n_gative", "age": "30_44_ans", "sexe": "non", "type_habitat": "autres", "tailmen": "15", "enfmen": "5", "sacriz": "6", "instruction": "sup_rieur", "statut_matrimonial": "c_libataire", "Quel_est_votre_group_r_dans_l_EE_AfromapR": "5__sant" }, "geometry": { "type": "Point", "coordinates": [ -5.023503, 7.696587 ] } },
{ "type": "Feature", "properties": { "start": "2025-07-02T15:57:37.883Z", "end": "2025-07-02T16:11:47.723Z", "Consentement": "OK", "raison": "commer_ant", "origine": "bouak", "origine_CIV": null, "origine_bouak": "Maroc", "origine_tranger": null, "transport": "vehicule_personnel", "Selon_vous_pourquoi_rtent_pas_le_casque_": "Ça gêne", "condvie1": "La sécurité", "condvie2": "Accès au crédit", "condvie3": null, "eau": "eau_du_robinet", "CMU": "oui", "CMU_non": null, "CMU_utilisation": "oui", "Pourquoi_n_utilisez_pas_votre_carte_CMU_": null, "insecurite": "oui", "risque_alim1": "Manque de moyens", "risque_alim2": "Cherté de la vie", "risque_alim3": "Manque d'emploi", "Au_regard_des_impact_en_C_te_d_Ivoire_est": "tr_s_n_gative", "age": "45_59_ans", "sexe": "non", "type_habitat": "maison_individuelle", "tailmen": "20", "enfmen": "16", "sacriz": "6", "instruction": "ecole_coranique", "statut_matrimonial": "mari__ou_concubinage", "Quel_est_votre_group_r_dans_l_EE_AfromapR": "1__agriculture" }, "geometry": { "type": "Point", "coordinates": [ -5.027226, 7.699 ] } },
{ "type": "Feature", "properties": { "start": "2025-07-02T15:51:37.501Z", "end": "2025-07-02T16:12:12.249Z", "Consentement": "OK", "raison": "commer_ant", "origine": "bouak", "origine_CIV": null, "origine_bouak": "Sokoura", "origine_tranger": null, "transport": "taxi_moto", "Selon_vous_pourquoi_rtent_pas_le_casque_": "Problème d'inconfor", "condvie1": "Honnête", "condvie2": "Argent", "condvie3": "Travail", "eau": "eau_en_bouteille autres", "CMU": "non", "CMU_non": "Négligence", "CMU_utilisation": null, "Pourquoi_n_utilisez_pas_votre_carte_CMU_": null, "insecurite": "non", "risque_alim1": null, "risque_alim2": null, "risque_alim3": null, "Au_regard_des_impact_en_C_te_d_Ivoire_est": "ni_positive_ni_n_gative", "age": "18_29_ans", "sexe": "non", "type_habitat": "autres", "tailmen": "20", "enfmen": "8", "sacriz": "1", "instruction": "primaire", "statut_matrimonial": "c_libataire", "Quel_est_votre_group_r_dans_l_EE_AfromapR": "autre__formateurs__etc" }, "geometry": { "type": "Point", "coordinates": [ -5.025649, 7.697641 ] } },
{ "type": "Feature", "properties": { "start": "2025-07-02T15:48:18.406Z", "end": "2025-07-02T16:12:47.404Z", "Consentement": "OK", "raison": "commer_ant", "origine": "bouak", "origine_CIV": null, "origine_bouak": "Maroc", "origine_tranger": null, "transport": "taxi", "Selon_vous_pourquoi_rtent_pas_le_casque_": "Les casques gênent les motocyclistes", "condvie1": "Financement (prêts) des activités", "condvie2": "Être en sécurité partout", "condvie3": "Meilleure enseignement des eleves", "eau": "forages_et_puits", "CMU": "non", "CMU_non": "Je n'ai pas le temps pour l'elaboration", "CMU_utilisation": null, "Pourquoi_n_utilisez_pas_votre_carte_CMU_": null, "insecurite": "non", "risque_alim1": null, "risque_alim2": null, "risque_alim3": null, "Au_regard_des_impact_en_C_te_d_Ivoire_est": "ni_positive_ni_n_gative", "age": "30_44_ans", "sexe": "non", "type_habitat": "maison_individuelle", "tailmen": "20", "enfmen": "6", "sacriz": "4", "instruction": "ecole_coranique", "statut_matrimonial": "mari__ou_concubinage", "Quel_est_votre_group_r_dans_l_EE_AfromapR": "1__agriculture" }, "geometry": { "type": "Point", "coordinates": [ -5.027202, 7.699044 ] } },
{ "type": "Feature", "properties": { "start": "2025-07-02T16:04:25.818Z", "end": "2025-07-02T16:12:58.907Z", "Consentement": "OK", "raison": "grossiste", "origine": "bouak", "origine_CIV": null, "origine_bouak": "Dar es salam", "origine_tranger": null, "transport": "vehicule_personnel", "Selon_vous_pourquoi_rtent_pas_le_casque_": "Aucune idée", "condvie1": null, "condvie2": null, "condvie3": null, "eau": "eau_du_robinet", "CMU": "oui", "CMU_non": null, "CMU_utilisation": "non", "Pourquoi_n_utilisez_pas_votre_carte_CMU_": null, "insecurite": "non", "risque_alim1": null, "risque_alim2": null, "risque_alim3": null, "Au_regard_des_impact_en_C_te_d_Ivoire_est": "n_gative", "age": "30_44_ans", "sexe": "non", "type_habitat": null, "tailmen": "24", "enfmen": "17", "sacriz": "6", "instruction": "ecole_coranique", "statut_matrimonial": "mari__ou_concubinage", "Quel_est_votre_group_r_dans_l_EE_AfromapR": "7__transport" }, "geometry": { "type": "Point", "coordinates": [ -5.025351, 7.697127 ] } },
{ "type": "Feature", "properties": { "start": "2025-07-02T16:00:49.241Z", "end": "2025-07-02T16:14:19.868Z", "Consentement": "OK", "raison": "commer_ant", "origine": "bouak", "origine_CIV": null, "origine_bouak": "Belle ville", "origine_tranger": null, "transport": "vehicule_personnel", "Selon_vous_pourquoi_rtent_pas_le_casque_": null, "condvie1": "Soutien financier", "condvie2": "Offrir des moyens de transport des produits", "condvie3": "Baisser le prix des d'entrée alimentaire", "eau": "eau_du_robinet eau_en_bouteille forages_et_puits", "CMU": "oui", "CMU_non": null, "CMU_utilisation": "non", "Pourquoi_n_utilisez_pas_votre_carte_CMU_": null, "insecurite": "non", "risque_alim1": null, "risque_alim2": null, "risque_alim3": null, "Au_regard_des_impact_en_C_te_d_Ivoire_est": null, "age": null, "sexe": "non", "type_habitat": "maison_individuelle", "tailmen": "9", "enfmen": "7", "sacriz": "75", "instruction": "primaire", "statut_matrimonial": "mari__ou_concubinage", "Quel_est_votre_group_r_dans_l_EE_AfromapR": "6__urbanisation" }, "geometry": { "type": "Point", "coordinates": [ -5.024617, 7.69769 ] } },
{ "type": "Feature", "properties": { "start": "2025-07-02T16:07:46.754Z", "end": "2025-07-02T16:14:26.937Z", "Consentement": "OK", "raison": "transporteur", "origine": "bouak", "origine_CIV": null, "origine_bouak": "Maroc", "origine_tranger": null, "transport": "autre", "Selon_vous_pourquoi_rtent_pas_le_casque_": "C'est gênant", "condvie1": "Avoir une activité de commerce", "condvie2": "Assurer la sécurité", "condvie3": "Avoir de la nourriture disponible", "eau": "forages_et_puits", "CMU": "oui", "CMU_non": null, "CMU_utilisation": "non", "Pourquoi_n_utilisez_pas_votre_carte_CMU_": "Selon les rumeurs la carte ne fonctionne pas dans les hôpitaux donc je préfère ne pas l'utiliser", "insecurite": "non", "risque_alim1": null, "risque_alim2": null, "risque_alim3": null, "Au_regard_des_impact_en_C_te_d_Ivoire_est": "ni_positive_ni_n_gative", "age": "30_44_ans", "sexe": "non", "type_habitat": "habitat_pr_caire", "tailmen": "6", "enfmen": "4", "sacriz": "1", "instruction": "secondaire", "statut_matrimonial": "mari__ou_concubinage", "Quel_est_votre_group_r_dans_l_EE_AfromapR": "3__eau" }, "geometry": { "type": "Point", "coordinates": [ -5.024939, 7.697169 ] } },
{ "type": "Feature", "properties": { "start": "2025-07-02T16:07:49.876Z", "end": "2025-07-02T16:13:32.519Z", "Consentement": "OK", "raison": "commer_ant", "origine": "bouak", "origine_CIV": null, "origine_bouak": "Djanbourou liberté", "origine_tranger": null, "transport": "vehicule_personnel", "Selon_vous_pourquoi_rtent_pas_le_casque_": "Habitude", "condvie1": "Pix des taxe", "condvie2": null, "condvie3": null, "eau": "eau_du_robinet", "CMU": "oui", "CMU_non": null, "CMU_utilisation": "non", "Pourquoi_n_utilisez_pas_votre_carte_CMU_": "Rien", "insecurite": "oui", "risque_alim1": "Les conditions de cuisson", "risque_alim2": null, "risque_alim3": null, "Au_regard_des_impact_en_C_te_d_Ivoire_est": "ni_positive_ni_n_gative", "age": "30_44_ans", "sexe": "non", "type_habitat": "habitat_pr_caire", "tailmen": "18", "enfmen": "13", "sacriz": "8", "instruction": "non_scolaris", "statut_matrimonial": "mari__ou_concubinage", "Quel_est_votre_group_r_dans_l_EE_AfromapR": "4__mines" }, "geometry": { "type": "Point", "coordinates": [ -5.02522, 7.69723 ] } },
{ "type": "Feature", "properties": { "start": "2025-07-02T15:51:36.080Z", "end": "2025-07-02T16:14:50.296Z", "Consentement": "OK", "raison": "commer_ant", "origine": "bouak", "origine_CIV": null, "origine_bouak": "Dares salam", "origine_tranger": null, "transport": "taxi_moto", "Selon_vous_pourquoi_rtent_pas_le_casque_": "RAS", "condvie1": "Financement dans l'achat des produits", "condvie2": null, "condvie3": null, "eau": "forages_et_puits", "CMU": "oui", "CMU_non": null, "CMU_utilisation": "non", "Pourquoi_n_utilisez_pas_votre_carte_CMU_": "Difficultés financières", "insecurite": "non", "risque_alim1": null, "risque_alim2": null, "risque_alim3": null, "Au_regard_des_impact_en_C_te_d_Ivoire_est": "tr_s_n_gative", "age": "45_59_ans", "sexe": "non", "type_habitat": "maison_individuelle", "tailmen": "24", "enfmen": "8", "sacriz": null, "instruction": "primaire", "statut_matrimonial": "mari__ou_concubinage", "Quel_est_votre_group_r_dans_l_EE_AfromapR": "2__d_mographie" }, "geometry": { "type": "Point", "coordinates": [ -5.025725, 7.697685 ] } },
{ "type": "Feature", "properties": { "start": "2025-07-02T14:22:50.928Z", "end": "2025-07-02T16:15:29.341Z", "Consentement": "OK", "raison": "grossiste", "origine": "bouak", "origine_CIV": null, "origine_bouak": "Olionou", "origine_tranger": null, "transport": "taxi_moto", "Selon_vous_pourquoi_rtent_pas_le_casque_": "Irresponsabilité des jeunes", "condvie1": "Trouvé du travail aux jeunes", "condvie2": "Scolarisation + école coranique", "condvie3": "Bonne éducation", "eau": "eau_du_robinet forages_et_puits", "CMU": "oui", "CMU_non": null, "CMU_utilisation": "oui", "Pourquoi_n_utilisez_pas_votre_carte_CMU_": null, "insecurite": "oui", "risque_alim1": "Chomage", "risque_alim2": null, "risque_alim3": null, "Au_regard_des_impact_en_C_te_d_Ivoire_est": "n_gative", "age": "45_59_ans", "sexe": "non", "type_habitat": "maison_individuelle", "tailmen": "10", "enfmen": "7", "sacriz": "6", "instruction": "ecole_coranique", "statut_matrimonial": "mari__ou_concubinage", "Quel_est_votre_group_r_dans_l_EE_AfromapR": "1__agriculture" }, "geometry": { "type": "Point", "coordinates": [ -5.027682, 7.699007 ] } },
{ "type": "Feature", "properties": { "start": "2025-07-02T16:01:57.484Z", "end": "2025-07-02T16:15:29.121Z", "Consentement": "OK", "raison": "autre", "origine": "bouak", "origine_CIV": null, "origine_bouak": "Sonzoribougou", "origine_tranger": null, "transport": "marche", "Selon_vous_pourquoi_rtent_pas_le_casque_": "Par plaisance", "condvie1": "prêt", "condvie2": "Obtention de fonds", "condvie3": "Rien", "eau": "forages_et_puits", "CMU": "non", "CMU_non": "Pas d'intérêt", "CMU_utilisation": null, "Pourquoi_n_utilisez_pas_votre_carte_CMU_": null, "insecurite": "oui", "risque_alim1": "Pauvreté", "risque_alim2": "Cherté des aliments", "risque_alim3": "Ne sait pas", "Au_regard_des_impact_en_C_te_d_Ivoire_est": "n_gative", "age": "45_59_ans", "sexe": "non", "type_habitat": "habitat_pr_caire", "tailmen": "9", "enfmen": "7", "sacriz": "2", "instruction": "non_scolaris", "statut_matrimonial": "mari__ou_concubinage", "Quel_est_votre_group_r_dans_l_EE_AfromapR": "4__mines" }, "geometry": { "type": "Point", "coordinates": [ -5.024919, 7.69714 ] } },
{ "type": "Feature", "properties": { "start": "2025-07-02T16:09:16.952Z", "end": "2025-07-02T16:17:03.567Z", "Consentement": "OK", "raison": "commer_ant", "origine": "bouak", "origine_CIV": null, "origine_bouak": "Daresalam", "origine_tranger": null, "transport": "vehicule_personnel", "Selon_vous_pourquoi_rtent_pas_le_casque_": null, "condvie1": "Tracasseries routières", "condvie2": "Exportations de certains produits", "condvie3": "Taxes", "eau": "eau_en_bouteille", "CMU": "oui", "CMU_non": null, "CMU_utilisation": "non", "Pourquoi_n_utilisez_pas_votre_carte_CMU_": null, "insecurite": "non", "risque_alim1": null, "risque_alim2": null, "risque_alim3": null, "Au_regard_des_impact_en_C_te_d_Ivoire_est": null, "age": "option_2", "sexe": "non", "type_habitat": "autres", "tailmen": "15", "enfmen": "3", "sacriz": "100", "instruction": "sup_rieur", "statut_matrimonial": "mari__ou_concubinage", "Quel_est_votre_group_r_dans_l_EE_AfromapR": "7__transport" }, "geometry": { "type": "Point", "coordinates": [ -5.025265, 7.697307 ] } },
{ "type": "Feature", "properties": { "start": "2025-07-02T16:12:12.303Z", "end": "2025-07-02T16:17:19.175Z", "Consentement": "OK", "raison": "particulier", "origine": "bouak", "origine_CIV": null, "origine_bouak": "AHOUGNANSOU", "origine_tranger": null, "transport": "taxi", "Selon_vous_pourquoi_rtent_pas_le_casque_": "Négligence", "condvie1": "Santé", "condvie2": "Argent", "condvie3": "Moyen", "eau": "eau_du_robinet eau_en_bouteille autres", "CMU": "non", "CMU_non": "Problème de temps", "CMU_utilisation": null, "Pourquoi_n_utilisez_pas_votre_carte_CMU_": null, "insecurite": "non", "risque_alim1": null, "risque_alim2": null, "risque_alim3": null, "Au_regard_des_impact_en_C_te_d_Ivoire_est": "tr_s_n_gative", "age": "45_59_ans", "sexe": "non", "type_habitat": "maison_individuelle", "tailmen": "5", "enfmen": "3", "sacriz": "1", "instruction": "secondaire", "statut_matrimonial": "mari__ou_concubinage", "Quel_est_votre_group_r_dans_l_EE_AfromapR": "autre__formateurs__etc" }, "geometry": { "type": "Point", "coordinates": [ -5.025664, 7.697632 ] } },
{ "type": "Feature", "properties": { "start": "2025-07-02T16:10:51.212Z", "end": "2025-07-02T16:17:51.771Z", "Consentement": "OK", "raison": "grossiste", "origine": "bouak", "origine_CIV": null, "origine_bouak": "Dares Salam", "origine_tranger": null, "transport": "taxi_moto", "Selon_vous_pourquoi_rtent_pas_le_casque_": "Encombrant", "condvie1": "Finance", "condvie2": "Santé", "condvie3": null, "eau": "eau_du_robinet", "CMU": "non", "CMU_non": "Pas encore disponible", "CMU_utilisation": null, "Pourquoi_n_utilisez_pas_votre_carte_CMU_": null, "insecurite": "oui", "risque_alim1": null, "risque_alim2": null, "risque_alim3": null, "Au_regard_des_impact_en_C_te_d_Ivoire_est": "n_gative", "age": "18_29_ans", "sexe": "non", "type_habitat": "autres", "tailmen": "20", "enfmen": "1", "sacriz": "2", "instruction": "secondaire", "statut_matrimonial": "c_libataire", "Quel_est_votre_group_r_dans_l_EE_AfromapR": "7__transport" }, "geometry": { "type": "Point", "coordinates": [ -5.025627, 7.697605 ] } },
{ "type": "Feature", "properties": { "start": "2025-07-02T16:09:54.240Z", "end": "2025-07-02T16:18:43.867Z", "Consentement": "OK", "raison": "commer_ant", "origine": "bouak", "origine_CIV": null, "origine_bouak": "Belle ville", "origine_tranger": null, "transport": "autre", "Selon_vous_pourquoi_rtent_pas_le_casque_": null, "condvie1": "Accès au crédit", "condvie2": "Réalisation d'infrastructures routières", "condvie3": "Facilité d'accès à l'eau potable", "eau": "forages_et_puits", "CMU": "oui", "CMU_non": null, "CMU_utilisation": "non", "Pourquoi_n_utilisez_pas_votre_carte_CMU_": "Ne connaît pas le fonctionnement", "insecurite": "non", "risque_alim1": null, "risque_alim2": null, "risque_alim3": null, "Au_regard_des_impact_en_C_te_d_Ivoire_est": null, "age": "30_44_ans", "sexe": "non", "type_habitat": "autres", "tailmen": "5", "enfmen": "3", "sacriz": "1", "instruction": "primaire", "statut_matrimonial": "mari__ou_concubinage", "Quel_est_votre_group_r_dans_l_EE_AfromapR": "6__urbanisation" }, "geometry": { "type": "Point", "coordinates": [ -5.024647, 7.697694 ] } },
{ "type": "Feature", "properties": { "start": "2025-07-02T16:14:50.349Z", "end": "2025-07-02T16:19:08.171Z", "Consentement": "OK", "raison": "transporteur", "origine": "reste_de_la_c_te_d_ivoire", "origine_CIV": "Korhogo", "origine_bouak": null, "origine_tranger": null, "transport": "autre", "Selon_vous_pourquoi_rtent_pas_le_casque_": "Ras", "condvie1": "Finances de projet", "condvie2": null, "condvie3": null, "eau": "eau_en_bouteille", "CMU": "non", "CMU_non": "Ça e m'intéresse pas", "CMU_utilisation": null, "Pourquoi_n_utilisez_pas_votre_carte_CMU_": null, "insecurite": "non", "risque_alim1": null, "risque_alim2": null, "risque_alim3": null, "Au_regard_des_impact_en_C_te_d_Ivoire_est": "tr_s_n_gative", "age": "30_44_ans", "sexe": "non", "type_habitat": "maison_individuelle", "tailmen": "15", "enfmen": "11", "sacriz": "5", "instruction": "secondaire", "statut_matrimonial": "mari__ou_concubinage", "Quel_est_votre_group_r_dans_l_EE_AfromapR": "2__d_mographie" }, "geometry": { "type": "Point", "coordinates": [ -5.023207, 7.697627 ] } },
{ "type": "Feature", "properties": { "start": "2025-07-02T16:02:35.795Z", "end": "2025-07-02T16:21:13.002Z", "Consentement": "OK", "raison": "transporteur", "origine": "reste_de_la_c_te_d_ivoire", "origine_CIV": "Odienné", "origine_bouak": null, "origine_tranger": null, "transport": "taxi", "Selon_vous_pourquoi_rtent_pas_le_casque_": "Incivisme", "condvie1": "Accès à la propriété immobilière", "condvie2": "Argent", "condvie3": "Véhicule personnel", "eau": "eau_du_robinet forages_et_puits", "CMU": "oui", "CMU_non": null, "CMU_utilisation": "non", "Pourquoi_n_utilisez_pas_votre_carte_CMU_": "Dysfonctionnements", "insecurite": "non", "risque_alim1": null, "risque_alim2": null, "risque_alim3": null, "Au_regard_des_impact_en_C_te_d_Ivoire_est": "tr_s_n_gative", "age": "30_44_ans", "sexe": "non", "type_habitat": "maison_individuelle", "tailmen": "8", "enfmen": "2", "sacriz": "1", "instruction": "secondaire", "statut_matrimonial": "mari__ou_concubinage", "Quel_est_votre_group_r_dans_l_EE_AfromapR": "3__eau" }, "geometry": { "type": "Point", "coordinates": [ -5.02436, 7.697581 ] } },
{ "type": "Feature", "properties": { "start": "2025-07-02T16:19:55.955Z", "end": "2025-07-02T16:22:40.029Z", "Consentement": "OK", "raison": "grossiste", "origine": "bouak", "origine_CIV": null, "origine_bouak": null, "origine_tranger": null, "transport": "vehicule_personnel", "Selon_vous_pourquoi_rtent_pas_le_casque_": "Aucune idée", "condvie1": "Plus de produits", "condvie2": null, "condvie3": null, "eau": "eau_du_robinet", "CMU": "oui", "CMU_non": null, "CMU_utilisation": "oui", "Pourquoi_n_utilisez_pas_votre_carte_CMU_": null, "insecurite": "oui", "risque_alim1": "La nourriture devient rare", "risque_alim2": null, "risque_alim3": null, "Au_regard_des_impact_en_C_te_d_Ivoire_est": "ni_positive_ni_n_gative", "age": "30_44_ans", "sexe": "non", "type_habitat": "maison_individuelle", "tailmen": "6", "enfmen": "4", "sacriz": "1", "instruction": "primaire", "statut_matrimonial": "mari__ou_concubinage", "Quel_est_votre_group_r_dans_l_EE_AfromapR": "2__d_mographie" }, "geometry": { "type": "Point", "coordinates": [ -5.023195, 7.697616 ] } },
{ "type": "Feature", "properties": { "start": "2025-07-02T15:58:55.545Z", "end": "2025-07-02T16:22:42.952Z", "Consentement": "OK", "raison": "commer_ant", "origine": "bouak", "origine_CIV": null, "origine_bouak": "Belleville", "origine_tranger": null, "transport": "vehicule_personnel", "Selon_vous_pourquoi_rtent_pas_le_casque_": "Pas habitué", "condvie1": "Aide financière", "condvie2": "Eau potable", "condvie3": "Renforcé la sécurité au niveau des magasins", "eau": "forages_et_puits", "CMU": "oui", "CMU_non": null, "CMU_utilisation": "non", "Pourquoi_n_utilisez_pas_votre_carte_CMU_": "Aucune connaissance", "insecurite": "non", "risque_alim1": null, "risque_alim2": null, "risque_alim3": null, "Au_regard_des_impact_en_C_te_d_Ivoire_est": "tr_s_n_gative", "age": "30_44_ans", "sexe": "non", "type_habitat": "maison_individuelle", "tailmen": "6", "enfmen": "4", "sacriz": "1", "instruction": "ecole_coranique", "statut_matrimonial": "mari__ou_concubinage", "Quel_est_votre_group_r_dans_l_EE_AfromapR": "6__urbanisation" }, "geometry": { "type": "Point", "coordinates": [ -5.024687, 7.697638 ] } },
{ "type": "Feature", "properties": { "start": "2025-07-02T16:09:52.465Z", "end": "2025-07-02T16:22:47.960Z", "Consentement": "OK", "raison": "commer_ant", "origine": "bouak", "origine_CIV": null, "origine_bouak": "Dares", "origine_tranger": null, "transport": "vehicule_personnel", "Selon_vous_pourquoi_rtent_pas_le_casque_": "Je ne sais pas", "condvie1": "Moyen financier", "condvie2": "Réduire les coûts de magasin", "condvie3": null, "eau": "eau_du_robinet", "CMU": "non", "CMU_non": "Rien", "CMU_utilisation": null, "Pourquoi_n_utilisez_pas_votre_carte_CMU_": null, "insecurite": "non", "risque_alim1": null, "risque_alim2": null, "risque_alim3": null, "Au_regard_des_impact_en_C_te_d_Ivoire_est": "tr_s_positive", "age": "60_ans_et_plus", "sexe": "non", "type_habitat": "maison_individuelle", "tailmen": "8", "enfmen": "4", "sacriz": "3", "instruction": "non_scolaris", "statut_matrimonial": "mari__ou_concubinage", "Quel_est_votre_group_r_dans_l_EE_AfromapR": "7__transport" }, "geometry": { "type": "Point", "coordinates": [ -5.023254, 7.697139 ] } },
{ "type": "Feature", "properties": { "start": "2025-07-02T16:16:03.944Z", "end": "2025-07-02T16:23:20.239Z", "Consentement": "OK", "raison": "commer_ant", "origine": "bouak", "origine_CIV": null, "origine_bouak": "Kenedi", "origine_tranger": null, "transport": "taxi", "Selon_vous_pourquoi_rtent_pas_le_casque_": "Aucun idée", "condvie1": "Santé", "condvie2": "Transport", "condvie3": "Logement", "eau": "forages_et_puits", "CMU": "non", "CMU_non": "Pas encore reçu la carte", "CMU_utilisation": null, "Pourquoi_n_utilisez_pas_votre_carte_CMU_": null, "insecurite": "non", "risque_alim1": null, "risque_alim2": null, "risque_alim3": null, "Au_regard_des_impact_en_C_te_d_Ivoire_est": "ni_positive_ni_n_gative", "age": "45_59_ans", "sexe": "non", "type_habitat": "habitat_pr_caire", "tailmen": "7", "enfmen": "6", "sacriz": "25", "instruction": "primaire", "statut_matrimonial": "mari__ou_concubinage", "Quel_est_votre_group_r_dans_l_EE_AfromapR": "3__eau" }, "geometry": { "type": "Point", "coordinates": [ -5.024638, 7.697616 ] } },
{ "type": "Feature", "properties": { "start": "2025-07-02T16:17:51.791Z", "end": "2025-07-02T16:23:33.740Z", "Consentement": "OK", "raison": "particulier", "origine": "bouak", "origine_CIV": null, "origine_bouak": "Air France 3", "origine_tranger": null, "transport": "taxi", "Selon_vous_pourquoi_rtent_pas_le_casque_": "Ignorance des risques", "condvie1": "Finance", "condvie2": "Santé", "condvie3": null, "eau": "forages_et_puits", "CMU": "oui", "CMU_non": null, "CMU_utilisation": "non", "Pourquoi_n_utilisez_pas_votre_carte_CMU_": "Pas eu l’occasion de l’usage", "insecurite": "non", "risque_alim1": null, "risque_alim2": null, "risque_alim3": null, "Au_regard_des_impact_en_C_te_d_Ivoire_est": "tr_s_n_gative", "age": "30_44_ans", "sexe": "oui", "type_habitat": "villa", "tailmen": "3", "enfmen": "0", "sacriz": "1", "instruction": "secondaire", "statut_matrimonial": "mari__ou_concubinage", "Quel_est_votre_group_r_dans_l_EE_AfromapR": "7__transport" }, "geometry": { "type": "Point", "coordinates": [ -5.025649, 7.697615 ] } },
{ "type": "Feature", "properties": { "start": "2025-07-02T16:21:13.049Z", "end": "2025-07-02T16:24:22.744Z", "Consentement": "OK", "raison": "commer_ant", "origine": "bouak", "origine_CIV": null, "origine_bouak": "Dar es salam", "origine_tranger": null, "transport": "taxi_moto", "Selon_vous_pourquoi_rtent_pas_le_casque_": "Rien", "condvie1": "Fonds de commerce", "condvie2": "Mariage", "condvie3": "Logement", "eau": "eau_du_robinet forages_et_puits", "CMU": "non", "CMU_non": "Rien", "CMU_utilisation": null, "Pourquoi_n_utilisez_pas_votre_carte_CMU_": null, "insecurite": "non", "risque_alim1": null, "risque_alim2": null, "risque_alim3": null, "Au_regard_des_impact_en_C_te_d_Ivoire_est": "tr_s_n_gative", "age": "18_29_ans", "sexe": "oui", "type_habitat": "maison_individuelle", "tailmen": "3", "enfmen": "0", "sacriz": "1", "instruction": "secondaire", "statut_matrimonial": "c_libataire", "Quel_est_votre_group_r_dans_l_EE_AfromapR": "3__eau" }, "geometry": { "type": "Point", "coordinates": [ -5.025326, 7.697625 ] } },
{ "type": "Feature", "properties": { "start": "2025-07-02T16:15:29.211Z", "end": "2025-07-02T16:24:29.567Z", "Consentement": "OK", "raison": "commer_ant", "origine": "bouak", "origine_CIV": null, "origine_bouak": "Dar Es salam", "origine_tranger": null, "transport": "vehicule_personnel", "Selon_vous_pourquoi_rtent_pas_le_casque_": "Pour mieux entendre", "condvie1": "Financement", "condvie2": "Accès au logement", "condvie3": "Aide à la scolarisation", "eau": "eau_du_robinet", "CMU": "oui", "CMU_non": null, "CMU_utilisation": "oui", "Pourquoi_n_utilisez_pas_votre_carte_CMU_": null, "insecurite": "non", "risque_alim1": null, "risque_alim2": null, "risque_alim3": null, "Au_regard_des_impact_en_C_te_d_Ivoire_est": "positive", "age": "45_59_ans", "sexe": "non", "type_habitat": "maison_individuelle", "tailmen": "6", "enfmen": "3", "sacriz": null, "instruction": "primaire", "statut_matrimonial": "mari__ou_concubinage", "Quel_est_votre_group_r_dans_l_EE_AfromapR": "4__mines" }, "geometry": { "type": "Point", "coordinates": [ -5.025468, 7.697181 ] } },
{ "type": "Feature", "properties": { "start": "2025-07-02T16:14:27.090Z", "end": "2025-07-02T16:24:53.055Z", "Consentement": "OK", "raison": "grossiste", "origine": "bouak", "origine_CIV": null, "origine_bouak": "Dar es salam", "origine_tranger": null, "transport": "vehicule_personnel", "Selon_vous_pourquoi_rtent_pas_le_casque_": "Le port de casque ne fait pas parti de leur habitude", "condvie1": "Réduire le prix des denrées alimentaires", "condvie2": "Réduire le coût du loyer", "condvie3": "Avoir de l'argent", "eau": "eau_du_robinet forages_et_puits", "CMU": "non", "CMU_non": "Ça ne m'intéresse pas", "CMU_utilisation": null, "Pourquoi_n_utilisez_pas_votre_carte_CMU_": null, "insecurite": "non", "risque_alim1": null, "risque_alim2": null, "risque_alim3": null, "Au_regard_des_impact_en_C_te_d_Ivoire_est": "n_gative", "age": "45_59_ans", "sexe": "non", "type_habitat": "villa", "tailmen": "7", "enfmen": "3", "sacriz": "2", "instruction": "primaire", "statut_matrimonial": "mari__ou_concubinage", "Quel_est_votre_group_r_dans_l_EE_AfromapR": "3__eau" }, "geometry": { "type": "Point", "coordinates": [ -5.025413, 7.697184 ] } },
{ "type": "Feature", "properties": { "start": "2025-07-02T16:09:10.147Z", "end": "2025-07-02T16:26:05.655Z", "Consentement": "OK", "raison": "grossiste", "origine": "bouak", "origine_CIV": null, "origine_bouak": "Sokoura", "origine_tranger": null, "transport": "vehicule_personnel", "Selon_vous_pourquoi_rtent_pas_le_casque_": "Manque de civisme", "condvie1": "Manque de communication", "condvie2": "Accès au prêts bancaires", "condvie3": "Formation des acteurs", "eau": "eau_du_robinet", "CMU": "non", "CMU_non": "J'ai souscrit et jusqu'à présent je n'ai pas reçu ma carte", "CMU_utilisation": null, "Pourquoi_n_utilisez_pas_votre_carte_CMU_": null, "insecurite": "oui", "risque_alim1": "Orpaillage", "risque_alim2": "Exportation des produits céréaliers", "risque_alim3": "On se dirige plus vers les produits de rente", "Au_regard_des_impact_en_C_te_d_Ivoire_est": "positive", "age": "45_59_ans", "sexe": "non", "type_habitat": "autres", "tailmen": "25", "enfmen": "13", "sacriz": "150", "instruction": "primaire", "statut_matrimonial": "mari__ou_concubinage", "Quel_est_votre_group_r_dans_l_EE_AfromapR": "5__sant" }, "geometry": { "type": "Point", "coordinates": [ -5.023787, 7.697033 ] } },
{ "type": "Feature", "properties": { "start": "2025-07-02T16:12:58.964Z", "end": "2025-07-02T16:25:46Z", "Consentement": "OK", "raison": "commer_ant", "origine": "bouak", "origine_CIV": null, "origine_bouak": "Dar es salam", "origine_tranger": null, "transport": "taxi_moto", "Selon_vous_pourquoi_rtent_pas_le_casque_": "Aucune idée", "condvie1": null, "condvie2": null, "condvie3": null, "eau": "eau_du_robinet", "CMU": "oui", "CMU_non": null, "CMU_utilisation": "non", "Pourquoi_n_utilisez_pas_votre_carte_CMU_": null, "insecurite": "non", "risque_alim1": null, "risque_alim2": null, "risque_alim3": null, "Au_regard_des_impact_en_C_te_d_Ivoire_est": "n_gative", "age": "30_44_ans", "sexe": "oui", "type_habitat": "habitat_pr_caire", "tailmen": "4", "enfmen": "6", "sacriz": "1", "instruction": "primaire", "statut_matrimonial": "mari__ou_concubinage", "Quel_est_votre_group_r_dans_l_EE_AfromapR": "7__transport" }, "geometry": { "type": "Point", "coordinates": [ -5.025414, 7.697172 ] } },
{ "type": "Feature", "properties": { "start": "2025-07-02T16:17:03.668Z", "end": "2025-07-02T16:26:24.771Z", "Consentement": "OK", "raison": "transporteur", "origine": "bouak", "origine_CIV": null, "origine_bouak": "Darelessam", "origine_tranger": null, "transport": "taxi_moto", "Selon_vous_pourquoi_rtent_pas_le_casque_": null, "condvie1": "La carte grise", "condvie2": "Besoin d'aide pour déchargement des marchandises", "condvie3": "Coût du carburant", "eau": "autres", "CMU": "non", "CMU_non": "Fais mais pas encore disponible", "CMU_utilisation": null, "Pourquoi_n_utilisez_pas_votre_carte_CMU_": null, "insecurite": "non", "risque_alim1": null, "risque_alim2": null, "risque_alim3": null, "Au_regard_des_impact_en_C_te_d_Ivoire_est": null, "age": "option_2", "sexe": "non", "type_habitat": "maison_individuelle", "tailmen": "2", "enfmen": "0", "sacriz": "25", "instruction": "non_scolaris", "statut_matrimonial": "mari__ou_concubinage", "Quel_est_votre_group_r_dans_l_EE_AfromapR": "7__transport" }, "geometry": { "type": "Point", "coordinates": [ -5.025508, 7.697135 ] } },
{ "type": "Feature", "properties": { "start": "2025-07-02T16:09:47.357Z", "end": "2025-07-02T16:27:43.777Z", "Consentement": "OK", "raison": "autre", "origine": "bouak", "origine_CIV": null, "origine_bouak": "Djambrou", "origine_tranger": null, "transport": "taxi_moto", "Selon_vous_pourquoi_rtent_pas_le_casque_": "Aucune idée", "condvie1": "Faire le commerce", "condvie2": "Scolariser les enfants aisément", "condvie3": "Aucun", "eau": "eau_du_robinet", "CMU": "oui", "CMU_non": null, "CMU_utilisation": "non", "Pourquoi_n_utilisez_pas_votre_carte_CMU_": "Pas négligence", "insecurite": "non", "risque_alim1": null, "risque_alim2": null, "risque_alim3": null, "Au_regard_des_impact_en_C_te_d_Ivoire_est": "tr_s_positive", "age": "30_44_ans", "sexe": "oui", "type_habitat": "maison_individuelle", "tailmen": "9", "enfmen": "4", "sacriz": "50", "instruction": "non_scolaris", "statut_matrimonial": "mari__ou_concubinage", "Quel_est_votre_group_r_dans_l_EE_AfromapR": "5__sant" }, "geometry": { "type": "Point", "coordinates": [ -5.023176, 7.696659 ] } },
{ "type": "Feature", "properties": { "start": "2025-07-02T16:23:33.759Z", "end": "2025-07-02T16:27:49.086Z", "Consentement": "OK", "raison": "particulier", "origine": "bouak", "origine_CIV": null, "origine_bouak": "Broujro", "origine_tranger": null, "transport": "taxi", "Selon_vous_pourquoi_rtent_pas_le_casque_": "Imprudence", "condvie1": "Travail", "condvie2": null, "condvie3": null, "eau": "eau_du_robinet eau_en_bouteille autres", "CMU": "oui", "CMU_non": null, "CMU_utilisation": "non", "Pourquoi_n_utilisez_pas_votre_carte_CMU_": "Pas eu l’occasion", "insecurite": "non", "risque_alim1": null, "risque_alim2": null, "risque_alim3": null, "Au_regard_des_impact_en_C_te_d_Ivoire_est": "n_gative", "age": "18_29_ans", "sexe": "oui", "type_habitat": "habitat_pr_caire", "tailmen": "6", "enfmen": "0", "sacriz": "1", "instruction": "non_scolaris", "statut_matrimonial": "c_libataire", "Quel_est_votre_group_r_dans_l_EE_AfromapR": "7__transport" }, "geometry": { "type": "Point", "coordinates": [ -5.024924, 7.697504 ] } },
{ "type": "Feature", "properties": { "start": "2025-07-02T16:11:44.067Z", "end": "2025-07-02T16:27:51.880Z", "Consentement": "OK", "raison": "commer_ant", "origine": "bouak", "origine_CIV": null, "origine_bouak": "Tollakoudiokro", "origine_tranger": null, "transport": "autre", "Selon_vous_pourquoi_rtent_pas_le_casque_": "La méconnaissance du port casque", "condvie1": "Argent", "condvie2": "Travail", "condvie3": "Connaissance", "eau": "forages_et_puits", "CMU": "non", "CMU_non": "Je n'ai pas connaissance", "CMU_utilisation": null, "Pourquoi_n_utilisez_pas_votre_carte_CMU_": null, "insecurite": "non", "risque_alim1": null, "risque_alim2": null, "risque_alim3": null, "Au_regard_des_impact_en_C_te_d_Ivoire_est": "tr_s_n_gative", "age": "18_29_ans", "sexe": "non", "type_habitat": "autres", "tailmen": "30", "enfmen": "12", "sacriz": "6", "instruction": "secondaire", "statut_matrimonial": "mari__ou_concubinage", "Quel_est_votre_group_r_dans_l_EE_AfromapR": "5__sant" }, "geometry": { "type": "Point", "coordinates": [ -5.023895, 7.696762 ] } },
{ "type": "Feature", "properties": { "start": "2025-07-02T16:09:36.235Z", "end": "2025-07-02T16:27:57.057Z", "Consentement": "OK", "raison": "commer_ant", "origine": "bouak", "origine_CIV": null, "origine_bouak": "Belle ville", "origine_tranger": null, "transport": "taxi_moto", "Selon_vous_pourquoi_rtent_pas_le_casque_": "Le poids", "condvie1": "L'argent", "condvie2": "Matériel de transport", "condvie3": "Fonds de commerce", "eau": "eau_en_bouteille", "CMU": "oui", "CMU_non": null, "CMU_utilisation": "non", "Pourquoi_n_utilisez_pas_votre_carte_CMU_": "Pas encore malade", "insecurite": "non", "risque_alim1": null, "risque_alim2": null, "risque_alim3": null, "Au_regard_des_impact_en_C_te_d_Ivoire_est": "tr_s_n_gative", "age": "45_59_ans", "sexe": "oui", "type_habitat": "maison_individuelle", "tailmen": "2", "enfmen": "0", "sacriz": "1", "instruction": "non_scolaris", "statut_matrimonial": "mari__ou_concubinage", "Quel_est_votre_group_r_dans_l_EE_AfromapR": "4__mines" }, "geometry": { "type": "Point", "coordinates": [ -5.025377, 7.697147 ] } },
{ "type": "Feature", "properties": { "start": "2025-07-02T16:11:47.938Z", "end": "2025-07-02T16:31:31.586Z", "Consentement": "OK", "raison": "autre", "origine": "bouak", "origine_CIV": null, "origine_bouak": "Zone", "origine_tranger": null, "transport": "taxi", "Selon_vous_pourquoi_rtent_pas_le_casque_": "Manque de casque", "condvie1": "Emploi", "condvie2": "Acces aux Soins", "condvie3": "Accès au crédit", "eau": "forages_et_puits", "CMU": "oui", "CMU_non": null, "CMU_utilisation": "oui", "Pourquoi_n_utilisez_pas_votre_carte_CMU_": null, "insecurite": "oui", "risque_alim1": "Manqué de pluie", "risque_alim2": "Cherté de la vie", "risque_alim3": "Emploi", "Au_regard_des_impact_en_C_te_d_Ivoire_est": "tr_s_n_gative", "age": "45_59_ans", "sexe": "oui", "type_habitat": "maison_individuelle", "tailmen": "10", "enfmen": "7", "sacriz": "2", "instruction": "secondaire", "statut_matrimonial": "mari__ou_concubinage", "Quel_est_votre_group_r_dans_l_EE_AfromapR": "1__agriculture" }, "geometry": { "type": "Point", "coordinates": [ -5.026432, 7.699165 ] } },
{ "type": "Feature", "properties": { "start": "2025-07-02T16:24:22.789Z", "end": "2025-07-02T16:31:34.057Z", "Consentement": "OK", "raison": "commer_ant", "origine": "bouak", "origine_CIV": null, "origine_bouak": "Sokoura", "origine_tranger": null, "transport": "vehicule_personnel", "Selon_vous_pourquoi_rtent_pas_le_casque_": "Incivisme, jeunes conducteurs", "condvie1": "Fonds de commerce", "condvie2": "Moyens de déplacement pour écouler les produits", "condvie3": "Développer le commerce", "eau": "forages_et_puits", "CMU": "oui", "CMU_non": null, "CMU_utilisation": "non", "Pourquoi_n_utilisez_pas_votre_carte_CMU_": "Rien", "insecurite": "non", "risque_alim1": null, "risque_alim2": null, "risque_alim3": null, "Au_regard_des_impact_en_C_te_d_Ivoire_est": "ni_positive_ni_n_gative", "age": "30_44_ans", "sexe": "non", "type_habitat": "maison_individuelle", "tailmen": "4", "enfmen": "2", "sacriz": "1", "instruction": "secondaire", "statut_matrimonial": "mari__ou_concubinage", "Quel_est_votre_group_r_dans_l_EE_AfromapR": "3__eau" }, "geometry": { "type": "Point", "coordinates": [ -5.025771, 7.697633 ] } },
{ "type": "Feature", "properties": { "start": "2025-07-02T16:23:20.297Z", "end": "2025-07-02T16:33:08.291Z", "Consentement": "OK", "raison": "commer_ant", "origine": "bouak", "origine_CIV": null, "origine_bouak": "Maroc", "origine_tranger": null, "transport": "vehicule_personnel", "Selon_vous_pourquoi_rtent_pas_le_casque_": "Aucun idée", "condvie1": "Transport", "condvie2": "Louer", "condvie3": "Santé", "eau": "eau_du_robinet", "CMU": "non", "CMU_non": "Ça ne m'intéresse pas", "CMU_utilisation": null, "Pourquoi_n_utilisez_pas_votre_carte_CMU_": null, "insecurite": "non", "risque_alim1": null, "risque_alim2": null, "risque_alim3": null, "Au_regard_des_impact_en_C_te_d_Ivoire_est": "ni_positive_ni_n_gative", "age": "45_59_ans", "sexe": "non", "type_habitat": "maison_individuelle", "tailmen": "9", "enfmen": "4", "sacriz": "30", "instruction": "primaire", "statut_matrimonial": "mari__ou_concubinage", "Quel_est_votre_group_r_dans_l_EE_AfromapR": "3__eau" }, "geometry": { "type": "Point", "coordinates": [ -5.025197, 7.697656 ] } },
{ "type": "Feature", "properties": { "start": "2025-07-02T16:27:24.894Z", "end": "2025-07-02T16:33:36.690Z", "Consentement": "OK", "raison": "grossiste", "origine": "bouak", "origine_CIV": null, "origine_bouak": null, "origine_tranger": null, "transport": "autre", "Selon_vous_pourquoi_rtent_pas_le_casque_": null, "condvie1": "Constructions Magasins de grandes tailles", "condvie2": null, "condvie3": null, "eau": "eau_en_bouteille", "CMU": "oui", "CMU_non": null, "CMU_utilisation": "non", "Pourquoi_n_utilisez_pas_votre_carte_CMU_": "Pas arriver à ce niveau", "insecurite": null, "risque_alim1": null, "risque_alim2": null, "risque_alim3": null, "Au_regard_des_impact_en_C_te_d_Ivoire_est": null, "age": "30_44_ans", "sexe": "non", "type_habitat": "maison_individuelle", "tailmen": "8", "enfmen": "8", "sacriz": "4", "instruction": "primaire", "statut_matrimonial": "mari__ou_concubinage", "Quel_est_votre_group_r_dans_l_EE_AfromapR": "6__urbanisation" }, "geometry": { "type": "Point", "coordinates": [ -5.025268, 7.697612 ] } },
{ "type": "Feature", "properties": { "start": "2025-07-02T16:34:23.887Z", "end": "2025-07-02T16:37:59.099Z", "Consentement": "OK", "raison": "grossiste", "origine": "bouak", "origine_CIV": null, "origine_bouak": "Kottiakoffikro", "origine_tranger": null, "transport": "autre", "Selon_vous_pourquoi_rtent_pas_le_casque_": null, "condvie1": "Réhabilitation des routes", "condvie2": "Construction de nouveaux magasins", "condvie3": "Acces au credi", "eau": "eau_en_bouteille autres", "CMU": "oui", "CMU_non": null, "CMU_utilisation": "non", "Pourquoi_n_utilisez_pas_votre_carte_CMU_": "Rien", "insecurite": null, "risque_alim1": null, "risque_alim2": null, "risque_alim3": null, "Au_regard_des_impact_en_C_te_d_Ivoire_est": null, "age": null, "sexe": "non", "type_habitat": "maison_individuelle", "tailmen": null, "enfmen": null, "sacriz": "4", "instruction": "primaire", "statut_matrimonial": "mari__ou_concubinage", "Quel_est_votre_group_r_dans_l_EE_AfromapR": "6__urbanisation" }, "geometry": { "type": "Point", "coordinates": [ -5.025322, 7.697586 ] } },
{ "type": "Feature", "properties": { "start": "2025-07-02T16:31:31.842Z", "end": "2025-07-02T16:39:34.517Z", "Consentement": "OK", "raison": "autre", "origine": "bouak", "origine_CIV": null, "origine_bouak": "Daresalam", "origine_tranger": null, "transport": "taxi_moto", "Selon_vous_pourquoi_rtent_pas_le_casque_": "Manque de casque", "condvie1": "Sécurité", "condvie2": "Avoir un Emploi", "condvie3": "Accès au crédit", "eau": "forages_et_puits", "CMU": "oui", "CMU_non": null, "CMU_utilisation": "oui", "Pourquoi_n_utilisez_pas_votre_carte_CMU_": null, "insecurite": "non", "risque_alim1": null, "risque_alim2": null, "risque_alim3": null, "Au_regard_des_impact_en_C_te_d_Ivoire_est": "tr_s_n_gative", "age": "18_29_ans", "sexe": "oui", "type_habitat": "villa", "tailmen": "12", "enfmen": "10", "sacriz": "2", "instruction": "sup_rieur", "statut_matrimonial": "c_libataire", "Quel_est_votre_group_r_dans_l_EE_AfromapR": "1__agriculture" }, "geometry": { "type": "Point", "coordinates": [ -5.026483, 7.69908 ] } },
{ "type": "Feature", "properties": { "start": "2025-07-02T16:22:43.064Z", "end": "2025-07-02T16:40:40.389Z", "Consentement": "OK", "raison": "grossiste", "origine": "bouak", "origine_CIV": null, "origine_bouak": "Sokoura", "origine_tranger": null, "transport": "vehicule_personnel", "Selon_vous_pourquoi_rtent_pas_le_casque_": "Question d'habitude", "condvie1": "Aide a la scolarité", "condvie2": "Apport de soutien", "condvie3": "Améliorer nos conditions de travail", "eau": "eau_du_robinet", "CMU": "oui", "CMU_non": null, "CMU_utilisation": "non", "Pourquoi_n_utilisez_pas_votre_carte_CMU_": "Ne me profite", "insecurite": "non", "risque_alim1": null, "risque_alim2": null, "risque_alim3": null, "Au_regard_des_impact_en_C_te_d_Ivoire_est": "ni_positive_ni_n_gative", "age": "45_59_ans", "sexe": "non", "type_habitat": "maison_individuelle", "tailmen": "11", "enfmen": "9", "sacriz": "3", "instruction": "non_scolaris", "statut_matrimonial": "mari__ou_concubinage", "Quel_est_votre_group_r_dans_l_EE_AfromapR": "6__urbanisation" }, "geometry": { "type": "Point", "coordinates": [ -5.024646, 7.69767 ] } },
{ "type": "Feature", "properties": { "start": "2025-07-02T16:15:29.505Z", "end": "2025-07-02T16:40:44.166Z", "Consentement": "OK", "raison": "grossiste", "origine": "bouak", "origine_CIV": null, "origine_bouak": "Kariakofffikro", "origine_tranger": null, "transport": "gbaka", "Selon_vous_pourquoi_rtent_pas_le_casque_": "Aucune idée", "condvie1": "Réduire chômage", "condvie2": "Subvention aux commerçants", "condvie3": "Moderniser agriculture pour sécuriser approvisionnement", "eau": "eau_du_robinet forages_et_puits", "CMU": "oui", "CMU_non": null, "CMU_utilisation": "non", "Pourquoi_n_utilisez_pas_votre_carte_CMU_": "Pas d'occasion", "insecurite": "oui", "risque_alim1": "Cherté de la vie", "risque_alim2": "Faible production agricole", "risque_alim3": "Moins de 3 repas", "Au_regard_des_impact_en_C_te_d_Ivoire_est": "tr_s_n_gative", "age": "30_44_ans", "sexe": "oui", "type_habitat": "maison_individuelle", "tailmen": "2", "enfmen": "1", "sacriz": "2", "instruction": "sup_rieur", "statut_matrimonial": "c_libataire", "Quel_est_votre_group_r_dans_l_EE_AfromapR": "1__agriculture" }, "geometry": { "type": "Point", "coordinates": [ -5.026459, 7.699118 ] } },
{ "type": "Feature", "properties": { "start": "2025-07-02T16:31:34.099Z", "end": "2025-07-02T16:41:04.553Z", "Consentement": "OK", "raison": "commer_ant", "origine": "bouak", "origine_CIV": null, "origine_bouak": "Dar es salam", "origine_tranger": null, "transport": "vehicule_personnel", "Selon_vous_pourquoi_rtent_pas_le_casque_": "Gênant", "condvie1": "Logistique (véhicule pour faire les activités)", "condvie2": "Financement", "condvie3": "Construction d'une maison", "eau": "eau_du_robinet forages_et_puits", "CMU": "oui", "CMU_non": null, "CMU_utilisation": "non", "Pourquoi_n_utilisez_pas_votre_carte_CMU_": "Rien", "insecurite": "non", "risque_alim1": null, "risque_alim2": null, "risque_alim3": null, "Au_regard_des_impact_en_C_te_d_Ivoire_est": "tr_s_n_gative", "age": "30_44_ans", "sexe": "non", "type_habitat": "maison_individuelle", "tailmen": "15", "enfmen": "6", "sacriz": "3", "instruction": "secondaire", "statut_matrimonial": "mari__ou_concubinage", "Quel_est_votre_group_r_dans_l_EE_AfromapR": "3__eau" }, "geometry": { "type": "Point", "coordinates": [ -5.025549, 7.697615 ] } },
{ "type": "Feature", "properties": { "start": "2025-07-02T16:26:05.770Z", "end": "2025-07-02T16:41:41.256Z", "Consentement": "OK", "raison": "commer_ant", "origine": "bouak", "origine_CIV": null, "origine_bouak": "Sokoura", "origine_tranger": null, "transport": "taxi_moto", "Selon_vous_pourquoi_rtent_pas_le_casque_": "Ça charge la tête", "condvie1": "Avoir un camion remorque", "condvie2": "Un entrepôt", "condvie3": "Financement", "eau": "eau_du_robinet", "CMU": "non", "CMU_non": "Par négligence", "CMU_utilisation": null, "Pourquoi_n_utilisez_pas_votre_carte_CMU_": null, "insecurite": "oui", "risque_alim1": "Augmentation des prix", "risque_alim2": "Taxes élevées de l'état", "risque_alim3": "Insuffisance de terres cultivables", "Au_regard_des_impact_en_C_te_d_Ivoire_est": "ni_positive_ni_n_gative", "age": "30_44_ans", "sexe": "non", "type_habitat": "autres", "tailmen": "30", "enfmen": "12", "sacriz": "2", "instruction": "ecole_coranique", "statut_matrimonial": "mari__ou_concubinage", "Quel_est_votre_group_r_dans_l_EE_AfromapR": "5__sant" }, "geometry": { "type": "Point", "coordinates": [ -5.02431, 7.696771 ] } },
{ "type": "Feature", "properties": { "start": "2025-07-02T16:24:29.645Z", "end": "2025-07-02T16:41:55.508Z", "Consentement": "OK", "raison": "commer_ant", "origine": "bouak", "origine_CIV": null, "origine_bouak": "Commerce", "origine_tranger": null, "transport": "vehicule_personnel", "Selon_vous_pourquoi_rtent_pas_le_casque_": "Ne sait pas", "condvie1": "Financement", "condvie2": "Diminuer le prix des aliments", "condvie3": "Rien", "eau": "eau_du_robinet", "CMU": "non", "CMU_non": "Pour rien", "CMU_utilisation": null, "Pourquoi_n_utilisez_pas_votre_carte_CMU_": null, "insecurite": "non", "risque_alim1": null, "risque_alim2": null, "risque_alim3": null, "Au_regard_des_impact_en_C_te_d_Ivoire_est": "positive", "age": "45_59_ans", "sexe": "non", "type_habitat": "maison_individuelle", "tailmen": "11", "enfmen": "8", "sacriz": "4", "instruction": "non_scolaris", "statut_matrimonial": "mari__ou_concubinage", "Quel_est_votre_group_r_dans_l_EE_AfromapR": "4__mines" }, "geometry": { "type": "Point", "coordinates": [ -5.025636, 7.697577 ] } },
{ "type": "Feature", "properties": { "start": "2025-07-02T16:14:19.913Z", "end": "2025-07-02T16:42:00.371Z", "Consentement": "OK", "raison": "commer_ant", "origine": "bouak", "origine_CIV": null, "origine_bouak": "Dar esalam", "origine_tranger": null, "transport": "vehicule_personnel", "Selon_vous_pourquoi_rtent_pas_le_casque_": null, "condvie1": "Ameliore la Voirie", "condvie2": "Financement des activités", "condvie3": "L'insécurité", "eau": "eau_du_robinet eau_en_bouteille forages_et_puits", "CMU": "non", "CMU_non": "Négligence", "CMU_utilisation": null, "Pourquoi_n_utilisez_pas_votre_carte_CMU_": null, "insecurite": "non", "risque_alim1": null, "risque_alim2": null, "risque_alim3": null, "Au_regard_des_impact_en_C_te_d_Ivoire_est": null, "age": "option_2", "sexe": "non", "type_habitat": "villa", "tailmen": "4", "enfmen": "2", "sacriz": "50", "instruction": "ecole_coranique", "statut_matrimonial": "mari__ou_concubinage", "Quel_est_votre_group_r_dans_l_EE_AfromapR": "6__urbanisation" }, "geometry": { "type": "Point", "coordinates": [ -5.025217, 7.697636 ] } },
{ "type": "Feature", "properties": { "start": "2025-07-02T16:25:46.075Z", "end": "2025-07-02T16:42:07.895Z", "Consentement": "OK", "raison": "grossiste", "origine": "bouak", "origine_CIV": null, "origine_bouak": "Djamourou liberté", "origine_tranger": null, "transport": "autre", "Selon_vous_pourquoi_rtent_pas_le_casque_": "Aucune idée", "condvie1": null, "condvie2": null, "condvie3": null, "eau": "eau_du_robinet", "CMU": "non", "CMU_non": "Pas intéressé", "CMU_utilisation": null, "Pourquoi_n_utilisez_pas_votre_carte_CMU_": null, "insecurite": "non", "risque_alim1": null, "risque_alim2": null, "risque_alim3": null, "Au_regard_des_impact_en_C_te_d_Ivoire_est": "tr_s_n_gative", "age": "45_59_ans", "sexe": "non", "type_habitat": "habitat_pr_caire", "tailmen": "13", "enfmen": "8", "sacriz": "2", "instruction": "ecole_coranique", "statut_matrimonial": "mari__ou_concubinage", "Quel_est_votre_group_r_dans_l_EE_AfromapR": "7__transport" }, "geometry": { "type": "Point", "coordinates": [ -5.025657, 7.69756 ] } },
{ "type": "Feature", "properties": { "start": "2025-07-02T16:27:49.106Z", "end": "2025-07-02T16:43:28.821Z", "Consentement": "OK", "raison": "grossiste", "origine": "bouak", "origine_CIV": null, "origine_bouak": "Belle ville", "origine_tranger": null, "transport": "autre", "Selon_vous_pourquoi_rtent_pas_le_casque_": "Ignorance", "condvie1": "Respecter la loi", "condvie2": null, "condvie3": null, "eau": "forages_et_puits", "CMU": "oui", "CMU_non": null, "CMU_utilisation": "non", "Pourquoi_n_utilisez_pas_votre_carte_CMU_": "Pas disponible", "insecurite": "oui", "risque_alim1": "Pas d’argent", "risque_alim2": null, "risque_alim3": null, "Au_regard_des_impact_en_C_te_d_Ivoire_est": "ni_positive_ni_n_gative", "age": "30_44_ans", "sexe": "non", "type_habitat": "maison_individuelle", "tailmen": "8", "enfmen": "8", "sacriz": "4", "instruction": "ecole_coranique", "statut_matrimonial": "mari__ou_concubinage", "Quel_est_votre_group_r_dans_l_EE_AfromapR": "7__transport" }, "geometry": { "type": "Point", "coordinates": [ -5.025069, 7.697285 ] } },
{ "type": "Feature", "properties": { "start": "2025-07-02T16:27:52.001Z", "end": "2025-07-02T16:43:36.242Z", "Consentement": "OK", "raison": "commer_ant", "origine": "bouak", "origine_CIV": null, "origine_bouak": "Tollakouadiokro", "origine_tranger": null, "transport": "autre", "Selon_vous_pourquoi_rtent_pas_le_casque_": "Ils sont habitués à ne pas porter de casque", "condvie1": "Argent", "condvie2": "Une maison", "condvie3": "Travail bien rénuméré", "eau": "eau_du_robinet forages_et_puits", "CMU": "non", "CMU_non": "Pas encore fait à cause de l'affluence dans les lieux d'enrôlement", "CMU_utilisation": null, "Pourquoi_n_utilisez_pas_votre_carte_CMU_": null, "insecurite": "non", "risque_alim1": null, "risque_alim2": null, "risque_alim3": null, "Au_regard_des_impact_en_C_te_d_Ivoire_est": "positive", "age": "18_29_ans", "sexe": "non", "type_habitat": "autres", "tailmen": "7", "enfmen": "2", "sacriz": "1", "instruction": "secondaire", "statut_matrimonial": "mari__ou_concubinage", "Quel_est_votre_group_r_dans_l_EE_AfromapR": "5__sant" }, "geometry": { "type": "Point", "coordinates": [ -5.024382, 7.696815 ] } },
{ "type": "Feature", "properties": { "start": "2025-07-02T16:37:59.184Z", "end": "2025-07-02T16:43:44.377Z", "Consentement": "OK", "raison": "transporteur", "origine": "reste_de_la_c_te_d_ivoire", "origine_CIV": "Bouna", "origine_bouak": null, "origine_tranger": null, "transport": null, "Selon_vous_pourquoi_rtent_pas_le_casque_": null, "condvie1": "Réhabilitation des routes", "condvie2": "Acces au credit", "condvie3": null, "eau": "eau_en_bouteille forages_et_puits autres", "CMU": "oui", "CMU_non": null, "CMU_utilisation": "non", "Pourquoi_n_utilisez_pas_votre_carte_CMU_": "Automédication", "insecurite": null, "risque_alim1": null, "risque_alim2": null, "risque_alim3": null, "Au_regard_des_impact_en_C_te_d_Ivoire_est": null, "age": "30_44_ans", "sexe": "non", "type_habitat": "maison_individuelle", "tailmen": "5", "enfmen": "3", "sacriz": "2", "instruction": "secondaire", "statut_matrimonial": "mari__ou_concubinage", "Quel_est_votre_group_r_dans_l_EE_AfromapR": "6__urbanisation" }, "geometry": { "type": "Point", "coordinates": [ -5.025122, 7.697658 ] } },
{ "type": "Feature", "properties": { "start": "2025-07-02T16:27:43.862Z", "end": "2025-07-02T16:44:04.953Z", "Consentement": "OK", "raison": "commer_ant", "origine": "bouak", "origine_CIV": null, "origine_bouak": "Djambrou", "origine_tranger": null, "transport": "gbaka", "Selon_vous_pourquoi_rtent_pas_le_casque_": "Aucune idée", "condvie1": "Renforcer la marchandise", "condvie2": "Diversifier son commerce", "condvie3": "Construire un magasin", "eau": "forages_et_puits", "CMU": "non", "CMU_non": "Je n'en dispose pas", "CMU_utilisation": null, "Pourquoi_n_utilisez_pas_votre_carte_CMU_": null, "insecurite": "non", "risque_alim1": null, "risque_alim2": null, "risque_alim3": null, "Au_regard_des_impact_en_C_te_d_Ivoire_est": "tr_s_positive", "age": "18_29_ans", "sexe": "oui", "type_habitat": "autres", "tailmen": "5", "enfmen": "1", "sacriz": "50", "instruction": "ecole_coranique", "statut_matrimonial": "divorc", "Quel_est_votre_group_r_dans_l_EE_AfromapR": "5__sant" }, "geometry": { "type": "Point", "coordinates": [ -5.024376, 7.696791 ] } },
{ "type": "Feature", "properties": { "start": "2025-07-02T16:12:47.577Z", "end": "2025-07-02T16:44:19.709Z", "Consentement": "OK", "raison": "commer_ant", "origine": "bouak", "origine_CIV": null, "origine_bouak": "Sokoura Citelcom", "origine_tranger": null, "transport": "taxi_moto", "Selon_vous_pourquoi_rtent_pas_le_casque_": "Ils se disent qu'ils ne vont pas loin et qu'ils sont dans la ville", "condvie1": "Financement pour produire plus d'attieké", "condvie2": "Aider les enfants à avoir du travail", "condvie3": "Aider les parents pour les frais de scolarité", "eau": "eau_du_robinet", "CMU": "oui", "CMU_non": null, "CMU_utilisation": "non", "Pourquoi_n_utilisez_pas_votre_carte_CMU_": "Je ne tombe malade fréquemment donc je n'ai jamais utilisée", "insecurite": "non", "risque_alim1": null, "risque_alim2": null, "risque_alim3": null, "Au_regard_des_impact_en_C_te_d_Ivoire_est": "positive", "age": "45_59_ans", "sexe": "oui", "type_habitat": "maison_individuelle", "tailmen": "4", "enfmen": "1", "sacriz": "2", "instruction": "non_scolaris", "statut_matrimonial": "divorc", "Quel_est_votre_group_r_dans_l_EE_AfromapR": "1__agriculture" }, "geometry": { "type": "Point", "coordinates": [ -5.026493, 7.699121 ] } },
{ "type": "Feature", "properties": { "start": "2025-07-02T16:26:24.874Z", "end": "2025-07-02T16:45:59.073Z", "Consentement": "OK", "raison": "transporteur", "origine": "bouak", "origine_CIV": null, "origine_bouak": "Daressalam", "origine_tranger": null, "transport": "autre", "Selon_vous_pourquoi_rtent_pas_le_casque_": null, "condvie1": "Non respect des feux tricolores", "condvie2": "Police", "condvie3": "Trop de motos", "eau": "autres", "CMU": "oui", "CMU_non": null, "CMU_utilisation": "non", "Pourquoi_n_utilisez_pas_votre_carte_CMU_": null, "insecurite": "non", "risque_alim1": null, "risque_alim2": null, "risque_alim3": null, "Au_regard_des_impact_en_C_te_d_Ivoire_est": null, "age": "45_59_ans", "sexe": "non", "type_habitat": "autres", "tailmen": "25", "enfmen": "18", "sacriz": "150", "instruction": "primaire", "statut_matrimonial": "mari__ou_concubinage", "Quel_est_votre_group_r_dans_l_EE_AfromapR": "7__transport" }, "geometry": { "type": "Point", "coordinates": [ -5.027081, 7.698103 ] } },
{ "type": "Feature", "properties": { "start": "2025-07-02T16:39:34.752Z", "end": "2025-07-02T16:48:02.795Z", "Consentement": "OK", "raison": "grossiste", "origine": "bouak", "origine_CIV": null, "origine_bouak": "Koffikro", "origine_tranger": null, "transport": "taxi_moto", "Selon_vous_pourquoi_rtent_pas_le_casque_": "Ne sait pas", "condvie1": "Problème d'Électricité", "condvie2": "Problème d'eau", "condvie3": null, "eau": "forages_et_puits", "CMU": "oui", "CMU_non": null, "CMU_utilisation": "non", "Pourquoi_n_utilisez_pas_votre_carte_CMU_": "Bonne santé", "insecurite": "non", "risque_alim1": null, "risque_alim2": null, "risque_alim3": null, "Au_regard_des_impact_en_C_te_d_Ivoire_est": "tr_s_n_gative", "age": "30_44_ans", "sexe": "oui", "type_habitat": "habitat_pr_caire", "tailmen": "4", "enfmen": "2", "sacriz": "1", "instruction": "primaire", "statut_matrimonial": "mari__ou_concubinage", "Quel_est_votre_group_r_dans_l_EE_AfromapR": "1__agriculture" }, "geometry": { "type": "Point", "coordinates": [ -5.026788, 7.699239 ] } },
{ "type": "Feature", "properties": { "start": "2025-07-02T16:41:04.626Z", "end": "2025-07-02T16:52:03.657Z", "Consentement": "OK", "raison": "autre", "origine": "bouak", "origine_CIV": null, "origine_bouak": "Belleville 1", "origine_tranger": null, "transport": "taxi_moto", "Selon_vous_pourquoi_rtent_pas_le_casque_": "Aucune idée", "condvie1": null, "condvie2": null, "condvie3": null, "eau": "eau_du_robinet forages_et_puits", "CMU": "non", "CMU_non": "Rien", "CMU_utilisation": null, "Pourquoi_n_utilisez_pas_votre_carte_CMU_": null, "insecurite": "non", "risque_alim1": null, "risque_alim2": null, "risque_alim3": null, "Au_regard_des_impact_en_C_te_d_Ivoire_est": "tr_s_n_gative", "age": "18_29_ans", "sexe": "non", "type_habitat": "maison_individuelle", "tailmen": "5", "enfmen": "0", "sacriz": "1", "instruction": "primaire", "statut_matrimonial": "c_libataire", "Quel_est_votre_group_r_dans_l_EE_AfromapR": "3__eau" }, "geometry": { "type": "Point", "coordinates": [ -5.025627, 7.697641 ] } },
{ "type": "Feature", "properties": { "start": "2025-07-02T16:40:44.287Z", "end": "2025-07-02T16:53:04.755Z", "Consentement": "OK", "raison": "grossiste", "origine": "bouak", "origine_CIV": null, "origine_bouak": "Zone", "origine_tranger": null, "transport": "gbaka", "Selon_vous_pourquoi_rtent_pas_le_casque_": "Pas de réponse", "condvie1": "Réduire le coût de transport", "condvie2": "Plus de clients", "condvie3": "Réduire chômage", "eau": "eau_du_robinet forages_et_puits", "CMU": "non", "CMU_non": "Pas CNI pour le dossier", "CMU_utilisation": null, "Pourquoi_n_utilisez_pas_votre_carte_CMU_": null, "insecurite": "non", "risque_alim1": null, "risque_alim2": null, "risque_alim3": null, "Au_regard_des_impact_en_C_te_d_Ivoire_est": "n_gative", "age": "45_59_ans", "sexe": "oui", "type_habitat": "maison_individuelle", "tailmen": "1", "enfmen": "0", "sacriz": "1", "instruction": "secondaire", "statut_matrimonial": "divorc", "Quel_est_votre_group_r_dans_l_EE_AfromapR": "1__agriculture" }, "geometry": { "type": "Point", "coordinates": [ -5.026426, 7.69917 ] } },
{ "type": "Feature", "properties": { "start": "2025-07-02T16:45:59.207Z", "end": "2025-07-02T16:53:28.113Z", "Consentement": "OK", "raison": "transporteur", "origine": "etranger", "origine_CIV": null, "origine_bouak": null, "origine_tranger": "Mali", "transport": "marche", "Selon_vous_pourquoi_rtent_pas_le_casque_": null, "condvie1": "Trop de barrages", "condvie2": "0", "condvie3": "0", "eau": "eau_en_bouteille autres", "CMU": "non", "CMU_non": "Étranger", "CMU_utilisation": null, "Pourquoi_n_utilisez_pas_votre_carte_CMU_": null, "insecurite": "non", "risque_alim1": null, "risque_alim2": null, "risque_alim3": null, "Au_regard_des_impact_en_C_te_d_Ivoire_est": null, "age": "45_59_ans", "sexe": "non", "type_habitat": "autres", "tailmen": "0", "enfmen": "0", "sacriz": "0", "instruction": "non_scolaris", "statut_matrimonial": "mari__ou_concubinage", "Quel_est_votre_group_r_dans_l_EE_AfromapR": "7__transport" }, "geometry": { "type": "Point", "coordinates": [ -5.027081, 7.698104 ] } },
{ "type": "Feature", "properties": { "start": "2025-07-02T16:41:41.362Z", "end": "2025-07-02T16:55:23.955Z", "Consentement": "OK", "raison": "commer_ant", "origine": "bouak", "origine_CIV": null, "origine_bouak": "Sokoura", "origine_tranger": null, "transport": "taxi_moto", "Selon_vous_pourquoi_rtent_pas_le_casque_": "Le casque me gène la tête", "condvie1": "Être honnête avec moi même", "condvie2": "Financement", "condvie3": "Bien gérer", "eau": "forages_et_puits", "CMU": "non", "CMU_non": "Je n'ai pas encore eu le temps d'établir", "CMU_utilisation": null, "Pourquoi_n_utilisez_pas_votre_carte_CMU_": null, "insecurite": "oui", "risque_alim1": "Vie chère", "risque_alim2": "Refus des jeunes de cultiver la terre", "risque_alim3": "Aucune idée", "Au_regard_des_impact_en_C_te_d_Ivoire_est": "positive", "age": "18_29_ans", "sexe": "non", "type_habitat": "autres", "tailmen": "10", "enfmen": "5", "sacriz": "3", "instruction": "ecole_coranique", "statut_matrimonial": "c_libataire", "Quel_est_votre_group_r_dans_l_EE_AfromapR": "5__sant" }, "geometry": { "type": "Point", "coordinates": [ -5.024321, 7.696807 ] } },
{ "type": "Feature", "properties": { "start": "2025-07-02T16:41:55.613Z", "end": "2025-07-02T16:55:52.511Z", "Consentement": "OK", "raison": "grossiste", "origine": "reste_de_la_c_te_d_ivoire", "origine_CIV": "Katiola", "origine_bouak": null, "origine_tranger": null, "transport": "vehicule_personnel", "Selon_vous_pourquoi_rtent_pas_le_casque_": "Incivisme", "condvie1": "Prêt", "condvie2": "Réduire prix de loyer", "condvie3": "Rien", "eau": "eau_du_robinet forages_et_puits", "CMU": "oui", "CMU_non": null, "CMU_utilisation": "non", "Pourquoi_n_utilisez_pas_votre_carte_CMU_": "Service indisponible", "insecurite": "non", "risque_alim1": null, "risque_alim2": null, "risque_alim3": null, "Au_regard_des_impact_en_C_te_d_Ivoire_est": "n_gative", "age": "30_44_ans", "sexe": "non", "type_habitat": "maison_individuelle", "tailmen": "7", "enfmen": "4", "sacriz": "3", "instruction": "primaire", "statut_matrimonial": "mari__ou_concubinage", "Quel_est_votre_group_r_dans_l_EE_AfromapR": "4__mines" }, "geometry": { "type": "Point", "coordinates": [ -5.025564, 7.697624 ] } },
{ "type": "Feature", "properties": { "start": "2025-07-02T16:40:40.514Z", "end": "2025-07-02T16:57:42.532Z", "Consentement": "OK", "raison": "particulier", "origine": "reste_de_la_c_te_d_ivoire", "origine_CIV": "Adjibri", "origine_bouak": null, "origine_tranger": null, "transport": "autre", "Selon_vous_pourquoi_rtent_pas_le_casque_": "Aucune idée", "condvie1": "Réduire le coût de sac de riz", "condvie2": "Investissement dans les opérations bancaires", "condvie3": "Construction des latrines individuelle et WC", "eau": "eau_du_robinet", "CMU": "oui", "CMU_non": null, "CMU_utilisation": "oui", "Pourquoi_n_utilisez_pas_votre_carte_CMU_": null, "insecurite": "non", "risque_alim1": null, "risque_alim2": null, "risque_alim3": null, "Au_regard_des_impact_en_C_te_d_Ivoire_est": "n_gative", "age": "30_44_ans", "sexe": "oui", "type_habitat": "maison_individuelle", "tailmen": "14", "enfmen": "12", "sacriz": "3", "instruction": "secondaire", "statut_matrimonial": "c_libataire", "Quel_est_votre_group_r_dans_l_EE_AfromapR": "6__urbanisation" }, "geometry": { "type": "Point", "coordinates": [ -5.025301, 7.697658 ] } },
{ "type": "Feature", "properties": { "start": "2025-07-02T16:48:02.922Z", "end": "2025-07-02T16:59:32.979Z", "Consentement": "OK", "raison": "particulier", "origine": "bouak", "origine_CIV": null, "origine_bouak": "Koko", "origine_tranger": null, "transport": "marche", "Selon_vous_pourquoi_rtent_pas_le_casque_": "Manque de civisme", "condvie1": "Adduction en eau", "condvie2": "Transport", "condvie3": "Insalubrité", "eau": "eau_du_robinet", "CMU": "non", "CMU_non": "Indisponible", "CMU_utilisation": null, "Pourquoi_n_utilisez_pas_votre_carte_CMU_": null, "insecurite": "non", "risque_alim1": null, "risque_alim2": null, "risque_alim3": null, "Au_regard_des_impact_en_C_te_d_Ivoire_est": "positive", "age": "18_29_ans", "sexe": "non", "type_habitat": "maison_individuelle", "tailmen": "10", "enfmen": "6", "sacriz": "2", "instruction": "secondaire", "statut_matrimonial": "c_libataire", "Quel_est_votre_group_r_dans_l_EE_AfromapR": "1__agriculture" }, "geometry": { "type": "Point", "coordinates": [ -5.026533, 7.699125 ] } },
{ "type": "Feature", "properties": { "start": "2025-07-02T16:57:42.666Z", "end": "2025-07-02T17:03:22.654Z", "Consentement": "OK", "raison": "particulier", "origine": "bouak", "origine_CIV": null, "origine_bouak": "Tchelekro", "origine_tranger": null, "transport": "taxi", "Selon_vous_pourquoi_rtent_pas_le_casque_": "Absence de casque", "condvie1": "Apport d'eau potable", "condvie2": "Étendre le réseau téléphonique", "condvie3": "Réduire le coût du vivre", "eau": "forages_et_puits", "CMU": "oui", "CMU_non": null, "CMU_utilisation": "non", "Pourquoi_n_utilisez_pas_votre_carte_CMU_": "Égaré", "insecurite": "non", "risque_alim1": null, "risque_alim2": null, "risque_alim3": null, "Au_regard_des_impact_en_C_te_d_Ivoire_est": "n_gative", "age": "30_44_ans", "sexe": "oui", "type_habitat": "maison_individuelle", "tailmen": "3", "enfmen": "1", "sacriz": "1", "instruction": "secondaire", "statut_matrimonial": "c_libataire", "Quel_est_votre_group_r_dans_l_EE_AfromapR": "6__urbanisation" }, "geometry": { "type": "Point", "coordinates": [ -5.023943, 7.69761 ] } },
{ "type": "Feature", "properties": { "start": "2025-07-02T16:52:03.721Z", "end": "2025-07-02T17:04:03.382Z", "Consentement": "OK", "raison": "autre", "origine": "bouak", "origine_CIV": null, "origine_bouak": "Sokoura", "origine_tranger": null, "transport": "taxi", "Selon_vous_pourquoi_rtent_pas_le_casque_": "Aucune idée", "condvie1": "Financement", "condvie2": "Logement", "condvie3": "Véhicule", "eau": "forages_et_puits", "CMU": "non", "CMU_non": "Méconnaissance", "CMU_utilisation": null, "Pourquoi_n_utilisez_pas_votre_carte_CMU_": null, "insecurite": "non", "risque_alim1": null, "risque_alim2": null, "risque_alim3": null, "Au_regard_des_impact_en_C_te_d_Ivoire_est": "ni_positive_ni_n_gative", "age": "18_29_ans", "sexe": "oui", "type_habitat": "maison_individuelle", "tailmen": "2", "enfmen": "0", "sacriz": "1", "instruction": "primaire", "statut_matrimonial": "c_libataire", "Quel_est_votre_group_r_dans_l_EE_AfromapR": "3__eau" }, "geometry": { "type": "Point", "coordinates": [ -5.023656, 7.697495 ] } },
{ "type": "Feature", "properties": { "start": "2025-07-02T16:42:00.423Z", "end": "2025-07-02T17:04:24.626Z", "Consentement": "OK", "raison": "grossiste", "origine": "bouak", "origine_CIV": null, "origine_bouak": "Maroc", "origine_tranger": null, "transport": "vehicule_personnel", "Selon_vous_pourquoi_rtent_pas_le_casque_": null, "condvie1": null, "condvie2": null, "condvie3": null, "eau": "eau_du_robinet eau_en_bouteille", "CMU": "oui", "CMU_non": null, "CMU_utilisation": "non", "Pourquoi_n_utilisez_pas_votre_carte_CMU_": "Pas encore disponible", "insecurite": "non", "risque_alim1": null, "risque_alim2": null, "risque_alim3": null, "Au_regard_des_impact_en_C_te_d_Ivoire_est": "positive", "age": "45_59_ans", "sexe": "non", "type_habitat": "maison_individuelle", "tailmen": "17", "enfmen": "17", "sacriz": "150", "instruction": "non_scolaris", "statut_matrimonial": "mari__ou_concubinage", "Quel_est_votre_group_r_dans_l_EE_AfromapR": "6__urbanisation" }, "geometry": { "type": "Point", "coordinates": [ -5.025654, 7.697617 ] } },
{ "type": "Feature", "properties": { "start": "2025-07-02T16:54:22.081Z", "end": "2025-07-02T17:04:35.233Z", "Consentement": "OK", "raison": "commer_ant", "origine": "bouak", "origine_CIV": null, "origine_bouak": "Maroc", "origine_tranger": null, "transport": "autre", "Selon_vous_pourquoi_rtent_pas_le_casque_": "Pas négligence", "condvie1": "Avoir beaucoup d'argent", "condvie2": "Diminuer le coût des taxi", "condvie3": "La sécurité", "eau": "forages_et_puits", "CMU": "non", "CMU_non": "Pas encore eu la carte", "CMU_utilisation": null, "Pourquoi_n_utilisez_pas_votre_carte_CMU_": null, "insecurite": "non", "risque_alim1": null, "risque_alim2": null, "risque_alim3": null, "Au_regard_des_impact_en_C_te_d_Ivoire_est": "tr_s_positive", "age": "45_59_ans", "sexe": "non", "type_habitat": "maison_individuelle", "tailmen": "6", "enfmen": "4", "sacriz": "25", "instruction": "ecole_coranique", "statut_matrimonial": "mari__ou_concubinage", "Quel_est_votre_group_r_dans_l_EE_AfromapR": "5__sant" }, "geometry": { "type": "Point", "coordinates": [ -5.024324, 7.696805 ] } },
{ "type": "Feature", "properties": { "start": "2025-07-02T16:44:19.873Z", "end": "2025-07-02T17:08:12.887Z", "Consentement": "OK", "raison": "transporteur", "origine": "bouak", "origine_CIV": null, "origine_bouak": "Belle ville", "origine_tranger": null, "transport": "taxi", "Selon_vous_pourquoi_rtent_pas_le_casque_": "Ils y'a des gens qui n'aiment pas le port du casque parce qu'ils n'entendent pas les bruits environnants", "condvie1": "Financement pour les activités", "condvie2": "Meilleure enseignements des enfants", "condvie3": "Avoir un bon travail", "eau": "eau_du_robinet", "CMU": "oui", "CMU_non": null, "CMU_utilisation": "non", "Pourquoi_n_utilisez_pas_votre_carte_CMU_": "C'est maintenant j'ai eu ma carte", "insecurite": "non", "risque_alim1": null, "risque_alim2": null, "risque_alim3": null, "Au_regard_des_impact_en_C_te_d_Ivoire_est": "positive", "age": "30_44_ans", "sexe": "non", "type_habitat": "maison_individuelle", "tailmen": "7", "enfmen": "2", "sacriz": "3", "instruction": "non_scolaris", "statut_matrimonial": "mari__ou_concubinage", "Quel_est_votre_group_r_dans_l_EE_AfromapR": "1__agriculture" }, "geometry": { "type": "Point", "coordinates": [ -5.026293, 7.698357 ] } }
]
}
