"iso_code";"country";"gdlcode";"region";"sup";"lon";"lat";"idh_1992";"idh_vie_1992";"idh_rev_1992";"idh_edu_1992";"edu_esp_1992";"edu_moy_1992";"esp_vie_1992";"pib_hab_1992";"pop_1992";"idh_2002";"idh_vie_2002";"idh_rev_2002";"idh_edu_2002";"edu_esp_2002";"edu_moy_2002";"esp_vie_2002";"pib_hab_2002";"pop_2002";"idh_2012";"idh_vie_2012";"idh_rev_2012";"idh_edu_2012";"edu_esp_2012";"edu_moy_2012";"esp_vie_2012";"pib_hab_2012";"pop_2012";"idh_2022";"idh_vie_2022";"idh_rev_2022";"idh_edu_2022";"edu_esp_2022";"edu_moy_2022";"esp_vie_2022";"pib_hab_2022";"pop_2022"
"AGO";"Angola";"AGOr201";" Cabinda";8065;12.474374374618;-5.05005402519606;NA;NA;NA;NA;NA;NA;NA;NA;NA;0.446;0.387;0.674;0.34;6.5;4.7;45.1;8650;217;0.603;0.577;0.74;0.514;12.1;5.4;57.5;13400;369;0.688;0.728;0.669;0.669;14;8.4;67.3;8370;787
"AGO";"Angola";"AGOr202";" Zaire";35856;13.5848161876111;-6.61213879120236;NA;NA;NA;NA;NA;NA;NA;NA;NA;0.379;0.511;0.458;0.233;5.6;2.3;53.2;2070;291;0.527;0.693;0.544;0.388;10.3;3;65;3670;439;0.622;0.702;0.597;0.573;12;7.2;65.6;5210;717
"AGO";"Angola";"AGOr203";" Uige";61854;15.4829288290976;-7.01170739907975;NA;NA;NA;NA;NA;NA;NA;NA;NA;0.39;0.424;0.536;0.261;5.7;3.1;47.5;3480;1271;0.523;0.6;0.591;0.404;10.5;3.3;59;4990;1728;0.545;0.66;0.508;0.484;12.2;4.3;62.9;2880;1968
"AGO";"Angola";"AGOr204";" Luanda";2235;13.311502602874;-8.97738675407226;NA;NA;NA;NA;NA;NA;NA;NA;NA;0.507;0.467;0.75;0.372;6.4;5.8;50.3;14320;4369;0.662;0.653;0.819;0.542;11.9;6.3;62.4;22560;6774;0.71;0.716;0.739;0.675;13.8;8.7;66.5;13310;11903
"AGO";"Angola";"AGOr205";" Kuanza Norte";23939;14.9265293590761;-8.90285506102321;NA;NA;NA;NA;NA;NA;NA;NA;NA;0.341;0.372;0.495;0.216;5.5;1.9;44.2;2650;418;0.479;0.543;0.564;0.358;10.2;2.2;55.3;4190;544;0.546;0.628;0.545;0.475;11.8;4.4;60.8;3690;497
"AGO";"Angola";"AGOr206";" Kuanza Sul";55613;15.0331567140399;-10.8280721002993;NA;NA;NA;NA;NA;NA;NA;NA;NA;0.309;0.369;0.465;0.173;4;1.9;44;2170;675;0.423;0.524;0.53;0.274;7.4;2.1;54;3340;1181;0.454;0.548;0.505;0.338;8.5;3;55.6;2820;2666
"AGO";"Angola";"AGOr207";" Malange";84090;16.9664454002467;-9.49919937645951;NA;NA;NA;NA;NA;NA;NA;NA;NA;0.367;0.499;0.494;0.2;5.6;1.3;52.4;2630;749;0.511;0.68;0.567;0.346;10.3;1.8;64.2;4270;1063;0.571;0.696;0.564;0.474;12;4.2;65.2;4190;1434
"AGO";"Angola";"AGOr208";" Lunda Norte";108549;19.5170276842882;-8.62615850313544;NA;NA;NA;NA;NA;NA;NA;NA;NA;0.327;0.512;0.464;0.148;4.4;0.7;53.3;2160;455;0.462;0.691;0.536;0.267;8.2;1.2;64.9;3460;664;0.526;0.686;0.533;0.398;9.5;4;64.6;3410;983
"AGO";"Angola";"AGOr209";" Benguela";40369;14.0087631399985;-12.934441500646;NA;NA;NA;NA;NA;NA;NA;NA;NA;0.413;0.372;0.629;0.301;5.6;4.3;44.2;6430;2067;0.54;0.524;0.682;0.44;10.4;4.6;54.1;9120;2770;0.534;0.533;0.571;0.499;12;5;54.6;4380;2955
"AGO";"Angola";"AGOr210";" Huambo";33132;15.7593114120012;-12.5640635895713;NA;NA;NA;NA;NA;NA;NA;NA;NA;0.357;0.376;0.551;0.22;5.4;2.1;44.4;3830;1924;0.492;0.543;0.611;0.358;9.9;2.5;55.3;5720;2538;0.539;0.614;0.547;0.466;11.5;4.4;59.9;3740;2496
"AGO";"Angola";"AGOr211";" Bie";72662;17.3669132388111;-12.3291177760716;NA;NA;NA;NA;NA;NA;NA;NA;NA;0.335;0.487;0.44;0.176;5;1.1;51.7;1850;1005;0.466;0.659;0.508;0.303;9.2;1.4;62.8;2880;1393;0.504;0.644;0.495;0.402;10.6;3.2;61.9;2640;1719
"AGO";"Angola";"AGOr212";" Moxico";199510;21.0418026499472;-12.8688388288083;NA;NA;NA;NA;NA;NA;NA;NA;NA;0.346;0.454;0.478;0.191;4.7;1.8;49.5;2370;438;0.473;0.624;0.543;0.313;8.8;2.1;60.6;3640;618;0.508;0.633;0.512;0.405;10.2;3.7;61.1;2960;821
"AGO";"Angola";"AGOr213";" Kuando Kubango";201332;19.517706021559;-16.1204870161018;NA;NA;NA;NA;NA;NA;NA;NA;NA;0.295;0.383;0.429;0.157;4.6;0.8;44.9;1710;96;0.428;0.56;0.504;0.277;8.6;1.2;56.4;2810;208;0.511;0.661;0.523;0.385;9.9;3.3;62.9;3200;630
"AGO";"Angola";"AGOr214";" Namibe";58332;12.7289098987743;-15.5129618189968;NA;NA;NA;NA;NA;NA;NA;NA;NA;0.431;0.462;0.607;0.286;6.2;3.4;50;5550;403;0.571;0.629;0.667;0.444;11.4;3.8;60.9;8250;520;0.587;0.622;0.588;0.554;13.2;5.6;60.4;4910;452
"AGO";"Angola";"AGOr215";" Huila";79743;14.9543784154759;-14.7605977409486;NA;NA;NA;NA;NA;NA;NA;NA;NA;0.391;0.396;0.583;0.259;5.4;3.3;45.7;4760;1707;0.518;0.555;0.636;0.393;9.9;3.5;56.1;6730;2404;0.52;0.576;0.533;0.457;11.5;4.1;57.4;3410;3156
"AGO";"Angola";"AGOr216";" Cunene";76411;15.5713342926254;-16.5217223228201;NA;NA;NA;NA;NA;NA;NA;NA;NA;0.346;0.359;0.505;0.23;5.2;2.5;43.3;2820;401;0.477;0.536;0.564;0.359;9.7;2.7;54.9;4190;667;0.522;0.661;0.508;0.423;11.2;3.3;63;2900;1369
"AGO";"Angola";"AGOr217";" Lunda Sul";78148;20.6656811572979;-10.1822289937068;NA;NA;NA;NA;NA;NA;NA;NA;NA;0.334;0.466;0.436;0.184;5.9;0.6;50.3;1790;463;0.486;0.653;0.517;0.341;11;1.1;62.4;3070;612;0.586;0.722;0.557;0.499;12.7;4.4;66.9;3990;611
"AGO";"Angola";"AGOr218";" Bengo";34411;13.8859145839908;-8.95129295534858;NA;NA;NA;NA;NA;NA;NA;NA;NA;0.35;0.38;0.528;0.214;5;2.2;44.7;3300;567;0.491;0.577;0.596;0.345;9.2;2.7;57.5;5160;697;0.584;0.762;0.563;0.463;10.7;5;69.5;4150;425
"BDI";"Burundi";"BDIr101";"North (Kayanza, Kirundo, Muyinga, Ngozi)";6838;30.0614560767691;-2.77503147150368;0.268;0.35;0.365;0.15;3.6;1.5;42.8;1120;1890;0.297;0.44;0.317;0.188;4.3;2.1;48.6;810;2188;0.376;0.548;0.298;0.324;9.7;1.6;55.6;720;2852;0.372;0.591;0.275;0.317;8.5;2.4;58.4;620;3842
"BDI";"Burundi";"BDIr102";"South (Bururi, Makamba)";5702;29.6060893477705;-4.02291567724373;0.291;0.401;0.367;0.168;4.7;1.2;46;1140;927;0.32;0.497;0.319;0.208;5.6;1.6;52.3;820;1073;0.446;0.655;0.322;0.421;12.7;2.1;62.6;840;1437;0.452;0.697;0.309;0.429;11.5;3.3;65.3;770;1939
"BDI";"Burundi";"BDIr103";"East (Cankuzo, Rutana, Ruyigi )";6105;30.2956192232168;-3.50777695863957;0.269;0.379;0.351;0.146;3.7;1.3;44.6;1020;405;0.296;0.473;0.303;0.181;4.4;1.8;50.7;740;469;0.397;0.608;0.307;0.336;9.9;1.9;59.5;760;1186;0.403;0.673;0.285;0.342;8.7;3;63.8;660;1601
"BDI";"Burundi";"BDIr104";"West (Bubanza, Buja Rural, Cibitoke, Mairie de Bujumbura)";3554;29.3581445807744;-3.17257818431959;0.304;0.372;0.389;0.194;4.9;1.8;44.2;1320;1257;0.337;0.465;0.34;0.242;5.9;2.4;50.2;950;1455;0.447;0.603;0.349;0.425;11.4;3.3;59.2;1000;2353;0.469;0.666;0.331;0.468;11;4.8;63.3;890;2955
"BDI";"Burundi";"BDIr105";"Middle (Gitega, Karuzi, Muramvya, Mwaro)";4138;29.8978269892514;-3.33905657659148;0.29;0.374;0.363;0.179;4.3;1.8;44.3;1100;1264;0.32;0.467;0.314;0.224;5.2;2.4;50.4;800;1463;0.41;0.604;0.31;0.37;11.1;1.8;59.3;780;1967;0.422;0.662;0.291;0.391;10.4;3;63;690;2553
"BEN";"Benin";"BENr101";"Atacora (incl Donga)";31434;1.65064989805272;10.2244767490489;0.315;0.507;0.427;0.144;4.1;0.9;52.9;1690;902;0.359;0.543;0.432;0.197;5.8;1.1;55.3;1740;962;0.434;0.598;0.454;0.301;9.4;1.2;58.8;2020;1437;0.457;0.615;0.523;0.297;8.2;2.1;60;3180;2039
"BEN";"Benin";"BENr102";"Atlantique (incl Littoral (Cotonou))";3102;2.23525231214801;6.61821066713491;0.449;0.537;0.52;0.325;7.3;3.7;54.9;3130;1060;0.533;0.621;0.563;0.433;9.7;4.9;60.3;4160;1543;0.569;0.606;0.567;0.537;13.5;4.9;59.4;4270;2296;0.564;0.615;0.585;0.499;12.1;4.9;60;4800;2262
"BEN";"Benin";"BENr103";"Borgou (incl Alibori)";53145;2.83733697974324;10.5745683457902;0.306;0.536;0.438;0.122;3.3;0.9;54.9;1810;1116;0.381;0.547;0.463;0.218;6;1.5;55.6;2150;1276;0.418;0.588;0.466;0.267;8;1.3;58.2;2180;1653;0.441;0.615;0.515;0.271;7.2;2.1;60;3020;3345
"BEN";"Benin";"BENr104";"Mono (incl Couffo)";4168;1.81498355437521;6.80595056947187;0.345;0.519;0.435;0.182;5.3;1;53.8;1780;721;0.419;0.581;0.443;0.286;8.5;1.5;57.7;1880;909;0.487;0.589;0.452;0.433;13.3;1.9;58.3;1990;1228;0.496;0.615;0.491;0.403;11.1;2.8;60;2580;1555
"BEN";"Benin";"BENr105";"Queme (incl Plateau)";4456;2.60824847277272;7.00673857441535;0.37;0.544;0.439;0.212;6;1.4;55.4;1830;859;0.443;0.57;0.5;0.305;7.9;2.6;57.1;2740;1261;0.511;0.625;0.498;0.427;12.4;2.5;60.6;2710;1798;0.518;0.615;0.529;0.426;11.7;3;60;3330;2053
"BEN";"Benin";"BENr106";"Zou (incl Collines)";19539;2.18048920330466;7.90787312291008;0.341;0.507;0.449;0.174;4.7;1.3;53;1960;800;0.399;0.54;0.461;0.256;7;1.9;55.1;2120;1481;0.474;0.562;0.464;0.41;12.4;2;56.5;2160;1602;0.507;0.615;0.525;0.405;10.8;3.1;60;3230;2100
"BFA";"Burkina Faso";"BFAr101";"Boucle de Mouhoun";35803;-3.5213014483214;12.5526390348975;NA;NA;NA;NA;NA;NA;NA;NA;NA;0.262;0.488;0.362;0.102;2.8;0.7;51.7;1100;1104;0.364;0.593;0.401;0.203;6.4;0.7;58.6;1430;1916;0.4;0.612;0.417;0.251;7.4;1.4;59.8;1590;2539
"BFA";"Burkina Faso";"BFAr102";"Cascades";18350;-4.56519357366374;10.3467449908891;NA;NA;NA;NA;NA;NA;NA;NA;NA;0.307;0.467;0.405;0.153;3.8;1.4;50.3;1460;402;0.402;0.556;0.451;0.259;7.9;1.2;56.2;1980;678;0.453;0.612;0.487;0.313;8.2;2.5;59.8;2520;898
"BFA";"Burkina Faso";"BFAr103";"Centre (incl Ouagadougou)";2616;-1.52319097927571;12.3471226234895;NA;NA;NA;NA;NA;NA;NA;NA;NA;0.503;0.561;0.514;0.44;8.9;5.8;56.4;3000;1329;0.543;0.653;0.54;0.455;12.1;3.6;62.4;3570;2056;0.54;0.612;0.532;0.485;11;5.3;59.8;3370;2724
"BFA";"Burkina Faso";"BFAr104";"Centre-Est";14569;-0.189667926352958;11.6433946479546;NA;NA;NA;NA;NA;NA;NA;NA;NA;0.3;0.503;0.385;0.139;3.8;1;52.7;1280;1061;0.38;0.673;0.423;0.193;6.3;0.6;63.7;1650;1315;0.4;0.612;0.438;0.239;7.2;1.1;59.8;1810;1742
"BFA";"Burkina Faso";"BFAr105";"Centre-Nord";19379;-0.963903647321775;13.2589297924121;NA;NA;NA;NA;NA;NA;NA;NA;NA;0.254;0.478;0.362;0.094;2.7;0.6;51.1;1100;1152;0.354;0.618;0.41;0.176;5.7;0.5;60.2;1510;1322;0.39;0.612;0.422;0.231;6.8;1.3;59.8;1630;1752
"BFA";"Burkina Faso";"BFAr106";"Centre-Ouest";23533;-2.20355014560326;11.8161152557427;NA;NA;NA;NA;NA;NA;NA;NA;NA;0.283;0.468;0.38;0.128;3.5;0.9;50.4;1240;986;0.395;0.585;0.416;0.253;8;1;58;1570;1312;0.429;0.612;0.43;0.3;8.7;1.7;59.8;1720;1738
"BFA";"Burkina Faso";"BFAr107";"Centre-Sud";11113;-1.14788947609923;11.5697648008105;NA;NA;NA;NA;NA;NA;NA;NA;NA;0.281;0.534;0.381;0.109;3.1;0.7;54.7;1250;734;0.396;0.604;0.412;0.249;8.2;0.7;59.2;1530;837;0.419;0.612;0.438;0.274;8.3;1.3;59.8;1810;1109
"BFA";"Burkina Faso";"BFAr108";"Est";46679;0.911226210941738;12.2281063149236;NA;NA;NA;NA;NA;NA;NA;NA;NA;0.204;0.492;0.348;0.049;1.4;0.3;52;1000;1044;0.317;0.542;0.384;0.152;4.9;0.5;55.2;1270;1625;0.375;0.612;0.394;0.219;6.4;1.2;59.8;1360;2153
"BFA";"Burkina Faso";"BFAr109";"Hauts Bassins";26141;-4.34312875448503;11.3579497748772;NA;NA;NA;NA;NA;NA;NA;NA;NA;0.334;0.484;0.422;0.183;4.3;1.9;51.5;1630;1525;0.43;0.586;0.463;0.292;8.5;1.7;58.1;2150;1865;0.469;0.612;0.486;0.347;9;2.9;59.8;2500;2471
"BFA";"Burkina Faso";"BFAr110";"Nord";16899;-2.26583883257219;13.451079172196;NA;NA;NA;NA;NA;NA;NA;NA;NA;0.254;0.458;0.369;0.097;2.7;0.7;49.8;1150;1221;0.38;0.573;0.419;0.229;7.5;0.7;57.2;1600;1272;0.413;0.612;0.433;0.266;7.9;1.4;59.8;1750;1686
"BFA";"Burkina Faso";"BFAr111";"Plateau Central";7351;-1.10069470252208;12.4274817042343;NA;NA;NA;NA;NA;NA;NA;NA;NA;0.259;0.515;0.366;0.093;2.8;0.4;53.5;1130;700;0.384;0.591;0.424;0.226;7.4;0.6;58.4;1660;829;0.417;0.612;0.438;0.271;8.2;1.3;59.8;1810;1098
"BFA";"Burkina Faso";"BFAr112";"Sahel";37073;-0.456590619584086;14.1474212319667;NA;NA;NA;NA;NA;NA;NA;NA;NA;0.2;0.448;0.334;0.053;1.5;0.4;49.1;910;791;0.256;0.514;0.358;0.091;2.8;0.3;53.4;1070;1356;0.305;0.612;0.393;0.118;3;1.1;59.8;1350;1797
"BFA";"Burkina Faso";"BFAr113";"Sud-Ouest";15699;-3.25799805336118;10.4959628539893;NA;NA;NA;NA;NA;NA;NA;NA;NA;0.253;0.487;0.347;0.096;2.5;0.8;51.7;1000;583;0.324;0.536;0.386;0.165;5.1;0.7;54.8;1290;729;0.365;0.612;0.401;0.198;5.5;1.3;59.8;1430;966
"BWA";"Botswana";"BWAr101";"Central";147673;26.2681522185146;-21.5223996915422;0.559;0.568;0.664;0.463;10.5;5.1;57;8090;457;0.552;0.454;0.682;0.544;11.4;6.8;49.5;9130;599;0.641;0.624;0.714;0.59;11.1;8.4;60.6;11280;684;0.685;0.703;0.735;0.622;10.9;9.6;65.7;12960;825
"BWA";"Botswana";"BWAr102";"Ghanzi";114900;22.5986959422437;-22.2976724729521;0.582;0.596;0.729;0.453;8.2;6.8;58.8;12450;25;0.522;0.476;0.666;0.45;9.4;5.7;50.9;8220;35;0.609;0.621;0.695;0.523;9.2;8;60.4;9940;46;0.658;0.699;0.721;0.565;9;9.4;65.5;11870;57
"BWA";"Botswana";"BWAr103";"Kgalagadi";106215;21.7435016619939;-24.8658033026744;0.564;0.51;0.715;0.492;9.9;6.5;53.2;11370;39;0.522;0.408;0.668;0.521;11.1;6.4;46.5;8350;45;0.626;0.618;0.703;0.565;10.3;8.4;60.2;10530;54;0.675;0.696;0.729;0.607;10.1;9.8;65.2;12490;67
"BWA";"Botswana";"BWAr104";"Kgatleng";7895;26.3658963525209;-24.1590373264148;0.607;0.644;0.71;0.49;10.9;5.7;61.8;10980;71;0.598;0.515;0.72;0.578;12;7.4;53.5;11720;81;0.678;0.646;0.752;0.643;12.1;9.2;62;14520;101;0.722;0.726;0.768;0.676;11.9;10.4;67.2;16120;121
"BWA";"Botswana";"BWAr105";"Kweneng";37272;24.701607754366;-23.8689275611697;0.571;0.599;0.675;0.462;10.1;5.4;58.9;8700;166;0.563;0.479;0.681;0.546;11.6;6.8;51.2;9100;250;0.655;0.642;0.724;0.606;11.6;8.5;61.7;12030;331;0.693;0.722;0.74;0.622;11.4;9.2;66.9;13400;399
"BWA";"Botswana";"BWAr106";"North-East";5082;27.5499646697967;-20.9962211728669;0.638;0.636;0.719;0.567;11;7.8;61.3;11680;129;0.621;0.507;0.733;0.645;11.8;9.5;53;12840;141;0.689;0.635;0.77;0.669;11.7;10.3;61.3;16410;171;0.726;0.714;0.783;0.684;11.5;10.9;66.4;17850;207
"BWA";"Botswana";"BWAr107";"North-West, Ngamiland";111146;22.762618707497;-19.6108252379134;0.547;0.535;0.64;0.479;10.7;5.5;54.8;6930;129;0.521;0.427;0.65;0.512;11.1;6.1;47.7;7370;132;0.62;0.607;0.679;0.58;10.5;8.7;59.4;8970;163;0.672;0.683;0.703;0.632;10.3;10.4;64.4;10530;196
"BWA";"Botswana";"BWAr108";"South-East";1865;25.8454686127233;-24.8609585084417;0.659;0.633;0.766;0.59;10.9;8.6;61.1;15920;223;0.661;0.505;0.781;0.733;12.3;11.8;52.8;17650;293;0.737;0.629;0.811;0.785;13.3;12.5;60.9;21500;368;0.787;0.708;0.834;0.826;13.1;13.9;66;25050;446
"BWA";"Botswana";"BWAr109";"Southern";27822;24.4688178226502;-24.9282521488823;0.541;0.584;0.65;0.417;10.2;4;57.9;7390;180;0.552;0.466;0.683;0.527;11.4;6.3;50.3;9200;202;0.641;0.628;0.714;0.589;11.3;8.3;60.8;11270;234;0.691;0.706;0.739;0.631;11.1;9.7;65.9;13330;283
"BWA";"Botswana";"BWAr110";"Chobe";20317;24.8046173993789;-18.5315579142397;0.525;0.597;0.7;0.347;1.9;8.8;58.8;10310;1;0.591;0.474;0.711;0.612;11.2;9;50.8;11060;17;0.647;0.595;0.738;0.617;10.3;9.9;58.7;13270;24;0.683;0.671;0.74;0.642;10.1;10.8;63.6;13380;31
"CAF";"Central African Republic CAR";"CAFr101";"RS I (Ombella Mpoko, Lobaye, Kemo, Nana Grebizi, Ouaka)";85409;18.4586187288422;5.50165402317756;0.304;0.42;0.367;0.182;4.3;1.9;47.3;1140;621;0.322;0.381;0.359;0.243;5.4;2.8;44.8;1080;783;0.369;0.463;0.371;0.293;6.2;3.6;50.1;1170;1216;0.385;0.51;0.324;0.345;7.4;4.2;53.1;850;1811
"CAF";"Central African Republic CAR";"CAFr102";"RS II (Mambera Kadei, Nana Mambere, Sangha Mbaere)";75948;15.8131858628205;4.7110315628184;0.266;0.41;0.367;0.126;2.8;1.4;46.7;1140;498;0.289;0.375;0.359;0.18;3.9;2.1;44.4;1080;807;0.339;0.469;0.366;0.227;5;2.6;50.5;1130;819;0.367;0.559;0.315;0.281;6.6;2.9;56.3;800;889
"CAF";"Central African Republic CAR";"CAFr103";"RS III (Ouham Pende, Ouham)";86536;17.2295855486731;6.85440963409152;0.261;0.431;0.358;0.115;2.9;1;48;1070;543;0.281;0.38;0.351;0.166;4;1.6;44.7;1020;723;0.332;0.456;0.354;0.227;5.5;2.2;49.6;1040;1018;0.346;0.524;0.3;0.264;6.5;2.5;54;730;1340
"CAF";"Central African Republic CAR";"CAFr104";"RS IV (Haute-Kotto, Baminigui Bangoran, Vakaga)";242552;21.8179212211532;7.86513098585112;0.302;0.479;0.364;0.159;3.8;1.6;51.1;1110;327;0.304;0.398;0.353;0.201;4.4;2.3;45.9;1030;393;0.351;0.497;0.356;0.244;5.3;2.9;52.3;1050;325;0.371;0.591;0.314;0.276;6.2;3.1;58.4;800;166
"CAF";"Central African Republic CAR";"CAFr105";"RS V (Basse Kotto, Mbornou, Houte Mbormou)";134754;24.0713679462002;5.77042525203333;0.274;0.449;0.351;0.131;3.1;1.3;49.2;1020;341;0.272;0.375;0.34;0.157;3.6;1.7;44.4;950;460;0.317;0.439;0.339;0.214;5;2.3;48.5;940;541;0.326;0.491;0.294;0.24;5.5;2.6;51.9;700;615
"CAF";"Central African Republic CAR";"CAFr106";"Bangui";52;18.6022345898038;4.36932307234241;0.42;0.507;0.469;0.311;6.1;4.2;53;2220;662;0.439;0.473;0.454;0.395;7.7;5.4;50.7;2020;764;0.5;0.561;0.49;0.456;8.7;6.4;56.5;2560;853;0.525;0.601;0.442;0.545;10.4;7.7;59.1;1860;759
"CIV";"Cote d'Ivoire";"CIVr101";"Abidjan";2257;-4.05344026454906;5.4159158291866;0.564;0.571;0.586;0.537;7.9;9.5;57.1;4840;2728;0.581;0.543;0.582;0.622;8.6;11.5;55.3;4710;3757;0.557;0.609;0.58;0.489;7.2;8.7;59.6;4650;4677;0.569;0.636;0.689;0.419;6.5;7.2;61.3;9600;5984
"CIV";"Cote d'Ivoire";"CIVr102";"Yamoussoukro";1262;-5.29102794197064;6.79808418604055;0.623;0.712;0.619;0.55;9.1;8.9;66.3;6020;112;0.636;0.659;0.607;0.643;10.7;10.4;62.9;5560;154;0.6;0.668;0.578;0.558;11.5;7.2;63.4;4590;191;0.619;0.643;0.662;0.557;13.5;5.5;61.8;7990;245
"CIV";"Cote d'Ivoire";"CIVr103";"Bas Sassandra";28230;-6.66869583555124;5.3645901997547;0.406;0.525;0.491;0.259;4.3;4.2;54.1;2590;529;0.429;0.502;0.483;0.325;5.6;5.1;52.6;2450;729;0.455;0.577;0.467;0.349;8;3.8;57.5;2200;907;0.52;0.614;0.553;0.414;11.1;3.2;59.9;3900;1160
"CIV";"Cote d'Ivoire";"CIVr104";"Comoe";14783;-3.3062599701413;6.05706290203258;0.378;0.484;0.487;0.229;4.4;3.2;51.4;2510;749;0.415;0.477;0.488;0.306;5.8;4.3;51;2520;1031;0.484;0.598;0.499;0.38;8.5;4.3;58.9;2720;1283;0.582;0.675;0.615;0.475;12.1;4.2;63.9;5860;1642
"CIV";"Cote d'Ivoire";"CIVr105";"Denguele";21212;-7.37495906762145;9.66096006957621;0.332;0.458;0.527;0.152;3.4;1.7;49.8;3280;381;0.353;0.43;0.52;0.196;4.3;2.3;47.9;3130;525;0.384;0.474;0.506;0.236;6;2.1;50.8;2850;653;0.44;0.486;0.598;0.293;8.2;2;51.6;5240;836
"CIV";"Cote d'Ivoire";"CIVr106";"Goh-Djiboua";16404;-5.61187059203676;5.9836514303413;0.424;0.504;0.451;0.336;6.3;4.8;52.7;1980;686;0.448;0.486;0.453;0.409;7.7;5.8;51.6;2010;944;0.48;0.574;0.47;0.411;9.3;4.6;57.3;2240;1176;0.551;0.621;0.588;0.458;11.9;3.9;60.4;4890;1504
"CIV";"Cote d'Ivoire";"CIVr107";"Lacs";27252;-4.44098482687861;7.07226947173744;0.389;0.539;0.47;0.232;4.8;3;55;2240;1098;0.418;0.51;0.467;0.306;6.4;3.9;53.2;2200;1513;0.464;0.567;0.468;0.377;9.2;3.6;56.8;2220;1883;0.542;0.587;0.571;0.475;13;3.4;58.1;4380;2409
"CIV";"Cote d'Ivoire";"CIVr108";"Lagunes";19671;-4.32392473960859;5.84479364978326;0.456;0.495;0.493;0.388;6.8;6;52.2;2620;1023;0.479;0.481;0.489;0.466;8.2;7.1;51.3;2550;1410;0.501;0.581;0.486;0.446;9.8;5.2;57.8;2490;1755;0.566;0.64;0.586;0.483;12.3;4.2;61.6;4830;2245
"CIV";"Cote d'Ivoire";"CIVr109";"Montagnes";29734;-7.64504912052417;6.92681224643414;0.38;0.463;0.44;0.27;5.1;3.8;50.1;1850;1365;0.4;0.442;0.437;0.332;6.5;4.6;48.7;1810;1880;0.428;0.513;0.437;0.349;8.5;3.4;53.3;1810;2340;0.492;0.547;0.536;0.406;11.3;2.8;55.6;3480;2994
"CIV";"Cote d'Ivoire";"CIVr110";"Sassandra-Marahoue";24006;-6.33121448969502;7.07645692813713;0.407;0.537;0.454;0.276;5;4.1;54.9;2010;1614;0.427;0.507;0.452;0.339;6.4;4.9;53;2000;2224;0.449;0.562;0.458;0.352;8.4;3.5;56.5;2080;2768;0.512;0.581;0.565;0.409;11.4;2.8;57.8;4210;3541
"CIV";"Cote d'Ivoire";"CIVr111";"Savanes";39189;-5.54880539945517;9.56141217480057;0.409;0.533;0.482;0.266;5.1;3.7;54.7;2440;628;0.423;0.504;0.477;0.314;6.2;4.3;52.7;2350;864;0.426;0.556;0.469;0.297;7.4;2.8;56.1;2230;1076;0.471;0.573;0.564;0.323;9.2;2;57.3;4180;1376
"CIV";"Cote d'Ivoire";"CIVr112";"Vallee du Bandama";26631;-4.92449386563045;8.27264705268036;0.443;0.491;0.504;0.351;7.1;4.6;51.9;2800;520;0.465;0.475;0.5;0.423;8.6;5.6;50.9;2740;716;0.49;0.564;0.499;0.418;10;4.3;56.7;2720;891;0.554;0.614;0.602;0.461;12.3;3.5;59.9;5400;1140
"CIV";"Cote d'Ivoire";"CIVr113";"Woroba";31687;-6.71867999073598;8.36370935758779;0.199;0.438;0.404;0.044;0.9;0.6;48.5;1450;574;0.243;0.418;0.408;0.084;1.8;1;47.2;1490;791;0.331;0.484;0.43;0.174;4.5;1.4;51.5;1720;984;0.423;0.516;0.549;0.267;7.7;1.6;53.5;3790;1259
"CIV";"Cote d'Ivoire";"CIVr114";"Zanzan";38997;-3.34524308461416;8.68186048223421;0.32;0.44;0.451;0.165;3.3;2.2;48.6;1990;834;0.348;0.436;0.449;0.216;4.4;2.8;48.3;1960;1149;0.406;0.558;0.451;0.265;6.6;2.5;56.3;1980;1430;0.491;0.636;0.554;0.336;9.4;2.3;61.4;3910;1829
"CMR";"Cameroon";"CMRr101";"Adamaoua";64403;13.1196183034945;6.85786009159105;0.378;0.489;0.51;0.217;6.6;1;51.8;2930;563;0.399;0.511;0.496;0.25;6.8;1.8;53.2;2660;676;0.481;0.578;0.507;0.379;9.7;3.3;57.6;2860;1002;0.503;0.617;0.495;0.416;10.7;3.5;60.1;2640;1372
"CMR";"Cameroon";"CMRr102";"Centre (incl Yaounde)";69053;11.8328034334307;4.67212889246272;0.486;0.558;0.537;0.382;9.8;3.3;56.3;3500;2232;0.507;0.553;0.552;0.426;9.9;4.5;56;3860;2762;0.624;0.632;0.598;0.644;13.3;8.2;61.1;5240;3629;0.668;0.669;0.601;0.74;15.9;9;63.5;5360;5548
"CMR";"Cameroon";"CMRr103";"Est";110321;14.2106207797034;3.79230890498004;0.408;0.52;0.45;0.291;8;2.1;53.8;1970;915;0.421;0.48;0.47;0.332;8.4;2.9;51.2;2240;928;0.521;0.621;0.476;0.478;11.1;5.1;60.4;2340;973;0.543;0.573;0.497;0.561;13;6;57.2;2680;1759
"CMR";"Cameroon";"CMRr104";"Extreme Nord";35860;14.5301110879898;11.0759634754467;0.29;0.468;0.446;0.117;3.6;0.5;50.4;1910;2035;0.325;0.464;0.44;0.168;5.1;0.8;50.2;1840;2803;0.396;0.531;0.44;0.266;7.7;1.6;54.5;1840;3945;0.47;0.608;0.445;0.384;10.6;2.7;59.5;1910;4721
"CMR";"Cameroon";"CMRr105";"Littoral (incl Douala)";20343;10.1254389505046;4.22521357500154;0.529;0.589;0.592;0.424;10.6;3.8;58.3;5050;1291;0.541;0.598;0.588;0.45;10.3;4.9;58.9;4910;2021;0.641;0.661;0.622;0.641;13.4;8.1;63;6130;2793;0.706;0.721;0.636;0.769;16.4;9.4;66.9;6740;4145
"CMR";"Cameroon";"CMRr106";"Nord";65386;13.9337719240428;8.48195809648703;0.334;0.461;0.472;0.171;5.3;0.7;50;2280;1122;0.338;0.453;0.453;0.189;5.5;1;49.4;2010;1498;0.419;0.503;0.446;0.328;9;2.4;52.7;1910;2534;0.463;0.555;0.456;0.392;10.6;2.9;56.1;2040;3804
"CMR";"Cameroon";"CMRr107";"Nord Ouest";17544;10.3993475924581;6.34207642440242;0.474;0.631;0.513;0.328;8.9;2.4;61;2980;1341;0.474;0.6;0.488;0.365;9.3;3.2;59;2530;1758;0.565;0.688;0.505;0.519;12.2;5.4;64.8;2840;1781;0.56;0.698;0.524;0.479;9.5;6.5;65.4;3210;1716
"CMR";"Cameroon";"CMRr108";"Ouest";13747;10.6410673012093;5.45338373341339;0.497;0.649;0.527;0.358;10.2;2.3;62.2;3280;1229;0.484;0.573;0.514;0.385;10.1;3.1;57.2;3010;1689;0.576;0.627;0.535;0.571;13.6;5.8;60.7;3450;2417;0.627;0.653;0.561;0.672;16;6.8;62.4;4110;3085
"CMR";"Cameroon";"CMRr109";"Sud";46809;11.5909588074789;2.74245152759662;0.459;0.544;0.487;0.365;9.9;2.7;55.4;2510;478;0.471;0.513;0.5;0.407;9.9;4;53.3;2740;665;0.579;0.618;0.527;0.597;12.7;7.3;60.2;3270;657;0.628;0.631;0.561;0.7;14.9;8.6;61;4110;1270
"CMR";"Cameroon";"CMRr110";"Sud Ouest";25572;9.306647464113;5.21916624926578;0.483;0.578;0.537;0.364;9;3.4;57.6;3490;922;0.489;0.533;0.536;0.409;9.4;4.4;54.6;3470;1115;0.58;0.591;0.556;0.596;12.8;7.2;58.4;3960;1301;0.676;0.68;0.657;0.691;13.1;9.8;64.2;7720;494
"COD";"Congo Democratic Republic";"CODr101";"Kinshasa";9662;15.9199331992659;-4.45134630668089;0.494;0.528;0.53;0.432;7.9;6.4;54.3;3340;5007;0.506;0.58;0.423;0.53;8.8;8.5;57.7;1640;6748;0.583;0.645;0.506;0.606;10.2;9.7;61.9;2860;7071;0.582;0.604;0.518;0.63;10;10.6;59.3;3080;13811
"COD";"Congo Democratic Republic";"CODr102";"Bas-Congo";54148;14.3235846776134;-5.2950805432858;0.364;0.419;0.38;0.303;6.4;3.8;47.2;1240;1527;0.365;0.465;0.286;0.367;7.1;5.1;50.2;670;2058;0.434;0.563;0.33;0.441;9.1;5.6;56.6;890;3512;0.481;0.609;0.373;0.49;9.2;7;59.6;1180;6975
"COD";"Congo Democratic Republic";"CODr103";"Bandundu";298632;18.3570988511032;-4.3800933031774;0.358;0.451;0.341;0.297;6.1;3.8;49.3;960;5436;0.356;0.499;0.251;0.36;6.9;5.1;52.4;530;7326;0.434;0.599;0.287;0.475;9.8;6.1;59;670;10095;0.458;0.645;0.298;0.498;9.8;6.8;61.9;720;12663
"COD";"Congo Democratic Republic";"CODr104";"Equateur";398635;20.573895026365;1.05647770489443;0.347;0.437;0.337;0.285;6.3;3.3;48.4;930;4981;0.345;0.484;0.247;0.343;7.1;4.4;51.4;510;6713;0.403;0.545;0.286;0.419;9.1;5;55.4;660;9084;0.456;0.626;0.31;0.488;10.1;6.2;60.7;780;6271
"COD";"Congo Democratic Republic";"CODr105";"Orientale";508550;26.3454839432549;2.08584484393522;0.325;0.424;0.349;0.232;5.2;2.6;47.6;1010;4539;0.323;0.47;0.258;0.279;5.9;3.5;50.6;550;6117;0.407;0.575;0.305;0.384;8.2;4.6;57.4;750;7359;0.468;0.652;0.343;0.458;9.2;6;62.4;970;11638
"COD";"Congo Democratic Republic";"CODr106";"Nord-Kivu";59347;28.7260253607546;-0.601768642728454;0.342;0.526;0.365;0.208;4.9;2.2;54.2;1120;1445;0.34;0.578;0.273;0.249;5.5;2.9;57.6;610;1947;0.427;0.648;0.323;0.373;7.9;4.6;62.1;850;6103;0.504;0.692;0.372;0.498;9.8;6.7;65;1170;8558
"COD";"Congo Democratic Republic";"CODr107";"Sud-Kivu";63715;28.2914085965536;-3.209729638827;0.359;0.418;0.394;0.281;6.2;3.2;47.2;1360;1752;0.36;0.464;0.299;0.338;7;4.3;50.2;720;2361;0.398;0.541;0.31;0.377;8.4;4.3;55.2;780;5319;0.492;0.654;0.366;0.497;10.2;6.5;62.5;1130;7888
"COD";"Congo Democratic Republic";"CODr108";"Maniema";129969;26.4444839276915;-3.08123266608557;0.358;0.395;0.367;0.317;7.2;3.5;45.7;1130;1260;0.358;0.439;0.274;0.38;8;4.7;48.5;610;1698;0.422;0.565;0.308;0.432;9.2;5.2;56.7;770;2292;0.43;0.591;0.294;0.457;9.6;5.8;58.4;700;1155
"COD";"Congo Democratic Republic";"CODr109";"Katanga";487626;26.4174986267217;-8.73670399674505;0.39;0.452;0.404;0.325;6.6;4.2;49.4;1450;4033;0.393;0.499;0.308;0.394;7.4;5.7;52.5;770;5435;0.424;0.552;0.331;0.417;8.1;5.8;55.9;900;8680;0.467;0.596;0.361;0.472;9;6.7;58.7;1090;15208
"COD";"Congo Democratic Republic";"CODr110";"Kasai Oriental";172830;23.9356748762204;-4.49270651609712;0.386;0.463;0.394;0.315;6.5;4;50.1;1360;4649;0.388;0.511;0.299;0.382;7.3;5.3;53.2;720;6266;0.428;0.562;0.305;0.456;9;6.2;56.5;750;6876;0.449;0.574;0.316;0.5;9.7;7;57.3;810;6992
"COD";"Congo Democratic Republic";"CODr111";"Kasai Occidental";154048;21.6203335142853;-5.42618011988134;0.348;0.447;0.337;0.281;5.7;3.7;49;930;3706;0.347;0.494;0.247;0.342;6.3;5;52.1;510;4995;0.403;0.546;0.284;0.423;8.6;5.5;55.5;660;4606;0.403;0.51;0.29;0.443;8.9;5.9;53.2;680;7852
"COG";"Congo Brazzaville";"COGr201";" Kouilou";13766;11.9546563723167;-4.24587345230927;0.459;0.521;0.497;0.374;8.6;4.1;53.9;2680;102;0.44;0.527;0.453;0.357;7.1;4.8;54.3;2000;135;0.492;0.622;0.467;0.41;8.2;5.5;60.4;2200;117;0.479;0.605;0.393;0.463;9.7;5.8;59.3;1350;138
"COG";"Congo Brazzaville";"COGr202";" Niari";24471;12.5086736572388;-3.11076818237454;0.508;0.602;0.499;0.436;9.8;4.9;59.1;2720;252;0.487;0.609;0.455;0.418;8.1;5.8;59.6;2030;332;0.56;0.674;0.536;0.485;9.7;6.5;63.8;3470;261;0.549;0.679;0.448;0.543;11.6;6.6;64.2;1940;310
"COG";"Congo Brazzaville";"COGr203";" Lekoumou";21233;13.5080322520886;-3.10333846750967;0.459;0.464;0.504;0.414;9.4;4.6;50.2;2810;84;0.441;0.47;0.46;0.396;7.8;5.4;50.6;2100;111;0.502;0.615;0.472;0.438;9.7;5;60;2270;96;0.48;0.599;0.389;0.473;11;5.1;58.9;1320;120
"COG";"Congo Brazzaville";"COGr204";" Bouenza";13635;13.5777854812981;-4.10710465391769;0.483;0.474;0.522;0.456;10.3;5.1;50.8;3170;290;0.464;0.48;0.477;0.436;8.5;6;51.2;2350;384;0.523;0.604;0.525;0.45;9.5;5.6;59.3;3240;461;0.511;0.621;0.432;0.498;11;5.7;60.4;1740;399
"COG";"Congo Brazzaville";"COGr205";" Pool";35376;15.0488464937786;-3.67731554878405;0.474;0.539;0.474;0.416;9.7;4.4;55;2310;134;0.453;0.546;0.431;0.396;8;5.2;55.5;1740;177;0.507;0.65;0.462;0.433;8.7;5.7;62.2;2130;308;0.464;0.593;0.372;0.453;9.8;5.4;58.5;1170;407
"COG";"Congo Brazzaville";"COGr206";" Plateaux";40113;15.3834214258329;-2.0963748710894;0.471;0.497;0.488;0.431;9.9;4.7;52.3;2530;136;0.452;0.504;0.445;0.411;8.2;5.5;52.7;1900;180;0.516;0.641;0.471;0.455;10.1;5.3;61.7;2250;170;0.522;0.691;0.398;0.516;11.8;5.7;64.9;1400;214
"COG";"Congo Brazzaville";"COGr207";" Cuvette";45133;16.0186271676554;-0.582548081631538;0.495;0.519;0.485;0.482;11.1;5.2;53.8;2480;104;0.474;0.526;0.442;0.46;9.1;6.2;54.2;1860;137;0.563;0.639;0.523;0.533;10.7;7.1;61.5;3190;162;0.561;0.685;0.446;0.578;12.5;6.9;64.5;1910;211
"COG";"Congo Brazzaville";"COGr208";" Cuvette Ouest";24407;14.6416272260155;0.0603918066878399;0.494;0.515;0.496;0.471;10.7;5.2;53.5;2670;64;0.474;0.522;0.452;0.45;8.8;6.1;53.9;2000;85;0.519;0.598;0.464;0.504;11;6;58.9;2160;76;0.49;0.579;0.377;0.54;12;6.2;57.7;1210;92
"COG";"Congo Brazzaville";"COGr209";" Sangha";57721;15.3931359363225;1.37719308196239;0.45;0.431;0.528;0.401;8.6;4.8;48;3290;36;0.434;0.437;0.483;0.388;7.1;5.7;48.4;2440;48;0.513;0.568;0.5;0.475;9.9;6;56.9;2730;87;0.498;0.534;0.427;0.542;12;6.3;54.7;1690;116
"COG";"Congo Brazzaville";"COGr210";" Likouala";66375;17.4526602125745;1.93291277999698;0.519;0.529;0.531;0.497;10.6;6.1;54.4;3360;130;0.5;0.535;0.486;0.482;8.7;7.2;54.8;2490;172;0.528;0.632;0.469;0.498;10.1;6.5;61.1;2230;202;0.506;0.605;0.389;0.55;11.8;6.7;59.3;1310;240
"COG";"Congo Brazzaville";"COGr211";" Brazzaville";61;15.2750068212255;-4.27233028045637;0.597;0.556;0.657;0.582;11.6;7.8;56.2;7750;802;0.581;0.563;0.607;0.573;9.5;9.2;56.6;5570;1060;0.644;0.659;0.652;0.623;11.2;9.3;62.8;7480;1702;0.649;0.674;0.579;0.701;13.3;10;63.8;4630;2297
"COG";"Congo Brazzaville";"COGr212";" Pointe Noire";28;11.8743783553118;-4.79126850801876;0.581;0.567;0.641;0.538;10.8;7.1;56.9;6970;387;0.564;0.574;0.592;0.529;8.9;8.4;57.3;5030;511;0.638;0.694;0.647;0.578;10.4;8.7;65.1;7270;1071;0.639;0.74;0.557;0.634;12.1;8.9;68.1;4000;1425
"COM";"Comoros";"COMr101";"Grande Comore (Ngazidja)";649;43.3886484366798;-11.7117347230353;NA;NA;NA;NA;NA;NA;NA;NA;NA;0.492;0.605;0.522;0.376;9.6;3.3;59.4;3170;282;0.555;0.625;0.535;0.511;12.4;5;60.6;3450;314;0.607;0.691;0.539;0.601;13.8;6.5;64.9;3540;384
"COM";"Comoros";"COMr102";"Moheli";139;43.727624542581;-12.3344155656306;NA;NA;NA;NA;NA;NA;NA;NA;NA;0.456;0.561;0.484;0.349;8.7;3.2;56.5;2470;37;0.536;0.665;0.507;0.456;10.6;4.8;63.3;2880;45;0.603;0.698;0.515;0.612;13.9;6.8;65.3;3020;55
"COM";"Comoros";"COMr103";"Anjouan (Ndzouani)";348;44.4348437013121;-12.2158941249592;NA;NA;NA;NA;NA;NA;NA;NA;NA;0.448;0.602;0.492;0.304;7.8;2.7;59.1;2600;240;0.52;0.655;0.506;0.425;10.4;4.1;62.6;2850;325;0.56;0.651;0.514;0.524;12.1;5.6;62.3;3010;397
"CPV";"Cape Verde";"CPVr101";"S.Antao";392;-25.2055319026508;17.0230729129431;NA;NA;NA;NA;NA;NA;NA;NA;NA;0.589;0.78;0.571;0.458;10.5;5;70.7;4390;52;0.638;0.838;0.618;0.502;11.6;5.4;74.5;5990;58;0.642;0.842;0.641;0.489;10.8;5.7;74.7;6980;65
"CPV";"Cape Verde";"CPVr102";"S.Vicente";138;-24.955513967022;16.8541413729977;NA;NA;NA;NA;NA;NA;NA;NA;NA;0.629;0.78;0.611;0.523;11.9;5.7;70.7;5700;92;0.681;0.838;0.659;0.572;13.2;6.1;74.5;7840;103;0.685;0.842;0.683;0.559;12.3;6.5;74.7;9190;115
"CPV";"Cape Verde";"CPVr103";"Santiago-Interior";644;-23.6577765384502;15.0982308204037;NA;NA;NA;NA;NA;NA;NA;NA;NA;0.554;0.78;0.548;0.398;9.1;4.4;70.7;3760;134;0.601;0.838;0.594;0.436;10.1;4.7;74.5;5100;151;0.604;0.842;0.617;0.425;9.4;5;74.7;5930;168
"CPV";"Cape Verde";"CPVr104";"Santiago- Praia";54;-23.5338756838799;14.9508949810977;NA;NA;NA;NA;NA;NA;NA;NA;NA;0.639;0.78;0.604;0.555;12.7;6.1;70.7;5460;155;0.692;0.838;0.652;0.607;14.1;6.5;74.5;7500;174;0.696;0.842;0.676;0.593;13.1;6.9;74.7;8780;194
"CPV";"Cape Verde";"CPVr105";"Fogo";176;-24.395876804162;14.9097848116421;NA;NA;NA;NA;NA;NA;NA;NA;NA;0.612;0.78;0.578;0.509;11.6;5.6;70.7;4580;41;0.663;0.838;0.625;0.557;12.9;6;74.5;6250;47;0.667;0.842;0.648;0.544;12;6.3;74.7;7290;52
"CPV";NA;"CPVr106";NA;155;-24.323553460385;16.5775607397858;NA;NA;NA;NA;NA;NA;NA;NA;NA;NA;NA;NA;NA;NA;NA;NA;NA;NA;NA;NA;NA;NA;NA;NA;NA;NA;NA;NA;NA;NA;NA;NA;NA;NA;NA;NA
"DJI";"Djibouti";"DJIr101";"Djibouti";105;43.0791265086464;11.5764345732086;NA;NA;NA;NA;NA;NA;NA;NA;NA;0.352;0.557;0.448;0.174;3.6;2.2;56.2;1940;666;0.451;0.612;0.552;0.271;5.8;3.3;59.8;3860;805;0.522;0.643;0.604;0.366;8.1;4.2;61.8;5470;946
"DJI";"Djibouti";"DJIr102";"Other Districts";20873;42.5556754023646;11.7157436060805;NA;NA;NA;NA;NA;NA;NA;NA;NA;0.313;0.661;0.357;0.13;3.4;1.1;62.9;1060;123;0.405;0.722;0.452;0.204;5.4;1.6;66.9;1990;149;0.473;0.756;0.5;0.279;7.6;2;69.1;2750;175
"DZA";"Algeria";"DZAr101";"Nord Centre (Alger, Blida, Boumerdes, Tipaza, Bouira, Medea, Tizi-Ouzou, Bejaia, Chlef, Ain Defla)";29662;2.80912561984951;36.2635463693982;0.625;0.751;0.683;0.476;10.4;5.6;68.8;9170;8446;0.695;0.805;0.697;0.598;12.5;7.5;72.4;10100;9985;0.74;0.852;0.713;0.668;15;7.5;75.4;11230;12533;0.766;0.895;0.718;0.701;16.3;7.4;78.2;11560;14697
"DZA";"Algeria";"DZAr102";"Nord Est (Annaba, Constantine, Skikda, Jijel, Mila, Souk Ahras, El Tarf, Guelma)";24923;7.1493564607117;36.5027969687839;0.604;0.751;0.655;0.448;9.7;5.3;68.8;7670;4078;0.672;0.805;0.67;0.562;11.7;7.2;72.3;8420;4821;0.744;0.851;0.71;0.681;15.1;7.8;75.3;10980;5317;0.741;0.838;0.705;0.688;15.9;7.4;74.5;10610;6418
"DZA";"Algeria";"DZAr103";"Nord Ouest (Oran, Tlemcen, Mostaganem, Ain Temouchent, Relizane, Sidi Bel Abbes, Mascara)";36007;-0.429836722421682;35.1604105408809;0.581;0.723;0.66;0.411;9.1;4.8;67;7920;4779;0.646;0.776;0.675;0.516;10.9;6.4;70.4;8700;5651;0.713;0.821;0.714;0.618;13.8;7;73.4;11290;5767;0.737;0.899;0.706;0.63;14.8;6.6;78.5;10700;7424
"DZA";"Algeria";"DZAr104";"Hauts Plateaux Centre (Djelfa, Laghouat, MSila)";78005;3.4741098660094;34.3297360481902;0.571;0.709;0.655;0.4;9.6;4;66.1;7640;2096;0.633;0.761;0.669;0.499;11.5;5.4;69.5;8400;2478;0.693;0.806;0.696;0.593;13.8;6.3;72.4;10050;2610;0.722;0.872;0.71;0.608;14.6;6.1;76.7;11030;3359
"DZA";"Algeria";"DZAr105";"Hauts Plateaux Est (Setif, Batna, Khenchela, Bordj Bou Arreridj, Oum El Bouaghi, Tebessa)";55215;6.53004687475646;35.5182412287803;0.596;0.743;0.657;0.433;10.2;4.5;68.3;7750;3763;0.661;0.797;0.671;0.541;12.2;6;71.8;8520;4449;0.727;0.843;0.714;0.638;14.5;7.1;74.8;11270;5252;0.735;0.873;0.702;0.648;15.3;6.7;76.7;10440;6298
"DZA";"Algeria";"DZAr106";"Hauts Plateaux Ouest (Tiaret, Saida, Tissemsilt, Naama, El Bayadh)";131420;0.630631919711216;33.2923904608816;0.582;0.728;0.651;0.415;9.7;4.4;67.3;7450;1472;0.646;0.781;0.665;0.519;11.6;5.9;70.8;8190;1741;0.706;0.827;0.704;0.604;14.3;6.2;73.7;10590;2110;0.73;0.883;0.707;0.624;15.2;6.1;77.4;10800;2277
"DZA";"Algeria";"DZAr107";"Sud (Bechar, Tindouf, Adrar, Ghardaia, Biskra, El Oued, Ouargla, Tamanrasset,Illizi)";1958818;2.6958018085118;26.8734427238902;0.593;0.705;0.666;0.444;10;5;65.9;8200;2114;0.659;0.757;0.68;0.556;12;6.7;69.2;9020;2500;0.716;0.802;0.716;0.64;14.3;7.3;72.1;11420;3672;0.736;0.865;0.709;0.651;15;7.1;76.2;10940;4429
"EGY";"Egypt";"EGYr101";"Cairo";2744;31.5857260812798;29.9634082383429;0.687;0.781;0.695;0.597;11.5;8.4;70.8;9960;7871;0.719;0.804;0.709;0.651;12.5;9.1;72.3;10940;8226;0.722;0.788;0.711;0.671;12.4;9.8;71.2;11100;8917;0.777;0.806;0.739;0.787;13.7;12.2;72.4;13360;10098
"EGY";"Egypt";"EGYr102";"Alexandria";2528;29.742666302817;30.7930584032843;0.64;0.764;0.683;0.503;10;6.8;69.7;9200;4172;0.691;0.778;0.703;0.603;11.6;8.4;70.6;10470;4339;0.724;0.785;0.714;0.676;12.7;9.7;71;11320;4484;0.777;0.78;0.742;0.811;14.3;12.5;70.7;13550;4936
"EGY";"Egypt";"EGYr103";"Port Said";1472;32.2373521627277;31.1190188496038;0.692;0.796;0.703;0.593;11.8;7.9;71.8;10470;494;0.732;0.832;0.721;0.655;12.8;9;74.1;11820;611;0.743;0.796;0.725;0.711;12.8;10.6;71.7;12170;488;0.795;0.793;0.752;0.843;14.4;13.3;71.5;14520;456
"EGY";"Egypt";"EGYr104";"Suez";9223;32.2421445773685;29.6927105346589;0.667;0.768;0.699;0.553;11.4;7.1;69.9;10230;393;0.701;0.803;0.717;0.597;11.7;8.2;72.2;11540;550;0.729;0.803;0.72;0.668;12.3;9.8;72.2;11770;279;0.781;0.794;0.75;0.801;13.8;12.5;71.6;14320;97
"EGY";"Egypt";"EGYr105";"Damietta";70;31.864295100392;31.3885323157287;0.622;0.775;0.671;0.464;10.2;5.4;70.4;8500;753;0.65;0.79;0.685;0.506;11.1;6;71.4;9300;954;0.704;0.81;0.711;0.606;11.9;8.3;72.7;11060;1483;0.754;0.809;0.741;0.714;13.3;10.4;72.6;13520;1956
"EGY";"Egypt";"EGYr106";"Dakahlia";4229;31.548381826589;31.1163117830468;0.621;0.737;0.644;0.504;10.9;6;67.9;7100;4485;0.647;0.783;0.678;0.51;11.3;5.9;70.9;8900;5189;0.695;0.793;0.704;0.602;12.1;8;71.5;10550;6420;0.745;0.791;0.734;0.712;13.5;10.1;71.4;12890;8089
"EGY";"Egypt";"EGYr107";"Sharkia";4596;31.7777647471679;30.6746309067852;0.58;0.699;0.619;0.45;9.7;5.4;65.5;6000;4550;0.624;0.76;0.647;0.494;10.9;5.8;69.4;7260;5094;0.677;0.768;0.691;0.583;11.8;7.7;69.9;9680;7472;0.727;0.76;0.724;0.698;13.3;9.9;69.4;12050;9668
"EGY";"Egypt";"EGYr108";"Kalyubia";1515;31.3236323947517;30.3232239671461;0.596;0.736;0.64;0.45;9;6;67.8;6940;3587;0.644;0.747;0.677;0.529;10.7;6.9;68.5;8820;4005;0.692;0.769;0.695;0.619;12.2;8.4;70;9980;4557;0.732;0.752;0.721;0.722;13.6;10.3;68.9;11830;5179
"EGY";"Egypt";"EGYr109";"Kafr El-Sheikh";3965;30.9062996575347;31.335730453911;0.562;0.749;0.598;0.397;9.7;3.8;68.7;5230;2004;0.625;0.776;0.657;0.479;11.1;5.1;70.5;7720;2671;0.68;0.785;0.701;0.571;12.1;7.1;71;10330;3600;0.732;0.791;0.738;0.671;13.5;8.9;71.4;13260;4373
"EGY";"Egypt";"EGYr110";"Gharbia";2247;31.0272920357976;30.8601225427849;0.594;0.711;0.629;0.469;10.5;5.3;66.2;6450;2969;0.668;0.783;0.678;0.561;11.9;6.9;70.9;8890;4646;0.7;0.785;0.703;0.621;12.1;8.5;71;10510;5492;0.74;0.774;0.731;0.717;13.2;10.5;70.3;12600;6907
"EGY";"Egypt";"EGYr111";"Menoufia";1993;30.954942417448;30.4379241042188;0.596;0.733;0.608;0.476;10.4;5.6;67.6;5600;2515;0.651;0.776;0.657;0.541;11.4;6.7;70.4;7750;3245;0.695;0.802;0.698;0.6;12;8;72.1;10170;4368;0.748;0.806;0.73;0.713;13.5;10.1;72.4;12560;5210
"EGY";"Egypt";"EGYr112";"Behera";11726;30.2886401612633;30.6339636070024;0.549;0.713;0.608;0.382;8.5;4.3;66.3;5590;3797;0.607;0.785;0.643;0.444;10.2;4.8;71;7070;4586;0.662;0.786;0.698;0.529;11.1;6.6;71.1;10190;7177;0.715;0.799;0.731;0.625;12.4;8.4;72;12620;9381
"EGY";"Egypt";"EGYr113";"Ismailia";5749;32.372772901137;30.5194417152687;0.664;0.789;0.676;0.548;10.9;7.4;71.3;8780;646;0.676;0.779;0.694;0.572;11.6;7.5;70.6;9900;741;0.688;0.754;0.707;0.611;11.8;8.5;69;10820;846;0.742;0.754;0.739;0.734;13.4;10.9;69;13320;857
"EGY";"Egypt";"EGYr114";"Giza";36966;29.5056329173759;28.8542165009206;0.582;0.684;0.652;0.442;8.7;6;64.4;7490;4791;0.656;0.76;0.683;0.544;11;7.1;69.4;9200;6884;0.688;0.786;0.702;0.589;11.4;8.2;71.1;10450;8339;0.73;0.785;0.731;0.679;12.5;10;71;12620;10563
"EGY";"Egypt";"EGYr115";"Beni Suef";10935;31.0720175172644;28.8244735401223;0.47;0.637;0.523;0.312;6.9;3.6;61.4;3190;1923;0.552;0.718;0.595;0.394;8.8;4.5;66.6;5140;2178;0.636;0.734;0.678;0.517;10.6;6.7;67.7;8900;3057;0.694;0.742;0.723;0.622;12;8.7;68.2;11980;3783
"EGY";"Egypt";"EGYr116";"Fayoum";5163;30.5554115660589;29.2965378723002;0.487;0.675;0.539;0.317;7.4;3.3;63.9;3550;1703;0.559;0.741;0.6;0.392;9.3;4;68.2;5310;2462;0.637;0.776;0.676;0.493;10.6;5.9;70.5;8760;2955;0.698;0.785;0.718;0.605;12.2;7.9;71;11560;3647
"EGY";"Egypt";"EGYr117";"Menya";31286;30.5952996368851;28.0883217533065;0.464;0.581;0.517;0.332;7.2;3.9;57.8;3060;3600;0.552;0.686;0.582;0.422;9.8;4.5;64.6;4720;4204;0.63;0.739;0.666;0.509;11.1;6;68;8230;5158;0.686;0.743;0.71;0.613;12.7;7.8;68.3;11030;6137
"EGY";"Egypt";"EGYr118";"Assuit";16294;31.6035353194062;27.316768859093;0.5;0.621;0.569;0.353;8.1;3.8;60.4;4310;2551;0.566;0.697;0.619;0.422;9.4;4.8;65.3;6010;3928;0.626;0.729;0.673;0.499;10.5;6.2;67.4;8610;4918;0.673;0.725;0.709;0.592;11.7;8;67.1;10930;6027
"EGY";"Egypt";"EGYr119";"Souhag";9584;32.1421252272986;26.6630710665951;0.511;0.63;0.566;0.375;8.7;4;61;4240;2867;0.564;0.685;0.614;0.426;10.3;4.2;64.5;5830;4279;0.635;0.73;0.677;0.518;10.8;6.5;67.4;8810;4590;0.682;0.732;0.708;0.612;12;8.4;67.6;10860;5607
"EGY";"Egypt";"EGYr120";"Qena";13930;32.9252037289596;25.9670721048874;0.494;0.634;0.566;0.336;8.1;3.3;61.2;4250;2855;0.579;0.675;0.625;0.46;10.8;4.8;63.9;6280;3537;0.655;0.748;0.682;0.55;11.5;6.9;68.6;9130;4139;0.705;0.749;0.718;0.652;12.7;8.9;68.7;11630;5063
"EGY";"Egypt";"EGYr121";"Aswan";61470;32.5973364936652;23.3478777463232;0.567;0.654;0.648;0.429;9.9;4.6;62.5;7280;932;0.627;0.708;0.661;0.526;11.1;6.6;66;7930;1117;0.673;0.752;0.693;0.585;11.3;8.2;68.9;9820;1562;0.722;0.761;0.722;0.685;12.1;10.4;69.5;11870;1983
"EGY";"Egypt";"EGYr122";"Frontier governorates (Red Sea, New Valley, Matroh, North Sainai, South Sainai)";748462;29.2793864830357;26.277443895831;0.621;0.762;0.64;0.492;9.4;6.9;69.5;6940;532;0.642;0.786;0.662;0.509;10.2;6.7;71.1;8030;947;0.68;0.778;0.695;0.582;10.9;8.4;70.6;9970;939;0.735;0.784;0.728;0.697;12.2;10.7;70.9;12420;974
"ERI";"Eritrea";"ERIr101";"Debubawi Keih Bahri";23627;41.7571827454458;13.5889981104868;NA;NA;NA;NA;NA;NA;NA;NA;NA;NA;NA;NA;NA;NA;NA;NA;NA;NA;0.475;0.564;0.507;0.375;6.5;5.8;56.6;2880;99;0.493;0.587;0.523;0.391;6.4;6.4;58.2;3190;112
"ERI";"Eritrea";"ERIr102";"Maekel";1008;38.853884102379;15.3722055059048;NA;NA;NA;NA;NA;NA;NA;NA;NA;NA;NA;NA;NA;NA;NA;NA;NA;NA;0.654;0.8;0.572;0.611;9.8;10.2;72;4410;752;0.678;0.83;0.589;0.639;9.7;11.1;73.9;4920;852
"ERI";"Eritrea";"ERIr103";"Semenawi Keih Bahri";33823;39.0249071010686;16.1412642401585;NA;NA;NA;NA;NA;NA;NA;NA;NA;NA;NA;NA;NA;NA;NA;NA;NA;NA;0.388;0.608;0.393;0.244;6.1;2.2;59.5;1350;405;0.4;0.632;0.407;0.249;6;2.4;61.1;1480;458
"ERI";"Eritrea";"ERIr104";"Anseba";20800;37.7405266234465;16.4603351305498;NA;NA;NA;NA;NA;NA;NA;NA;NA;NA;NA;NA;NA;NA;NA;NA;NA;NA;0.436;0.767;0.395;0.274;7;2.4;69.9;1360;436;0.45;0.796;0.409;0.279;6.9;2.6;71.8;1500;493
"ERI";"Eritrea";"ERIr105";"Gash-Barka";33164;37.4195013484591;15.1837565316528;NA;NA;NA;NA;NA;NA;NA;NA;NA;NA;NA;NA;NA;NA;NA;NA;NA;NA;0.358;0.659;0.368;0.19;5;1.6;62.8;1140;591;0.37;0.685;0.382;0.193;4.9;1.7;64.5;1250;669
"ERI";"Eritrea";"ERIr106";"Debub";9091;38.9604641322654;14.8032826908714;NA;NA;NA;NA;NA;NA;NA;NA;NA;NA;NA;NA;NA;NA;NA;NA;NA;NA;0.454;0.682;0.398;0.345;8.1;3.6;64.3;1400;971;0.469;0.709;0.413;0.353;8;3.9;66.1;1540;1100
"ETH";"Ethiopia";"ETHr101";"Tigray";52865;38.4445227646804;13.7674483228343;NA;NA;NA;NA;NA;NA;NA;NA;NA;0.314;0.514;0.309;0.195;5.6;1.2;53.4;780;4565;0.443;0.691;0.411;0.306;8.6;2;64.9;1520;6218;0.517;0.756;0.495;0.37;10.6;2.2;69.1;2650;8195
"ETH";"Ethiopia";"ETHr102";"Affar";95130;40.7723856855483;11.9879420024323;NA;NA;NA;NA;NA;NA;NA;NA;NA;0.238;0.473;0.295;0.097;2.5;0.8;50.7;710;765;0.39;0.599;0.408;0.244;6.9;1.6;58.9;1490;794;0.437;0.616;0.485;0.279;8.3;1.5;60;2470;1004
"ETH";"Ethiopia";"ETHr103";"Amhara";153220;38.0746144375245;11.5658973284365;NA;NA;NA;NA;NA;NA;NA;NA;NA;0.277;0.475;0.287;0.157;4.6;0.9;50.9;670;18219;0.407;0.641;0.381;0.275;8.3;1.4;61.7;1250;23518;0.474;0.694;0.456;0.336;10;1.7;65.1;2050;28029
"ETH";"Ethiopia";"ETHr104";"Oromiya";325704;38.7872771377624;7.50723040487874;NA;NA;NA;NA;NA;NA;NA;NA;NA;0.303;0.488;0.299;0.191;5;1.6;51.7;720;26660;0.414;0.637;0.387;0.288;7.8;2.1;61.4;1300;36408;0.476;0.709;0.468;0.326;9.1;2.2;66.1;2210;48216
"ETH";"Ethiopia";"ETHr105";"Somali";313050;43.3439466579995;6.91605363903701;NA;NA;NA;NA;NA;NA;NA;NA;NA;0.227;0.514;0.293;0.078;1.9;0.8;53.4;700;1790;0.396;0.616;0.398;0.253;7.2;1.6;60;1400;2425;0.442;0.675;0.46;0.279;8.4;1.4;63.9;2100;4215
"ETH";"Ethiopia";"ETHr106";"Ben-Gumz";51930;35.4609157776239;10.525142983372;NA;NA;NA;NA;NA;NA;NA;NA;NA;0.298;0.465;0.289;0.196;5.4;1.3;50.2;680;688;0.403;0.56;0.383;0.307;8.7;1.9;56.4;1260;984;0.484;0.668;0.462;0.368;10.5;2.3;63.4;2130;1257
"ETH";"Ethiopia";"ETHr107";"SNNP";110380;36.8257724218572;6.47298537269654;NA;NA;NA;NA;NA;NA;NA;NA;NA;0.305;0.477;0.297;0.201;5.2;1.7;51;710;15431;0.43;0.628;0.386;0.327;9;2.3;60.8;1290;19661;0.497;0.687;0.457;0.39;11.2;2.4;64.7;2060;26791
"ETH";"Ethiopia";"ETHr108";"Gambela";30971;34.3144027572563;7.70820257498497;NA;NA;NA;NA;NA;NA;NA;NA;NA;0.346;0.453;0.305;0.301;7.8;2.6;49.4;750;186;0.473;0.618;0.425;0.404;9.4;4.2;60.2;1670;324;0.569;0.688;0.508;0.528;13.3;4.7;64.7;2880;323
"ETH";"Ethiopia";"ETHr109";"Harari";191;42.1492052951803;9.27155777781302;NA;NA;NA;NA;NA;NA;NA;NA;NA;0.409;0.503;0.391;0.347;7.2;4.4;52.7;1330;170;0.528;0.669;0.512;0.43;9.6;4.9;63.5;2970;249;0.588;0.723;0.609;0.462;10.9;4.7;67;5640;287
"ETH";"Ethiopia";"ETHr110";"Addis";281;38.7807736395781;8.99685152556577;NA;NA;NA;NA;NA;NA;NA;NA;NA;0.532;0.589;0.489;0.523;9.5;7.8;58.3;2540;2301;0.635;0.762;0.623;0.54;10.7;7.3;69.5;6170;3488;0.717;0.808;0.741;0.615;13;7.6;72.5;13470;4437
"ETH";"Ethiopia";"ETHr111";"Dire Dawa";587;41.9409311732836;9.60926642866287;NA;NA;NA;NA;NA;NA;NA;NA;NA;0.415;0.489;0.417;0.35;7.1;4.6;51.8;1580;298;0.53;0.656;0.525;0.431;10.2;4.4;62.7;3230;381;0.572;0.678;0.607;0.454;11.3;4.2;64.1;5570;626
"GAB";"Gabon";"GABr101";"Estuaire";19608;10.0486710259493;0.283593891866364;0.563;0.589;0.708;0.428;10.8;3.8;58.3;10880;55;0.595;0.601;0.703;0.499;11.3;5.6;59;10510;88;0.658;0.655;0.711;0.611;12.1;8.2;62.6;11100;201;0.716;0.714;0.741;0.694;12.5;10.4;66.4;13510;261
"GAB";"Gabon";"GABr102";"Haut Ogooue";33547;13.7221653599407;-1.3337447536096;0.614;0.713;0.75;0.432;11.1;3.8;66.4;14360;111;0.638;0.71;0.735;0.497;11.5;5.3;66.2;13000;140;0.653;0.688;0.699;0.579;12.1;7.3;64.7;10230;169;0.668;0.696;0.676;0.633;12.9;8.3;65.3;8760;220
"GAB";"Gabon";"GABr103";"Moyen Ogooue";16987;10.6020315019431;-0.437101027289471;0.585;0.647;0.71;0.437;11;3.9;62.1;11020;48;0.609;0.665;0.693;0.491;11.4;5.3;63.2;9820;58;0.628;0.747;0.645;0.514;11.4;6;68.6;7140;60;0.653;0.718;0.655;0.592;11.8;7.9;66.7;7660;78
"GAB";"Gabon";"GABr104";"Ngounie";39542;11.2345781624072;-1.63727290876279;0.542;0.641;0.647;0.384;10.9;2.4;61.7;7270;69;0.563;0.645;0.64;0.432;11.3;3.5;61.9;6900;88;0.593;0.655;0.634;0.502;11.8;5.2;62.6;6650;114;0.625;0.683;0.63;0.569;11.8;7.2;64.4;6460;149
"GAB";"Gabon";"GABr105";"Nyanga";21980;11.1243459065634;-3.0491129000894;0.541;0.61;0.652;0.397;11;2.7;59.6;7510;39;0.565;0.625;0.643;0.448;11.5;3.9;60.6;7080;47;0.61;0.693;0.634;0.517;12.1;5.4;65.1;6640;50;0.633;0.686;0.625;0.59;12.8;7;64.6;6260;65
"GAB";"Gabon";"GABr106";"Ogooue Ivindo";44036;12.8531431878189;0.471998030710428;0.549;0.633;0.642;0.407;10.7;3.3;61.2;6990;52;0.567;0.628;0.63;0.461;11.1;4.6;60.8;6460;63;0.569;0.598;0.604;0.51;11.6;5.7;58.9;5460;66;0.595;0.616;0.601;0.568;11.9;7.2;60;5330;86
"GAB";"Gabon";"GABr107";"Ogooue Lolo";28009;12.6517025708246;-0.836139268257365;0.561;0.693;0.679;0.374;10.6;2.4;65.1;8970;40;0.581;0.696;0.666;0.422;11;3.5;65.2;8230;51;0.605;0.703;0.638;0.493;11.7;5;65.7;6810;67;0.628;0.673;0.639;0.575;12;7.2;63.8;6870;87
"GAB";"Gabon";"GABr108";"Ogooue Maritime";23942;9.69767933682111;-1.62183603154774;0.581;0.672;0.704;0.415;10.3;3.8;63.6;10600;16;0.605;0.678;0.695;0.469;10.7;5.1;64.1;9950;20;0.622;0.704;0.683;0.501;11.1;5.8;65.8;9200;22;0.703;0.731;0.731;0.652;12.2;9.4;67.5;12630;28
"GAB";"Gabon";"GABr109";"Woleu Ntem";37863;11.953160869341;1.39696134616989;0.537;0.528;0.669;0.438;11.3;3.7;54.3;8370;84;0.565;0.552;0.659;0.496;11.6;5.2;55.9;7860;101;0.615;0.662;0.646;0.545;11.6;6.6;63;7210;103;0.651;0.646;0.67;0.638;12.6;8.6;62;8470;134
"GHA";"Ghana";"GHAr101";"Western";24382;-2.42293858765271;5.72477584788282;0.46;0.558;0.462;0.378;6.1;6.2;56.3;2130;1993;0.519;0.594;0.494;0.476;7.6;7.9;58.6;2640;1995;0.599;0.69;0.551;0.565;11.3;7.5;64.8;3850;2588;0.611;0.701;0.601;0.54;11.2;6.9;65.5;5360;3321
"GHA";"Ghana";"GHAr102";"Central";9772;-1.22333699047048;5.5625245699519;0.437;0.509;0.468;0.351;6;5.5;53.1;2210;1788;0.497;0.613;0.48;0.417;7.3;6.4;59.9;2390;1804;0.564;0.639;0.549;0.511;9.8;7.2;61.5;3790;2641;0.612;0.681;0.594;0.566;12.5;6.6;64.3;5120;3240
"GHA";"Ghana";"GHAr103";"Greater Accra";3756;0.0466991428509981;5.80046586945987;0.573;0.65;0.585;0.495;7;9;62.2;4800;2328;0.627;0.667;0.617;0.599;8.4;11;63.3;5950;2792;0.663;0.695;0.641;0.653;11.2;10.3;65.2;6960;4611;0.67;0.732;0.652;0.631;12.3;8.7;67.6;7510;3650
"GHA";"Ghana";"GHAr104";"Volta";21133;0.378105013236188;7.29471477058287;0.446;0.579;0.432;0.355;6;5.6;57.6;1740;1949;0.504;0.597;0.461;0.466;8;7.3;58.8;2110;2014;0.575;0.662;0.516;0.556;12;6.7;63;3040;2274;0.603;0.702;0.577;0.542;12.1;6.2;65.6;4550;2750
"GHA";"Ghana";"GHAr105";"Eastern";19519;-0.44738828033261;6.43360201673667;0.482;0.595;0.466;0.404;6.4;6.7;58.7;2190;2083;0.522;0.623;0.488;0.468;7.3;7.9;60.5;2530;2309;0.589;0.659;0.547;0.566;11.1;7.8;62.8;3750;2900;0.622;0.686;0.596;0.588;12.7;7.1;64.6;5160;4028
"GHA";"Ghana";"GHAr106";"Ashanti";24565;-1.46609676282035;6.7841303243031;0.484;0.616;0.485;0.38;6.1;6.3;60;2470;2433;0.527;0.597;0.516;0.475;7.4;8.1;58.8;3040;3832;0.597;0.652;0.58;0.563;10.8;7.9;62.4;4650;4910;0.618;0.654;0.617;0.586;12.5;7.2;62.5;5930;7805
"GHA";"Ghana";"GHAr107";"Brong Ahafo";40121;-1.68262384616346;7.70552241257394;0.422;0.528;0.446;0.318;5.4;5;54.3;1920;1323;0.5;0.615;0.476;0.426;7.4;6.6;60;2340;2048;0.557;0.632;0.535;0.511;11.3;5.9;61.1;3440;2413;0.591;0.715;0.581;0.496;10.9;5.8;66.5;4680;3131
"GHA";"Ghana";"GHAr108";"Northern";68435;-0.959431672625032;9.35845865853349;0.309;0.475;0.439;0.141;3.4;1.4;50.9;1830;937;0.366;0.523;0.462;0.203;4.9;2;54;2130;2028;0.476;0.582;0.511;0.363;10;2.5;57.9;2950;2536;0.496;0.625;0.562;0.348;8.6;3.3;60.6;4120;3586
"GHA";"Ghana";"GHAr109";"Upper West";20441;-2.18620152126804;10.4090211928243;0.325;0.491;0.43;0.162;4;1.5;51.9;1730;474;0.362;0.483;0.446;0.22;5.5;2;51.4;1910;622;0.49;0.579;0.494;0.411;11.5;2.8;57.6;2630;789;0.536;0.636;0.548;0.442;11.8;3.4;61.4;3760;844
"GHA";"Ghana";"GHAr110";"Upper East";8356;-0.769421918651531;10.7811411224583;0.34;0.493;0.438;0.182;4.1;2;52.1;1820;934;0.387;0.627;0.456;0.202;5.1;1.8;60.8;2050;1315;0.49;0.617;0.477;0.4;11.5;2.5;60.1;2350;1196;0.565;0.683;0.566;0.465;11.7;4.2;64.4;4250;1121
"GIN";"Guinea";"GINr101";"Boke";33082;-13.7536375930858;11.3723432422652;0.258;0.453;0.375;0.101;2.6;0.9;49.4;1200;791;0.336;0.53;0.412;0.174;5.1;1;54.5;1530;993;0.442;0.625;0.444;0.31;9.2;1.7;60.6;1890;1181;0.446;0.574;0.469;0.329;9.4;2.1;57.3;2230;1446
"GIN";"Guinea";"GINr102";"Conakry";321;-13.5976911697669;9.58542714538627;0.439;0.564;0.564;0.265;4.7;4.1;56.6;4180;981;0.544;0.652;0.607;0.406;9.3;4.5;62.4;5540;1232;0.609;0.692;0.622;0.526;13.5;4.5;65;6130;1951;0.66;0.725;0.638;0.621;15.1;6.1;67.1;6810;2149
"GIN";"Guinea";"GINr103";"Faranah";38394;-10.6525656914847;10.4599302692978;0.267;0.439;0.363;0.12;3;1.1;48.5;1110;552;0.348;0.515;0.399;0.205;6;1.2;53.4;1400;693;0.351;0.534;0.389;0.208;6.4;0.9;54.7;1310;991;0.409;0.574;0.435;0.274;8.1;1.5;57.3;1780;1334
"GIN";"Guinea";"GINr104";"Kankan";70672;-9.31283041922189;10.5625828606629;0.229;0.421;0.377;0.076;1.9;0.7;47.4;1210;879;0.298;0.495;0.413;0.13;3.8;0.8;52.2;1540;1104;0.322;0.502;0.419;0.158;4.9;0.7;52.6;1600;1541;0.396;0.557;0.474;0.235;6.6;1.5;56.2;2310;1964
"GIN";"Guinea";"GINr105";"Kindia";27678;-13.1091775152554;10.2319054933173;0.252;0.419;0.384;0.1;2.8;0.7;47.2;1270;928;0.333;0.493;0.421;0.178;5.5;0.8;52;1620;1166;0.402;0.573;0.43;0.264;8;1.3;57.2;1720;1578;0.464;0.572;0.473;0.369;11;1.9;57.2;2290;2044
"GIN";"Guinea";"GINr106";"Labe";22680;-12.0076993374333;11.7565484447996;0.239;0.455;0.365;0.083;2.3;0.5;49.6;1120;714;0.316;0.532;0.401;0.148;4.6;0.6;54.6;1420;897;0.357;0.564;0.389;0.208;6.6;0.7;56.7;1310;957;0.404;0.598;0.423;0.261;8.3;0.9;58.8;1640;1374
"GIN";"Guinea";"GINr107";"Mamou";16602;-12.0643834521989;10.6423247491727;0.237;0.429;0.367;0.085;2.6;0.4;47.9;1130;482;0.317;0.504;0.403;0.157;5.1;0.4;52.7;1440;605;0.37;0.582;0.399;0.218;7.1;0.6;57.8;1400;754;0.437;0.634;0.452;0.291;9.4;0.9;61.2;2000;1174
"GIN";"Guinea";"GINr108";"N Zerekore";36691;-8.8378458782906;8.43520043084933;0.272;0.415;0.365;0.133;3.1;1.4;46.9;1120;1504;0.351;0.488;0.4;0.222;6.1;1.6;51.7;1420;1888;0.413;0.613;0.396;0.29;8.7;1.5;59.8;1380;1835;0.456;0.628;0.423;0.356;10.4;2;60.8;1650;2373
"GMB";"Gambia";"GMBr101";"Banjul";5;-16.5936461608096;13.4502332178137;0.457;0.63;0.555;0.273;5.7;3.5;61;3950;205;0.514;0.663;0.549;0.374;8;4.5;63.1;3780;192;0.545;0.661;0.551;0.444;9.3;5.6;63;3840;43;0.54;0.661;0.508;0.469;9.9;5.8;63;2890;35
"GMB";"Gambia";"GMBr102";"Kanifing";33;-16.6483350227442;13.4455944509701;0.424;0.571;0.521;0.256;5.5;3.1;57.1;3140;143;0.492;0.64;0.519;0.358;7.9;4.2;61.6;3100;266;0.535;0.677;0.525;0.43;9.1;5.3;64;3230;415;0.548;0.665;0.512;0.482;9.7;6.4;63.2;2970;539
"GMB";"Gambia";"GMBr103";"Brikama";2151;-16.3786700538486;13.2233910668051;0.347;0.542;0.419;0.184;4.9;1.4;55.2;1600;129;0.415;0.614;0.419;0.277;7.4;2.2;59.9;1610;251;0.489;0.656;0.456;0.391;8.9;4.3;62.7;2040;688;0.524;0.668;0.474;0.453;9.8;5.4;63.4;2310;1072
"GMB";"Gambia";"GMBr104";"Mansakonko";1133;-15.7456605865354;13.3828707534276;0.298;0.51;0.396;0.131;4;0.6;53.2;1380;133;0.371;0.561;0.386;0.236;6.7;1.5;56.5;1290;149;0.428;0.64;0.378;0.324;8.7;2.5;61.6;1220;112;0.438;0.622;0.393;0.344;8.8;3;60.4;1340;114
"GMB";"Gambia";"GMBr105";"Kerewan";2398;-16.0121577886334;13.5163983683624;0.287;0.527;0.4;0.113;3.1;0.8;54.3;1410;126;0.336;0.588;0.391;0.165;4.6;1.1;58.2;1330;171;0.4;0.666;0.386;0.25;6.8;1.8;63.3;1290;241;0.445;0.657;0.412;0.325;8.3;2.8;62.7;1530;293
"GMB";"Gambia";"GMBr106";"Kuntaur";2540;-14.8904959191701;13.5731315126583;0.267;0.457;0.375;0.111;3.4;0.4;49.7;1190;143;0.302;0.509;0.369;0.147;4.6;0.6;53.1;1150;159;0.324;0.622;0.348;0.157;4.6;0.9;60.4;1000;129;0.337;0.623;0.346;0.178;4.9;1.3;60.5;990;124
"GMB";"Gambia";"GMBr107";"Janjabureh";7;-14.76605603532;13.5342478654184;0.268;0.491;0.382;0.102;2.5;1;51.9;1260;128;0.343;0.543;0.373;0.2;4.6;2.1;55.3;1180;157;0.4;0.688;0.373;0.25;6.4;2.2;64.7;1180;164;0.385;0.647;0.352;0.251;6.7;2;62.1;1030;188
"GMB";"Gambia";"GMBr108";"Basse";1465;-14.1796589370539;13.4225523252243;0.286;0.442;0.416;0.126;3.8;0.6;48.8;1570;120;0.325;0.5;0.41;0.168;5;0.9;52.5;1510;176;0.343;0.585;0.389;0.177;5.2;1;58;1310;268;0.421;0.671;0.404;0.275;7.7;1.8;63.6;1450;341
"GNB";"Guinea Bissau";"GNBr101";"Tombali";3409;-14.962754281018;11.34808569153;NA;NA;NA;NA;NA;NA;NA;NA;NA;NA;NA;NA;NA;NA;NA;NA;NA;NA;0.409;0.6;0.391;0.291;8.2;1.9;59;1330;105;0.467;0.634;0.394;0.408;11.6;2.6;61.2;1360;100
"GNB";"Guinea Bissau";"GNBr102";"Quinara";2983;-15.1754109298094;11.6491242069713;NA;NA;NA;NA;NA;NA;NA;NA;NA;NA;NA;NA;NA;NA;NA;NA;NA;NA;0.428;0.619;0.39;0.325;9.5;1.9;60.2;1320;60;0.471;0.578;0.397;0.455;12.6;3.1;57.6;1390;103
"GNB";"Guinea Bissau";"GNBr103";"Oio";4773;-15.2724637530781;12.2548107970022;NA;NA;NA;NA;NA;NA;NA;NA;NA;NA;NA;NA;NA;NA;NA;NA;NA;NA;0.415;0.657;0.382;0.286;8.2;1.7;62.7;1250;278;0.433;0.651;0.4;0.312;8.9;2;62.3;1420;293
"GNB";"Guinea Bissau";"GNBr104";"Biombo";267;-15.6935154487554;11.9341011965385;NA;NA;NA;NA;NA;NA;NA;NA;NA;NA;NA;NA;NA;NA;NA;NA;NA;NA;0.446;0.636;0.379;0.369;10.1;2.7;61.3;1230;118;0.481;0.546;0.41;0.497;13;4.1;55.5;1500;166
"GNB";"Guinea Bissau";"GNBr105";"Bolama";165;-16.1448606255506;11.1044987096657;NA;NA;NA;NA;NA;NA;NA;NA;NA;NA;NA;NA;NA;NA;NA;NA;NA;NA;0.44;0.574;0.371;0.401;11.2;2.7;57.3;1170;40;0.473;0.612;0.367;0.471;12.6;3.6;59.8;1130;37
"GNB";"Guinea Bissau";"GNBr106";"Bafata";5459;-14.7342648932958;12.1957490235005;NA;NA;NA;NA;NA;NA;NA;NA;NA;NA;NA;NA;NA;NA;NA;NA;NA;NA;0.366;0.512;0.4;0.238;6.9;1.4;53.3;1410;186;0.463;0.701;0.43;0.329;9.6;1.8;65.5;1730;386
"GNB";"Guinea Bissau";"GNBr107";"Gabu";10147;-14.122346518921;12.1425089143017;NA;NA;NA;NA;NA;NA;NA;NA;NA;NA;NA;NA;NA;NA;NA;NA;NA;NA;0.342;0.513;0.401;0.194;5.6;1.2;53.3;1420;194;0.388;0.516;0.42;0.269;7.7;1.7;53.5;1620;335
"GNB";"Guinea Bissau";"GNBr108";"Cacheu";5020;-16.0241295580041;12.2264084452536;NA;NA;NA;NA;NA;NA;NA;NA;NA;NA;NA;NA;NA;NA;NA;NA;NA;NA;0.448;0.59;0.4;0.381;10.7;2.5;58.4;1410;187;0.503;0.675;0.404;0.467;12.8;3.4;63.9;1450;229
"GNB";"Guinea Bissau";"GNBr109";"Bissau";60;-15.6092690484411;11.873912209942;NA;NA;NA;NA;NA;NA;NA;NA;NA;NA;NA;NA;NA;NA;NA;NA;NA;NA;0.556;0.604;0.517;0.55;12.4;6.2;59.2;3060;486;0.578;0.612;0.547;0.578;11.5;7.7;59.8;3740;455
"GNQ";"Equatorial Guinea";"GNQr101";"Annobon, Bioko";1671;8.69067228355474;3.48338480588181;NA;NA;NA;NA;NA;NA;NA;NA;NA;0.65;0.523;0.862;0.61;10.1;9.9;54;30050;160;0.756;0.597;0.919;0.786;14.6;11.4;58.8;43930;253;0.782;0.633;0.826;0.915;18;12.5;61.1;23680;356
"GNQ";"Equatorial Guinea";"GNQr102";"Centro Sur";8439;10.3707140590122;1.49561598266157;NA;NA;NA;NA;NA;NA;NA;NA;NA;0.461;0.533;0.655;0.281;4.6;4.6;54.7;7650;103;0.537;0.608;0.705;0.362;6.7;5.2;59.5;10640;163;0.555;0.644;0.624;0.424;8.4;5.7;61.9;6230;229
"GNQ";"Equatorial Guinea";"GNQr103";"Kie Ntem";2872;10.936816397852;2.03522009107622;NA;NA;NA;NA;NA;NA;NA;NA;NA;0.482;0.516;0.65;0.334;5.5;5.4;53.6;7410;149;0.562;0.589;0.7;0.431;8;6.2;58.3;10300;236;0.581;0.625;0.619;0.506;10;6.8;60.6;6030;331
"GNQ";"Equatorial Guinea";"GNQr104";"Litoral";6921;9.82563615186096;1.52705593272075;NA;NA;NA;NA;NA;NA;NA;NA;NA;0.574;0.56;0.754;0.449;7.4;7.3;56.4;14740;239;0.667;0.637;0.808;0.578;10.8;8.4;61.4;20990;378;0.691;0.674;0.721;0.678;13.4;9.2;63.8;11800;531
"GNQ";"Equatorial Guinea";"GNQr105";"Wele Nzas";7124;10.985075770266;1.51205057658553;NA;NA;NA;NA;NA;NA;NA;NA;NA;0.442;0.486;0.654;0.272;4.5;4.4;51.6;7570;103;0.516;0.556;0.703;0.351;6.5;5.1;56.1;10520;162;0.533;0.59;0.622;0.412;8.2;5.6;58.4;6160;228
"KEN";"Kenya";"KENr101";"Nairobi";368;36.8932945439241;-1.31604343833088;0.569;0.595;0.697;0.445;7.1;7.5;58.7;10090;1212;0.593;0.579;0.689;0.523;8;9;57.6;9540;2455;0.635;0.624;0.679;0.604;10.6;9.3;60.5;8950;3595;0.663;0.646;0.678;0.666;11.5;10.4;62;8900;4906
"KEN";"Kenya";"KENr102";"Central";12515;36.867723901605;-0.596636125901386;0.518;0.685;0.535;0.38;8.2;4.6;64.5;3460;3467;0.545;0.662;0.54;0.451;8.6;6.4;63.1;3580;4354;0.593;0.677;0.571;0.539;11.1;6.9;64;4390;4842;0.627;0.644;0.634;0.603;11.7;8.3;61.9;6630;6171
"KEN";"Kenya";"KENr103";"Coast";84857;39.3176708420498;-2.48805325202619;0.449;0.544;0.561;0.295;6.6;3.3;55.4;4110;2337;0.467;0.538;0.535;0.354;7.1;4.7;55;3450;2610;0.546;0.628;0.554;0.467;10.1;5.6;60.8;3920;4028;0.582;0.653;0.574;0.525;11.1;6.5;62.5;4470;5305
"KEN";"Kenya";"KENr104";"Eastern";159339;37.8991208650617;1.13956754097751;0.478;0.629;0.509;0.342;7.9;3.7;60.9;2910;4792;0.497;0.591;0.513;0.405;8.5;5.1;58.4;2980;5477;0.554;0.673;0.511;0.494;11.1;5.6;63.7;2950;6767;0.595;0.669;0.565;0.557;11.5;7.1;63.5;4210;7935
"KEN";"Kenya";"KENr105";"Nyanza";16073;34.4763951810479;-0.483376203284121;0.421;0.439;0.48;0.355;8.5;3.5;48.5;2400;3742;0.445;0.423;0.483;0.431;9;5.4;47.5;2440;5333;0.526;0.56;0.497;0.524;11.1;6.5;56.4;2680;6477;0.576;0.62;0.539;0.571;11.7;7.3;60.3;3550;7572
"KEN";"Kenya";"KENr106";"Rift Valley";180082;35.9224045828615;1.06967158222433;0.491;0.641;0.516;0.357;8.2;3.9;61.7;3050;5512;0.492;0.605;0.502;0.391;7.9;5.2;59.3;2780;7920;0.555;0.667;0.515;0.497;10.7;6;63.4;3030;11619;0.593;0.654;0.567;0.561;11.2;7.5;62.5;4280;14238
"KEN";"Kenya";"KENr107";"Western";7181;34.5003083682895;0.485977955467388;0.47;0.543;0.505;0.379;8.3;4.5;55.3;2840;3594;0.468;0.495;0.485;0.428;8.9;5.4;52.2;2470;3875;0.528;0.599;0.479;0.514;11.4;5.9;59;2380;5144;0.582;0.63;0.543;0.576;11.9;7.4;61;3630;6330
"KEN";"Kenya";"KENr108";"North Eastern";127328;40.2293161149869;1.32932802915714;0.296;0.474;0.412;0.133;4.2;0.5;50.8;1530;919;0.294;0.464;0.429;0.128;3.9;0.6;50.2;1710;945;0.421;0.653;0.446;0.256;7.7;1.3;62.5;1920;1254;0.468;0.658;0.519;0.299;7.7;2.6;62.7;3120;1569
"LBR";"Liberia";"LBRr101";"Bomi";2304;-10.8059024742792;6.71481241678389;NA;NA;NA;NA;NA;NA;NA;NA;NA;0.412;0.48;0.376;0.388;10.9;2.6;51.2;1210;88;0.432;0.57;0.358;0.395;10.5;3.1;57.1;1070;125;0.467;0.66;0.359;0.429;10.8;3.9;62.9;1080;153
"LBR";"Liberia";"LBRr102";"Bong";8931;-9.66397429998844;6.93334799455013;NA;NA;NA;NA;NA;NA;NA;NA;NA;0.371;0.511;0.361;0.277;7.6;2;53.2;1090;330;0.389;0.604;0.343;0.283;7.3;2.4;59.3;970;467;0.45;0.669;0.347;0.393;9.8;3.7;63.5;990;571
"LBR";"Liberia";"LBRr103";"Gbarpolu";8869;-10.3270488792101;7.40337637740389;NA;NA;NA;NA;NA;NA;NA;NA;NA;0.393;0.5;0.358;0.339;9.4;2.3;52.5;1070;66;0.411;0.592;0.34;0.345;9.1;2.8;58.5;950;94;0.394;0.595;0.322;0.319;8.2;2.8;58.7;840;115
"LBR";"Liberia";"LBRr104";"Grand Bassa";7955;-9.81496525878625;6.21480460685332;NA;NA;NA;NA;NA;NA;NA;NA;NA;0.383;0.5;0.368;0.304;8.3;2.2;52.5;1140;163;0.401;0.592;0.35;0.31;8;2.6;58.5;1010;231;0.42;0.587;0.35;0.36;8.9;3.3;58.2;1010;282
"LBR";"Liberia";"LBRr105";"Grand Cape Mount";4481;-11.0398199333042;7.08715871050886;NA;NA;NA;NA;NA;NA;NA;NA;NA;0.375;0.474;0.372;0.299;8.5;1.9;50.8;1170;144;0.392;0.563;0.354;0.303;8.2;2.2;56.6;1040;204;0.402;0.543;0.347;0.344;9;2.8;55.3;1000;249
"LBR";"Liberia";"LBRr106";"Grand Gedeh";11350;-8.23791663392827;5.95376893709;NA;NA;NA;NA;NA;NA;NA;NA;NA;0.422;0.508;0.378;0.391;10.3;3.2;53;1220;66;0.443;0.601;0.36;0.402;10;3.8;59.1;1080;93;0.472;0.631;0.368;0.451;10.4;4.9;61;1150;114
"LBR";"Liberia";"LBRr107";"Grand Kru";3287;-8.20405991196;4.79105746998344;NA;NA;NA;NA;NA;NA;NA;NA;NA;0.402;0.466;0.354;0.395;10.4;3.2;50.3;1040;83;0.423;0.554;0.336;0.405;10.1;3.8;56;930;118;0.444;0.614;0.329;0.432;10.2;4.5;59.9;880;144
"LBR";"Liberia";"LBRr108";"Lofa";10555;-9.88206741932574;7.97718547601404;NA;NA;NA;NA;NA;NA;NA;NA;NA;0.408;0.541;0.371;0.337;9.7;2.1;55.2;1170;165;0.425;0.638;0.353;0.341;9.3;2.5;61.5;1030;233;0.428;0.647;0.349;0.347;8.9;3;62;1010;285
"LBR";"Liberia";"LBRr109";"Margibi";2598;-10.2807582913199;6.48455016450303;NA;NA;NA;NA;NA;NA;NA;NA;NA;0.448;0.535;0.42;0.399;10.2;3.5;54.8;1620;239;0.471;0.631;0.402;0.411;9.9;4.1;61;1430;339;0.47;0.609;0.381;0.447;10.2;4.9;59.6;1250;415
"LBR";"Liberia";"LBRr110";"Maryland";2078;-7.74405120735759;4.67326856583148;NA;NA;NA;NA;NA;NA;NA;NA;NA;0.437;0.496;0.394;0.426;10.8;3.8;52.2;1360;95;0.459;0.587;0.376;0.44;10.4;4.5;58.2;1200;134;0.477;0.625;0.373;0.464;10.8;4.9;60.6;1180;164
"LBR";"Liberia";"LBRr111";"Montserrado";1609;-10.5631183697477;6.54762597694603;NA;NA;NA;NA;NA;NA;NA;NA;NA;0.506;0.522;0.489;0.507;11.6;5.6;53.9;2550;1045;0.536;0.617;0.469;0.532;11.2;6.6;60.1;2230;1479;0.554;0.639;0.456;0.584;11.5;7.9;61.5;2040;1810
"LBR";"Liberia";"LBRr112";"Nimba";11715;-8.77575132920804;6.85553200413838;NA;NA;NA;NA;NA;NA;NA;NA;NA;0.448;0.584;0.393;0.393;10.2;3.3;58;1340;407;0.47;0.686;0.374;0.404;9.9;3.9;64.6;1190;577;0.471;0.665;0.359;0.436;10.4;4.4;63.2;1080;706
"LBR";"Liberia";"LBRr113";"River Cess";5204;-9.37893927289025;5.84146232500898;NA;NA;NA;NA;NA;NA;NA;NA;NA;0.389;0.538;0.341;0.32;8.9;2.2;55;960;51;0.406;0.634;0.323;0.326;8.6;2.6;61.2;850;72;0.434;0.645;0.328;0.385;9.9;3.3;62;880;89
"LBR";"Liberia";"LBRr114";"River Gee";6520;-7.89422628051492;5.264187300182;NA;NA;NA;NA;NA;NA;NA;NA;NA;0.392;0.473;0.371;0.344;8.6;3.2;50.8;1170;40;0.413;0.562;0.353;0.356;8.3;3.8;56.6;1030;57;0.478;0.642;0.364;0.467;11.1;4.7;61.7;1110;69
"LBR";"Liberia";"LBRr115";"Sinoe";8853;-8.80243889378134;5.35005795370143;NA;NA;NA;NA;NA;NA;NA;NA;NA;0.409;0.515;0.352;0.377;10;3;53.5;1030;78;0.428;0.608;0.334;0.386;9.7;3.5;59.5;920;110;0.441;0.557;0.352;0.436;10.3;4.5;56.2;1030;135
"LBY";"Libya";"LBYr101";"Cyrenaica";759873;22.1456703555767;26.3034016406323;0.725;0.773;0.838;0.589;16.3;4.1;70.2;25720;1290;0.74;0.785;0.815;0.634;15.8;5.8;71;22040;1569;0.767;0.804;0.851;0.66;14.6;7.7;72.2;27880;1704;0.736;0.802;0.781;0.636;13.7;7.6;72.2;17650;1978
"LBY";"Libya";"LBYr102";"Tripolitania";283873;13.7191460731271;30.5502602860995;0.74;0.773;0.869;0.603;16.7;4.2;70.2;31440;2819;0.755;0.785;0.845;0.649;16.2;6;71;26860;3429;0.782;0.804;0.881;0.676;14.9;7.9;72.2;34140;3723;0.751;0.802;0.811;0.651;14.1;7.8;72.2;21420;4321
"LBY";"Libya";"LBYr103";"Fezzan";575910;14.8053096592028;26.1068695760301;0.733;0.773;0.832;0.614;17;4.3;70.2;24650;335;0.749;0.785;0.809;0.661;16.5;6.1;71;21140;407;0.776;0.804;0.844;0.689;15.2;8;72.2;26710;442;0.744;0.802;0.775;0.663;14.3;8;72.2;16950;514
"LSO";"Lesotho";"LSOr101";"Butha-Buthe";1720;28.5680198482366;-28.79693127516;0.485;0.598;0.459;0.415;9.8;4.3;58.8;2090;119;0.457;0.397;0.492;0.487;11;5.4;45.8;2600;128;0.496;0.469;0.498;0.524;11.7;6;50.5;2710;118;0.527;0.589;0.462;0.537;11;6.9;58.3;2140;134
"LSO";"Lesotho";"LSOr102";"Leribe";2730;28.2394926948345;-29.0034882544288;0.476;0.562;0.47;0.409;9.4;4.4;56.5;2250;254;0.447;0.369;0.504;0.481;10.6;5.6;44;2810;273;0.486;0.413;0.513;0.541;11.8;6.4;46.8;2990;331;0.522;0.485;0.504;0.581;11.4;7.9;51.5;2810;346
"LSO";"Lesotho";"LSOr103";"Berea";1473;27.9104465808864;-29.2117560717124;0.476;0.608;0.457;0.387;9.2;4;59.5;2060;207;0.449;0.406;0.491;0.454;10.3;5;46.4;2570;223;0.523;0.449;0.546;0.583;12.4;7.2;49.2;3720;259;0.549;0.552;0.515;0.581;11.2;8.1;55.9;3020;298
"LSO";"Lesotho";"LSOr104";"Maseru";3774;27.8326853362795;-29.5402745109611;0.525;0.635;0.52;0.438;9.3;5.4;61.3;3130;451;0.497;0.426;0.555;0.518;10.5;6.8;47.7;3950;484;0.518;0.423;0.553;0.595;12.7;7.3;47.5;3900;474;0.557;0.512;0.544;0.62;11.7;8.9;53.3;3660;640
"LSO";"Lesotho";"LSOr105";"Mafeteng";1879;27.5703328448164;-29.7765374191939;0.49;0.662;0.468;0.379;8.8;4.1;63;2210;206;0.464;0.447;0.501;0.446;9.9;5.2;49.1;2760;222;0.482;0.417;0.512;0.524;11.6;6;47.1;2970;189;0.502;0.484;0.489;0.535;10.8;7.1;51.5;2550;227
"LSO";"Lesotho";"LSOr106";"Mohale s Hoek";4183;27.7305552223472;-30.0758904307643;0.449;0.547;0.451;0.367;8.6;3.8;55.6;1980;186;0.421;0.358;0.484;0.431;9.7;4.9;43.3;2460;200;0.453;0.396;0.483;0.486;11.2;5.2;45.7;2440;202;0.511;0.556;0.462;0.519;11;6.4;56.1;2120;182
"LSO";"Lesotho";"LSOr107";"Quthing";2541;28.0344179158663;-30.3556737967543;0.444;0.577;0.423;0.358;8.7;3.5;57.5;1650;126;0.418;0.382;0.455;0.419;9.8;4.4;44.8;2040;136;0.465;0.425;0.481;0.491;11.7;5;47.6;2420;121;0.468;0.449;0.457;0.5;10.8;6;49.2;2050;116
"LSO";"Lesotho";"LSOr108";"Qasha s Nek";2277;28.7043889044057;-29.9374719251245;0.432;0.573;0.408;0.344;8.1;3.6;57.3;1490;73;0.406;0.378;0.44;0.403;9.1;4.5;44.6;1840;79;0.472;0.435;0.473;0.509;11.9;5.4;48.3;2300;73;0.486;0.477;0.464;0.52;10.7;6.7;51;2160;90
"LSO";"Lesotho";"LSOr109";"Mokhotlong";3809;29.0046257520331;-29.1869889699635;0.431;0.609;0.393;0.335;8.1;3.3;59.6;1350;103;0.407;0.406;0.424;0.391;9.1;4.1;46.4;1660;110;0.443;0.441;0.436;0.451;10.6;4.8;48.7;1800;119;0.454;0.482;0.422;0.46;9.7;5.7;51.3;1640;120
"LSO";"Lesotho";"LSOr110";"Thaba-Tseka";5024;28.619293669544;-29.5479505580116;0.404;0.525;0.387;0.324;8;3;54.1;1300;133;0.378;0.341;0.419;0.378;9;3.9;42.1;1600;142;0.439;0.453;0.431;0.434;10.2;4.5;49.4;1730;169;0.443;0.487;0.409;0.437;9.6;5.1;51.7;1500;154
"MAR";"Morocco";"MARr101";"North west";30680;-5.89522023199975;34.5356425233794;0.477;0.645;0.584;0.288;6.7;3;61.9;4790;5217;0.562;0.732;0.609;0.398;9.5;4;67.6;5650;6446;0.643;0.798;0.65;0.514;11.8;5.6;71.8;7400;7830;0.717;0.848;0.667;0.652;14.8;7.2;75.2;8300;8892
"MAR";"Morocco";"MARr102";"Centre north";41638;-4.18031673565513;33.9809231607144;0.419;0.646;0.517;0.221;5.9;1.7;62;3060;3411;0.521;0.722;0.569;0.344;8.9;2.9;66.9;4330;3576;0.624;0.786;0.632;0.488;11.1;5.4;71.1;6560;3965;0.699;0.836;0.653;0.625;13.9;7.2;74.3;7560;4438
"MAR";"Morocco";"MARr103";"Centre";32929;-6.85503619886259;32.6422309525796;0.491;0.717;0.577;0.286;7;2.8;66.6;4550;7366;0.59;0.752;0.625;0.436;10.3;4.5;68.9;6280;6838;0.66;0.813;0.656;0.54;12.8;5.5;72.9;7690;6633;0.734;0.865;0.671;0.681;16.1;7;76.2;8470;7235
"MAR";"Morocco";"MARr104";"Eastern";59760;-2.56281650428407;33.441946882951;0.492;0.689;0.61;0.283;7.7;2.1;64.8;5680;1627;0.556;0.737;0.62;0.376;9.3;3.5;67.9;6060;1957;0.597;0.799;0.632;0.422;11.4;3.1;71.9;6570;2671;0.66;0.85;0.644;0.526;14.3;3.8;75.2;7090;3094
"MAR";"Morocco";"MARr105";"Centre south";60698;-4.80685518145333;32.0162814074943;0.502;0.692;0.575;0.317;8.4;2.5;65;4500;2039;0.545;0.719;0.587;0.384;9.9;3.3;66.7;4870;2216;0.611;0.778;0.635;0.461;12.1;3.7;70.6;6680;2832;0.68;0.828;0.654;0.58;15.2;4.7;73.8;7580;3251
"MAR";"Morocco";"MARr106";"Tensift";47325;-8.43944428050189;31.8837244853956;0.388;0.666;0.499;0.176;4.9;1.2;63.3;2730;2912;0.49;0.739;0.539;0.295;7.8;2.4;68.1;3540;4755;0.588;0.805;0.63;0.401;9.8;3.9;72.3;6480;3616;0.66;0.856;0.658;0.511;12.2;5.1;75.6;7800;3641
"MAR";"Morocco";"MARr107";"South";409822;-11.5865366022783;26.3915436362441;0.405;0.619;0.546;0.197;5.2;1.6;60.2;3720;2827;0.527;0.704;0.593;0.35;9.6;2.5;65.7;5080;3512;0.61;0.768;0.643;0.46;12.1;3.7;69.9;7040;5816;0.681;0.817;0.661;0.583;15.2;4.8;73.1;7970;6923
"MDG";"Madagascar";"MDGr101";"Analamanga";18059;47.4136972991119;-18.4066768904279;NA;NA;NA;NA;NA;NA;NA;NA;NA;0.537;0.672;0.459;0.502;9.7;7;63.7;2090;2571;0.597;0.744;0.474;0.604;12.3;7.9;68.3;2310;3325;0.586;0.74;0.481;0.565;11.9;7.1;68.1;2420;4076
"MDG";"Madagascar";"MDGr102";"Vakinankaratra";17915;46.8564839245727;-19.716434121357;NA;NA;NA;NA;NA;NA;NA;NA;NA;0.439;0.604;0.382;0.366;8.2;4.2;59.3;1250;1576;0.493;0.679;0.395;0.447;10.3;4.8;64.2;1360;2020;0.487;0.692;0.398;0.42;9.5;4.7;65;1390;2439
"MDG";"Madagascar";"MDGr103";"Itasy";6722;46.8219608684409;-19.0588669699282;NA;NA;NA;NA;NA;NA;NA;NA;NA;0.421;0.605;0.376;0.327;7.3;3.7;59.3;1210;747;0.476;0.686;0.387;0.407;9.4;4.4;64.6;1300;923;0.488;0.74;0.4;0.392;9;4.3;68.1;1420;1041
"MDG";"Madagascar";"MDGr104";"Bongolava";18094;46.1259485678615;-18.5642574338027;NA;NA;NA;NA;NA;NA;NA;NA;NA;0.444;0.69;0.38;0.333;7.4;3.9;64.9;1240;472;0.483;0.726;0.392;0.397;9;4.4;67.2;1340;637;0.459;0.663;0.395;0.37;8.6;4;63.1;1370;835
"MDG";"Madagascar";"MDGr105";"Haute Matsiatra";19971;46.611125367656;-21.45423029202;NA;NA;NA;NA;NA;NA;NA;NA;NA;0.435;0.557;0.379;0.389;9;4.2;56.2;1230;931;0.486;0.643;0.384;0.465;11;4.8;61.8;1270;1243;0.497;0.698;0.396;0.445;10.4;4.7;65.4;1370;1603
"MDG";"Madagascar";"MDGr106";"Anamoroni Mania";17909;46.6833263414982;-20.5032946082311;NA;NA;NA;NA;NA;NA;NA;NA;NA;0.436;0.581;0.368;0.388;8.5;4.5;57.7;1140;647;0.491;0.679;0.375;0.465;10.5;5.2;64.2;1200;822;0.475;0.67;0.379;0.423;9.6;4.7;63.5;1230;978
"MDG";"Madagascar";"MDGr107";"Vatovavy Fitovinany";20322;47.8738588968914;-21.3278086289915;NA;NA;NA;NA;NA;NA;NA;NA;NA;0.356;0.443;0.362;0.28;7;2.6;48.8;1100;894;0.416;0.551;0.369;0.354;8.9;3.2;55.8;1150;1224;0.439;0.597;0.367;0.386;9.3;3.8;58.8;1140;1641
"MDG";"Madagascar";"MDGr108";"Ihorombe";26061;46.1389899471805;-22.4916097053652;NA;NA;NA;NA;NA;NA;NA;NA;NA;0.388;0.549;0.386;0.277;6.7;2.7;55.7;1290;318;0.43;0.623;0.388;0.327;7.9;3.2;60.5;1310;386;0.45;0.751;0.379;0.32;7.5;3.3;68.8;1230;419
"MDG";"Madagascar";"MDGr109";"Atsimo Atsinanana";17153;47.250681713512;-23.2793375925132;NA;NA;NA;NA;NA;NA;NA;NA;NA;0.354;0.525;0.368;0.23;6;1.9;54.1;1140;592;0.396;0.586;0.368;0.287;7.5;2.4;58.1;1140;873;0.41;0.686;0.347;0.289;7.3;2.5;64.6;1000;1294
"MDG";"Madagascar";"MDGr110";"Atsinanana";20563;48.6931675564893;-19.1173246516069;NA;NA;NA;NA;NA;NA;NA;NA;NA;0.486;0.66;0.408;0.427;9.9;4.6;62.9;1480;938;0.532;0.708;0.419;0.506;11.9;5.2;66;1600;1274;0.497;0.69;0.405;0.44;10;4.9;64.8;1460;1689
"MDG";"Madagascar";"MDGr111";"Analanjirofo";21461;49.3703978133323;-16.3583306770683;NA;NA;NA;NA;NA;NA;NA;NA;NA;0.439;0.649;0.367;0.354;9.5;2.7;62.2;1140;975;0.499;0.712;0.393;0.445;11.9;3.5;66.3;1350;1150;0.505;0.677;0.42;0.454;10.7;4.7;64;1610;1178
"MDG";"Madagascar";"MDGr112";"Alaotra Mangoro";28773;48.3338542071272;-17.9472210311498;NA;NA;NA;NA;NA;NA;NA;NA;NA;0.457;0.614;0.396;0.391;8.5;4.7;59.9;1380;940;0.508;0.694;0.405;0.467;10.4;5.3;65.1;1460;1206;0.507;0.717;0.408;0.445;9.7;5.3;66.6;1490;1459
"MDG";"Madagascar";"MDGr113";"Boeny";29491;46.2167685579142;-16.2588327272313;NA;NA;NA;NA;NA;NA;NA;NA;NA;0.453;0.569;0.417;0.392;8.6;4.6;57;1580;592;0.503;0.667;0.42;0.455;10.2;5.1;63.4;1610;758;0.5;0.716;0.416;0.421;9.3;4.9;66.6;1570;915
"MDG";"Madagascar";"MDGr114";"Sofia";51198;48.300582717891;-15.3490030270902;NA;NA;NA;NA;NA;NA;NA;NA;NA;0.455;0.632;0.384;0.389;9.3;3.9;61.1;1270;985;0.509;0.697;0.401;0.471;11.5;4.6;65.3;1420;1318;0.467;0.69;0.384;0.385;9.3;3.8;64.9;1270;1709
"MDG";"Madagascar";"MDGr115";"Betsiboka";29067;47.0096609556458;-17.2006405473779;NA;NA;NA;NA;NA;NA;NA;NA;NA;0.408;0.582;0.379;0.307;6.8;3.5;57.9;1230;243;0.448;0.628;0.39;0.368;8.4;4;60.8;1320;335;0.425;0.666;0.375;0.307;7.1;3.3;63.3;1200;455
"MDG";"Madagascar";"MDGr116";"Melaky";41907;44.8041008719557;-17.6958030911131;NA;NA;NA;NA;NA;NA;NA;NA;NA;0.365;0.635;0.353;0.217;5;2.3;61.3;1040;184;0.418;0.715;0.365;0.281;6.7;2.8;66.5;1120;249;0.431;0.663;0.388;0.311;7.1;3.4;63.1;1300;328
"MDG";"Madagascar";"MDGr117";"Atsimo Andrefana";67296;44.425773110964;-23.0713303842614;NA;NA;NA;NA;NA;NA;NA;NA;NA;0.395;0.612;0.384;0.262;6.1;2.8;59.8;1270;960;0.425;0.673;0.383;0.297;7.1;3;63.7;1260;1461;0.445;0.653;0.391;0.344;8;3.6;62.5;1330;2247
"MDG";"Madagascar";"MDGr118";"Androy";19308;45.4513077422096;-24.8246000253213;NA;NA;NA;NA;NA;NA;NA;NA;NA;0.329;0.608;0.363;0.161;4.9;0.8;59.5;1110;507;0.383;0.66;0.365;0.233;6.9;1.2;62.9;1120;799;0.412;0.731;0.342;0.28;8.2;1.5;67.5;960;1279
"MDG";"Madagascar";"MDGr119";"Anosy";29017;46.233133861984;-23.9711477437478;NA;NA;NA;NA;NA;NA;NA;NA;NA;0.365;0.542;0.38;0.236;5.6;2.4;55.2;1240;526;0.407;0.619;0.38;0.285;7;2.7;60.3;1240;721;0.382;0.678;0.356;0.231;5.8;2.1;64.1;1060;967
"MDG";"Madagascar";"MDGr120";"Menabe";50262;44.8688735485555;-20.2419645204788;NA;NA;NA;NA;NA;NA;NA;NA;NA;0.406;0.582;0.389;0.295;6.9;3.1;57.8;1310;428;0.443;0.637;0.388;0.351;8.3;3.6;61.4;1310;655;0.382;0.68;0.365;0.225;4.6;2.9;64.2;1120;1014
"MDG";"Madagascar";"MDGr121";"Diana";19082;48.9640942988807;-13.3409044289475;NA;NA;NA;NA;NA;NA;NA;NA;NA;0.463;0.654;0.393;0.387;9;4.1;62.5;1340;412;0.533;0.731;0.415;0.5;11.7;5.3;67.5;1570;656;0.553;0.78;0.436;0.497;11.2;5.6;70.7;1790;1063
"MDG";"Madagascar";"MDGr122";"Sava";23355;49.8138937992303;-14.3052181175922;NA;NA;NA;NA;NA;NA;NA;NA;NA;0.437;0.629;0.357;0.372;9.2;3.5;60.9;1060;776;0.507;0.722;0.387;0.467;11.6;4.3;66.9;1300;929;0.509;0.761;0.413;0.42;9.7;4.5;69.4;1540;983
"MLI";"Mali";"MLIr101";"Kayes";120120;-10.2530323223572;13.84688004899;0.232;0.421;0.384;0.077;1.9;0.7;47.4;1270;1495;0.295;0.495;0.418;0.125;3.5;0.8;52.2;1590;1582;0.369;0.584;0.432;0.198;5.5;1.3;58;1750;2177;0.379;0.577;0.435;0.216;6.4;1.1;57.5;1790;3260
"MLI";"Mali";"MLIr102";"Koulikoro";94059;-7.67381063843486;13.6221894325882;0.238;0.431;0.388;0.081;2;0.7;48;1300;1574;0.32;0.503;0.403;0.162;4.7;0.9;52.7;1440;1966;0.413;0.582;0.431;0.281;7.9;1.9;57.8;1730;3379;0.413;0.615;0.45;0.254;7;1.8;60;1970;4365
"MLI";"Mali";"MLIr103";"Sikasso";71171;-6.55195520968679;11.4274588956042;0.216;0.43;0.404;0.058;1.4;0.6;48;1450;1766;0.306;0.494;0.42;0.138;4.2;0.6;52.1;1610;2274;0.389;0.545;0.432;0.251;7.3;1.4;55.4;1750;3707;0.392;0.61;0.453;0.218;6.6;1;59.7;2010;3767
"MLI";"Mali";"MLIr104";"Segou";60743;-5.72426262298932;13.8226005739205;0.229;0.42;0.396;0.072;1.8;0.7;47.3;1380;1687;0.294;0.488;0.406;0.128;3.8;0.7;51.7;1470;2129;0.371;0.552;0.421;0.221;6.4;1.3;55.9;1620;3095;0.365;0.572;0.44;0.193;5.6;1.1;57.2;1840;3587
"MLI";"Mali";"MLIr105";"Mopti";81455;-3.51539112038387;14.7144591896696;0.191;0.43;0.358;0.045;1.2;0.4;48;1070;1524;0.266;0.487;0.39;0.099;3;0.5;51.7;1320;1721;0.322;0.562;0.401;0.148;4.4;0.8;56.5;1420;2112;0.341;0.579;0.41;0.167;5.3;0.6;57.6;1510;2629
"MLI";"Mali";"MLIr106";"Tombouctou";503886;-3.56075985793916;20.0157925849293;0.282;0.427;0.378;0.139;3.5;1.3;47.8;1220;55;0.293;0.494;0.382;0.134;3.7;0.9;52.1;1250;415;0.323;0.495;0.383;0.178;5.1;1.1;52.2;1260;725;0.319;0.576;0.394;0.143;4.3;0.7;57.5;1350;897
"MLI";"Mali";"MLIr107";"Gao and Kidal";321666;1.25978880126406;18.0076569660883;0.311;0.429;0.42;0.167;4;1.7;47.9;1610;99;0.359;0.515;0.409;0.22;6;1.6;53.5;1500;318;0.388;0.59;0.393;0.252;6.9;1.8;58.4;1350;608;0.374;0.675;0.387;0.2;5.8;1.1;63.9;1300;658
"MLI";"Mali";"MLIr108";"Bamako";112;-8.00201306696414;12.6050480182632;0.395;0.504;0.494;0.247;5.1;3.1;52.8;2620;1111;0.54;0.607;0.577;0.451;10.4;4.8;59.5;4550;1546;0.594;0.663;0.582;0.543;12.1;6.2;63.1;4710;1858;0.576;0.723;0.581;0.455;11.5;4.1;67;4690;3431
"MOZ";"Mozambique";"MOZr101";"Niassa";130569;36.4509924456777;-13.070612785069;0.226;0.387;0.2;0.149;3.8;1.3;45.2;380;712;0.286;0.45;0.26;0.201;5.5;1.4;49.2;560;889;0.389;0.561;0.34;0.309;8.2;2.4;56.5;950;1456;0.419;0.623;0.344;0.343;8.4;3.3;60.5;980;1960
"MOZ";"Mozambique";"MOZr102";"Cabo delgado";76341;39.3630655903296;-12.4678119129392;0.212;0.434;0.203;0.109;2.5;1.2;48.2;380;920;0.297;0.441;0.264;0.225;6.4;1.4;48.7;580;1616;0.362;0.534;0.331;0.268;7.4;1.9;54.7;890;1936;0.425;0.594;0.349;0.371;9.7;3;58.6;1010;2607
"MOZ";"Mozambique";"MOZr103";"Nampula";80499;39.271248571992;-14.9507855889894;0.211;0.373;0.196;0.129;3.3;1.1;44.2;360;2266;0.295;0.439;0.272;0.216;6;1.5;48.6;600;3612;0.409;0.63;0.345;0.314;8.6;2.3;60.9;980;3738;0.443;0.697;0.33;0.379;9.9;3.1;65.3;890;5032
"MOZ";"Mozambique";"MOZr104";"Zambezia";102518;36.9855722277589;-16.6401807126693;0.236;0.411;0.192;0.166;4.2;1.5;46.7;360;2232;0.312;0.539;0.257;0.22;6.1;1.5;55;550;3036;0.389;0.496;0.35;0.34;9.7;2.1;52.2;1010;4620;0.396;0.553;0.326;0.344;8.7;3;56;860;6220
"MOZ";"Mozambique";"MOZr105";"Tete";100361;32.7518942165049;-15.5147314605208;0.218;0.366;0.203;0.14;3.6;1.2;43.8;380;601;0.296;0.446;0.266;0.218;5.9;1.6;49;580;1481;0.374;0.515;0.337;0.302;8.3;2.2;53.5;930;3036;0.42;0.574;0.356;0.364;9.1;3.3;57.3;1050;4088
"MOZ";"Mozambique";"MOZr106";"Manica";61854;33.4229186544901;-19.0523319925587;0.24;0.437;0.208;0.152;3.5;1.6;48.4;400;797;0.333;0.475;0.278;0.279;7.6;2;50.9;630;1269;0.449;0.537;0.391;0.431;11.3;3.6;54.9;1330;1617;0.48;0.597;0.382;0.484;12.4;4.2;58.8;1260;2177
"MOZ";"Mozambique";"MOZr107";"Sofala";69706;34.6892661619077;-19.0325674242963;0.222;0.372;0.212;0.138;3.3;1.4;44.2;410;1864;0.323;0.447;0.295;0.255;6.7;2;49.1;700;1520;0.443;0.553;0.396;0.397;10.5;3.1;56;1380;2322;0.491;0.615;0.396;0.485;12.3;4.3;60;1380;3127
"MOZ";"Mozambique";"MOZr108";"Inhambane";67584;34.5063506198499;-22.8098573412549;0.25;0.402;0.226;0.171;4.4;1.4;46.1;450;1275;0.336;0.503;0.28;0.269;7.7;1.6;52.7;640;1607;0.443;0.649;0.344;0.39;11.2;2.4;62.2;980;1463;0.511;0.717;0.394;0.473;12.8;3.5;66.6;1360;1969
"MOZ";"Mozambique";"MOZr109";"Gaza";76950;32.7942728027069;-23.3219734491474;0.242;0.39;0.231;0.157;3.9;1.5;45.4;460;1391;0.333;0.493;0.289;0.259;7.3;1.6;52.1;680;1065;0.417;0.545;0.366;0.365;10.2;2.5;55.4;1130;1371;0.505;0.606;0.439;0.483;13.2;3.5;59.4;1830;1846
"MOZ";"Mozambique";"MOZr110";"Maputo Provincia";24205;32.4586953621167;-25.5617308254886;0.31;0.452;0.283;0.233;5;2.8;49.4;650;975;0.419;0.567;0.355;0.365;9.2;3.3;56.8;1050;1353;0.5;0.57;0.445;0.493;12.4;4.5;57.1;1900;1672;0.593;0.633;0.526;0.628;14.9;6.4;61.1;3250;2251
"MOZ";"Mozambique";"MOZr111";"Maputo Cidade";258;32.5433257737059;-25.8565796713802;0.368;0.529;0.317;0.299;6.3;3.7;54.4;810;784;0.486;0.611;0.433;0.433;10.3;4.4;59.7;1760;1247;0.572;0.602;0.528;0.588;13.8;6.1;59.1;3300;1257;0.638;0.667;0.578;0.675;15.6;7.3;63.4;4580;1692
"MRT";"Mauritania";"MRTr101";"Hodh Charghi";187311;-7.09491154205533;18.1820741832698;0.364;0.549;0.498;0.177;3.8;2.1;55.7;2710;206;0.409;0.568;0.482;0.249;5.8;2.6;57;2430;277;0.457;0.652;0.501;0.293;6.9;3;62.4;2750;409;0.404;0.677;0.473;0.205;5.1;1.9;64;2290;584
"MRT";"Mauritania";"MRTr102";"Hodh Gharbi";50858;-9.83192386851766;16.5697926091803;0.39;0.642;0.507;0.182;4.2;2;61.8;2870;221;0.436;0.66;0.495;0.254;6.3;2.4;62.9;2650;281;0.461;0.688;0.499;0.284;6.9;2.8;64.7;2720;305;0.451;0.675;0.538;0.253;5.7;2.8;63.8;3520;474
"MRT";"Mauritania";"MRTr103";"Assaba";36027;-11.5240775851517;16.5589444376249;0.386;0.704;0.512;0.159;3.7;1.7;65.8;2960;195;0.437;0.712;0.501;0.233;5.7;2.2;66.3;2760;262;0.471;0.658;0.535;0.297;6.8;3.2;62.7;3460;393;0.474;0.665;0.54;0.297;7.1;3;63.2;3570;529
"MRT";"Mauritania";"MRTr104";"Gorgol";13898;-12.8386176886501;15.9935170891921;0.34;0.612;0.531;0.121;2.8;1.3;59.8;3360;230;0.384;0.624;0.516;0.177;4.4;1.7;60.5;3040;295;0.444;0.637;0.525;0.261;6.7;2.3;61.4;3240;339;0.459;0.669;0.518;0.28;6.6;2.8;63.5;3090;498
"MRT";"Mauritania";"MRTr105";"Brakna";33114;-13.3882976603063;17.2483440697921;0.373;0.657;0.536;0.148;3.4;1.6;62.7;3470;209;0.427;0.666;0.524;0.223;5.5;2.1;63.3;3220;266;0.496;0.642;0.56;0.34;8.5;3.1;61.7;4060;343;0.514;0.686;0.583;0.341;8.5;3.1;64.6;4750;447
"MRT";"Mauritania";"MRTr106";"Trarza incl Nouakchott";71058;-14.8714314197901;17.9336679719234;0.469;0.635;0.636;0.255;5;3.5;61.3;6730;740;0.533;0.652;0.632;0.368;7.8;4.5;62.4;6570;985;0.579;0.662;0.652;0.45;9.6;5.5;63;7470;1271;0.648;0.727;0.705;0.531;10.5;7.2;67.2;10620;1597
"MRT";"Mauritania";"MRTr107";"Adrar";223316;-10.2300912671205;21.0391654012753;0.389;0.511;0.543;0.213;4.8;2.4;53.2;3640;47;0.45;0.541;0.541;0.312;7.4;3.1;55.2;3580;63;0.549;0.671;0.587;0.419;9.6;4.6;63.6;4880;67;0.56;0.601;0.608;0.481;11;5.3;59.1;5590;23
"MRT";"Mauritania";"MRTr108";"Nouadhibou";17055;-15.9763047322186;20.8346086995426;0.485;0.636;0.713;0.252;4.7;3.6;61.4;11230;84;0.552;0.661;0.707;0.359;7.2;4.8;62.9;10810;109;0.628;0.721;0.739;0.464;9.3;6.2;66.9;13360;120;0.675;0.697;0.745;0.592;10.7;8.8;65.3;13830;163
"MRT";"Mauritania";"MRTr109";"Tagant";95693;-10.4013131817105;18.5806956635896;0.39;0.726;0.5;0.163;3.6;1.9;67.2;2750;46;0.446;0.729;0.5;0.244;5.8;2.4;67.4;2740;64;0.514;0.666;0.559;0.364;8.4;3.9;63.3;4040;76;0.506;0.618;0.544;0.384;8.9;4.1;60.2;3670;27
"MRT";"Mauritania";"MRTr110";"Guidimagha";10607;-12.1178546142655;15.3722702011035;0.296;0.536;0.529;0.091;2.3;0.8;54.8;3330;133;0.346;0.552;0.514;0.145;3.8;1.2;55.9;3010;169;0.433;0.612;0.518;0.255;6.5;2.2;59.8;3090;265;0.438;0.684;0.509;0.241;6.1;2.1;64.5;2920;365
"MRT";"Mauritania";"MRTr111";"Tiris-Zemmour";260127;-9.70631435828962;24.2013705820291;0.46;0.584;0.671;0.248;5.1;3.1;57.9;8520;30;0.523;0.609;0.662;0.354;7.9;4.1;59.6;8020;41;0.587;0.611;0.706;0.468;9.4;6.2;59.7;10730;48;0.696;0.735;0.719;0.637;11.3;9.7;67.7;11660;23
"MRT";"Mauritania";"MRTr112";"Inchiri";45089;-15.1247784048519;19.9869597964226;0.46;0.55;0.652;0.271;6;3.2;55.7;7470;6;0.519;0.568;0.639;0.385;8.9;4.1;56.9;6890;8;0.556;0.604;0.697;0.408;9.1;4.7;59.3;10100;7;0.605;0.611;0.677;0.535;10;7.7;59.7;8860;7
"MUS";"Mauritius";"MUSr101";"North (Port Louis, Pamplemousses, Riviere du Rempart, Flacq, Moka)";451;57.6210113797313;-20.1541818633517;0.628;0.774;0.675;0.474;10.1;5.8;70.3;8710;506;0.691;0.8;0.728;0.566;12.5;6.6;72;12410;562;0.768;0.836;0.786;0.689;14.5;8.6;74.4;18190;586;0.791;0.83;0.819;0.726;14.4;9.8;74;22690;589
"MUS";"Mauritius";"MUSr102";"South (Grand Port, Savanne, Plaines Wilhems, Black River)";663;57.5205610370125;-20.3137830978032;0.64;0.774;0.685;0.495;10.5;6.1;70.3;9290;545;0.704;0.8;0.738;0.591;13;6.9;72;13270;606;0.783;0.836;0.797;0.72;15.1;9;74.4;19500;632;0.806;0.83;0.83;0.759;15;10.3;74;24360;635
"MUS";"Mauritius";"MUSr103";"Rodrigues";56;63.4205112355445;-19.7104273451238;0.566;0.774;0.625;0.376;8;4.6;70.3;6270;33;0.624;0.8;0.676;0.448;9.9;5.2;72;8810;37;0.694;0.836;0.732;0.546;11.5;6.8;74.4;12730;39;0.715;0.83;0.764;0.575;11.4;7.8;74;15760;39
"MUS";NA;"MUSr104";NA;8;56.6080044360897;-10.374307493414;NA;NA;NA;NA;NA;NA;NA;NA;NA;NA;NA;NA;NA;NA;NA;NA;NA;NA;NA;NA;NA;NA;NA;NA;NA;NA;NA;NA;NA;NA;NA;NA;NA;NA;NA;NA
"MWI";"Malawi";"MWIr101";"Blantyre";1896;34.9603693955227;-15.6777201798909;0.375;0.383;0.375;0.366;8.1;4.2;44.9;1200;722;0.451;0.426;0.409;0.524;12.3;5.5;47.7;1500;939;0.549;0.62;0.459;0.581;12;7.4;60.3;2090;1152;0.574;0.658;0.481;0.596;12.3;7.6;62.8;2420;1427
"MWI";"Malawi";"MWIr102";"Kasungu";9253;33.4092938236859;-12.9642043868661;0.321;0.353;0.324;0.291;7;2.9;42.9;850;395;0.396;0.399;0.341;0.456;12;3.7;46;960;491;0.485;0.6;0.382;0.497;11.5;5.3;59;1260;791;0.534;0.718;0.406;0.523;11.9;5.8;66.7;1470;856
"MWI";"Malawi";"MWIr103";"Machinga";3524;35.5229592931081;-14.9441592372544;0.283;0.358;0.319;0.198;5.4;1.4;43.3;830;714;0.372;0.436;0.336;0.353;10.2;2.1;48.4;920;433;0.447;0.592;0.376;0.401;10.2;3.5;58.5;1210;548;0.484;0.661;0.378;0.454;11.5;4;62.9;1220;787
"MWI";"Malawi";"MWIr104";"Mangochi";8858;35.1353529288514;-14.2624412571235;0.251;0.376;0.313;0.134;3.4;1.2;44.4;790;544;0.355;0.415;0.335;0.323;9.3;1.9;47;920;626;0.432;0.587;0.379;0.361;9.3;3.1;58.2;1230;1021;0.458;0.63;0.371;0.413;10.7;3.4;61;1160;1366
"MWI";"Malawi";"MWIr105";"Mzimba";10385;33.6378335586854;-11.7807137108253;0.366;0.379;0.333;0.389;9.3;4;44.6;910;605;0.435;0.46;0.352;0.507;12.7;4.6;49.9;1030;660;0.504;0.608;0.402;0.523;11.5;6.1;59.5;1430;935;0.544;0.671;0.436;0.551;12;6.5;63.6;1790;1289
"MWI";"Malawi";"MWIr106";"Salima";2644;34.4061272073243;-13.6712903647727;0.296;0.358;0.318;0.228;6.1;1.8;43.3;820;286;0.366;0.41;0.333;0.36;9.8;2.6;46.7;910;304;0.449;0.568;0.385;0.414;10.3;3.8;56.9;1280;454;0.481;0.642;0.39;0.444;10.8;4.4;61.7;1320;623
"MWI";"Malawi";"MWIr107";"Thyolo";1414;35.1528780664224;-16.0932218917558;0.29;0.354;0.324;0.213;4.8;2.4;43;850;685;0.372;0.396;0.332;0.39;10.7;2.8;45.7;900;582;0.473;0.613;0.375;0.461;11.2;4.5;59.8;1200;687;0.479;0.608;0.382;0.473;11.5;4.6;59.5;1250;910
"MWI";"Malawi";"MWIr108";"Zomba";3391;35.4299224661625;-15.3971661467346;0.317;0.353;0.335;0.268;6.7;2.4;42.9;920;506;0.397;0.422;0.35;0.424;11.5;3.1;47.5;1010;646;0.49;0.604;0.399;0.489;11.6;5;59.2;1400;829;0.516;0.659;0.404;0.516;11.8;5.6;62.8;1450;1120
"MWI";"Malawi";"MWIr109";"Lilongwe";6130;33.7068491795623;-14.0240538874277;0.293;0.355;0.331;0.215;5;2.3;43.1;890;1212;0.409;0.431;0.366;0.432;11.1;3.7;48;1130;1749;0.484;0.583;0.413;0.47;10.3;5.5;57.9;1540;2044;0.517;0.674;0.413;0.498;11.2;5.6;63.8;1540;3036
"MWI";"Malawi";"MWIr110";"Mulanje";2110;35.4991426268609;-15.8907218994377;0.293;0.372;0.325;0.208;5.5;1.6;44.2;860;648;0.371;0.383;0.339;0.393;10.9;2.7;44.9;940;496;0.455;0.547;0.385;0.448;11.2;4.1;55.5;1280;619;0.504;0.662;0.394;0.491;11.9;4.8;63;1360;938
"MWI";"Malawi";"MWIr111";"Other northern (Chitipa, Karonga, Rumphi, Nkhata Bay)";29729;34.0562874271161;-10.8022910796723;0.36;0.385;0.334;0.364;9;3.4;45;910;599;0.436;0.458;0.351;0.516;12.8;4.8;49.7;1020;773;0.522;0.657;0.398;0.542;11.9;6.3;62.7;1400;938;0.551;0.714;0.419;0.559;12.4;6.5;66.4;1600;1216
"MWI";"Malawi";"MWIr112";"Other central (Nkhota Kota, Mchinji, Dowa, Ntchisi, Dedza, Ntcheu)";24448;34.1040731946916;-13.677969178216;0.304;0.354;0.317;0.25;6.4;2.1;43;820;2046;0.376;0.414;0.331;0.388;10.7;2.7;46.9;890;2407;0.453;0.593;0.37;0.424;10.4;4.1;58.5;1160;3372;0.485;0.657;0.381;0.456;11;4.5;62.7;1250;3991
"MWI";"Malawi";"MWIr113";"Other southern (Balaka, Mwanza, Phalombe, Chiradzulu, Chikwawa, Nsanje, neno)";13839;34.9006289119414;-15.9148531768879;0.301;0.371;0.315;0.233;6;2;44.1;800;1155;0.377;0.413;0.338;0.383;10.6;2.7;46.9;940;1679;0.459;0.587;0.377;0.437;10.8;4.1;58.2;1210;2191;0.495;0.645;0.387;0.486;11.7;4.8;61.9;1300;2848
"MWI";NA;"MWIr114";NA;10;34.7417135526934;-12.0615279759495;NA;NA;NA;NA;NA;NA;NA;NA;NA;NA;NA;NA;NA;NA;NA;NA;NA;NA;NA;NA;NA;NA;NA;NA;NA;NA;NA;NA;NA;NA;NA;NA;NA;NA;NA;NA
"NAM";"Namibia";"NAMr101";"Caprivi";15430;23.8882773014849;-17.8652167051375;0.555;0.734;0.503;0.462;10.5;5.1;67.7;2800;75;0.498;0.519;0.506;0.47;10.4;5.4;53.7;2850;97;0.557;0.545;0.579;0.549;11.7;6.7;55.5;4610;112;0.571;0.555;0.581;0.578;12;7.4;56;4680;133
"NAM";"Namibia";"NAMr102";"Erongo";63773;15.2267104070955;-22.045298246151;0.737;0.744;0.845;0.636;12.5;8.7;68.4;26840;71;0.643;0.542;0.815;0.603;11.7;8.3;55.2;22050;105;0.648;0.592;0.79;0.582;11.3;8;58.5;18700;158;0.66;0.599;0.785;0.61;11.5;8.7;58.9;18100;189
"NAM";"Namibia";"NAMr103";"Hardap";110973;17.3980678279227;-24.5593802414407;0.61;0.634;0.715;0.501;10.8;6;61.2;11360;64;0.545;0.475;0.705;0.482;10.2;5.9;50.9;10650;76;0.613;0.62;0.752;0.494;9.8;6.7;60.3;14520;75;0.629;0.635;0.753;0.52;9.9;7.4;61.3;14610;90
"NAM";"Namibia";"NAMr104";"Karas";160910;17.6123704834758;-26.9804137401638;0.669;0.62;0.805;0.6;12.7;7.4;60.3;20660;54;0.594;0.477;0.776;0.566;11.6;7.3;51;16970;69;0.632;0.612;0.75;0.55;11.1;7.3;59.8;14300;77;0.644;0.621;0.745;0.577;11.3;7.9;60.4;13850;91
"NAM";"Namibia";"NAMr105";"Khomas";36111;17.1563657072519;-22.9022681334398;0.674;0.662;0.766;0.603;12.5;7.7;63;15970;201;0.619;0.505;0.775;0.605;12.1;8.1;52.8;16940;292;0.686;0.62;0.802;0.649;12.5;9;60.3;20190;403;0.697;0.627;0.793;0.681;12.8;9.8;60.7;19020;477
"NAM";"Namibia";"NAMr106";"Kunene";116075;13.9286667682934;-19.15118545152;0.533;0.631;0.62;0.387;8.8;4.2;61;6080;49;0.472;0.489;0.606;0.355;7.9;4.1;51.8;5520;63;0.527;0.613;0.636;0.376;8.2;4.5;59.9;6720;67;0.54;0.619;0.636;0.401;8.5;4.9;60.2;6740;79
"NAM";"Namibia";"NAMr107";"Ohangwena";10683;16.8121755389768;-17.5862943989367;0.523;0.628;0.491;0.465;12.6;3.4;60.8;2590;182;0.472;0.458;0.501;0.457;12.1;3.6;49.8;2760;228;0.527;0.533;0.57;0.482;11.8;4.6;54.7;4350;254;0.537;0.541;0.57;0.501;12;5.1;55.2;4340;302
"NAM";"Namibia";"NAMr108";"Kavango";48636;19.7306290810504;-18.3710747276468;0.559;0.615;0.55;0.516;12.5;5;60;3810;121;0.498;0.469;0.546;0.481;11.6;4.8;50.5;3720;172;0.515;0.511;0.578;0.462;10.9;4.8;53.2;4580;222;0.52;0.506;0.575;0.482;11.1;5.3;52.9;4510;262
"NAM";"Namibia";"NAMr109";"Omaheke";84837;19.476974469035;-21.8898872512126;0.513;0.628;0.602;0.357;8.8;3.4;60.8;5390;46;0.478;0.479;0.606;0.376;8.8;3.9;51.1;5530;71;0.551;0.606;0.662;0.417;8.9;5.1;59.4;7990;67;0.56;0.615;0.66;0.432;9;5.5;60;7910;72
"NAM";"Namibia";"NAMr110";"Omusati";26161;14.9072109042784;-18.2806930245921;0.553;0.624;0.506;0.535;14.7;3.8;60.6;2850;181;0.5;0.467;0.517;0.517;13.5;4.3;50.4;3060;221;0.569;0.605;0.593;0.515;12.2;5.2;59.3;5070;248;0.581;0.618;0.593;0.534;12.4;5.7;60.2;5080;297
"NAM";"Namibia";"NAMr111";"Oshana";8561;15.7292519276578;-18.4178971391149;0.607;0.614;0.585;0.621;14.7;6.4;59.9;4810;148;0.545;0.464;0.597;0.586;13.5;6.4;50.2;5190;173;0.615;0.603;0.669;0.575;12.3;7;59.2;8380;169;0.628;0.615;0.668;0.603;12.4;7.7;60;8320;202
"NAM";"Namibia";"NAMr112";"Oshikoto";38714;17.0080507968091;-18.5988084865244;0.573;0.582;0.584;0.554;13.4;5.5;57.8;4790;134;0.519;0.452;0.592;0.524;12.4;5.4;49.4;5020;172;0.571;0.563;0.636;0.519;11.5;6;56.6;6740;183;0.579;0.566;0.632;0.544;11.7;6.6;56.8;6550;215
"NAM";"Namibia";"NAMr113";"Otjozondjupa";105293;18.1778591451111;-20.3156072834208;0.593;0.66;0.702;0.45;10;5.2;62.9;10460;134;0.529;0.495;0.691;0.434;9.4;5.2;52.1;9690;151;0.588;0.596;0.733;0.465;9.8;5.8;58.7;12780;132;0.601;0.604;0.734;0.491;10;6.4;59.3;12860;157
"NER";"Niger";"NERr101";"Agadez";625498;10.4882625895395;19.4821029247274;0.339;0.365;0.464;0.229;4.9;2.8;43.7;2160;160;0.39;0.523;0.428;0.265;5.7;3.2;54;1700;277;0.447;0.721;0.42;0.296;7;3;66.8;1610;347;0.493;0.762;0.443;0.355;9.8;2.5;69.6;1880;507
"NER";"Niger";"NERr102";"Diffa";146273;13.2040961459284;15.8569335345557;0.241;0.365;0.352;0.109;3.3;0.6;43.7;1030;105;0.279;0.523;0.346;0.12;3.2;0.9;54;990;255;0.335;0.721;0.387;0.135;3.5;1.2;66.8;1290;531;0.374;0.762;0.409;0.167;4.9;1;69.6;1500;775
"NER";"Niger";"NERr103";"Dosso";31605;3.54004160904043;13.2083735016717;0.22;0.358;0.339;0.088;2.4;0.7;43.3;940;1203;0.272;0.474;0.337;0.126;3.4;1;50.8;930;1699;0.332;0.564;0.347;0.187;5.2;1.2;56.7;1000;2177;0.375;0.6;0.369;0.238;7.4;1;59;1150;3178
"NER";"Niger";"NERr104";"Maradi";38696;7.3078500195162;14.1031898048722;0.201;0.392;0.352;0.059;1.5;0.5;45.4;1030;1825;0.25;0.489;0.345;0.093;2.3;0.8;51.8;980;2539;0.334;0.593;0.358;0.176;5;1.1;58.5;1070;4017;0.377;0.629;0.379;0.224;7;0.9;60.9;1230;5863
"NER";"Niger";"NERr105";"Tillabery (incl Niamey)";91355;2.18167738087028;14.1776576700965;0.266;0.366;0.386;0.133;2.8;1.7;43.8;1280;2174;0.335;0.495;0.386;0.196;3.9;2.6;52.2;1290;2832;0.441;0.623;0.42;0.327;7.5;3.6;60.5;1610;3292;0.484;0.661;0.442;0.389;10.5;2.9;62.9;1870;4805
"NER";"Niger";"NERr106";"Tahoua";106682;5.24106805509081;15.7615830875608;0.173;0.357;0.331;0.044;1.1;0.4;43.2;890;1509;0.228;0.474;0.328;0.076;2;0.6;50.8;880;2245;0.31;0.629;0.347;0.137;3.8;1;60.9;1000;3909;0.349;0.667;0.369;0.173;5.3;0.8;63.4;1150;5706
"NER";"Niger";"NERr107";"Zinder";146056;10.0195295805163;14.9840820716054;0.198;0.373;0.342;0.061;1.6;0.5;44.2;960;1931;0.24;0.472;0.336;0.087;2.2;0.8;50.7;930;2609;0.319;0.6;0.338;0.16;4.4;1.1;59;940;3682;0.36;0.637;0.359;0.203;6.2;0.9;61.4;1080;5374
"NGA";"Nigeria";"NGAr101";"Akwa Ibom";6535;7.8571631049813;4.9143870910331;NA;NA;NA;NA;NA;NA;NA;NA;NA;NA;NA;NA;NA;NA;NA;NA;NA;NA;0.591;0.573;0.618;0.583;11.3;8.1;57.2;5990;3719;0.602;0.594;0.575;0.638;12.6;8.6;58.6;4510;4533
"NGA";"Nigeria";"NGAr102";"Anambra";5254;6.94422481882356;6.18780777118494;NA;NA;NA;NA;NA;NA;NA;NA;NA;NA;NA;NA;NA;NA;NA;NA;NA;NA;0.622;0.563;0.68;0.628;12.2;8.7;56.6;9000;4324;0.674;0.644;0.689;0.69;11.9;10.7;61.8;9550;6810
"NGA";"Nigeria";"NGAr103";"Bauchi";49285;9.99956800959514;10.7870707373815;NA;NA;NA;NA;NA;NA;NA;NA;NA;NA;NA;NA;NA;NA;NA;NA;NA;NA;0.363;0.415;0.494;0.233;5.3;2.5;47;2630;5566;0.372;0.438;0.488;0.24;5.5;2.6;48.5;2520;8381
"NGA";"Nigeria";"NGAr104";"Edo";19356;5.92635386547647;6.62993213790234;NA;NA;NA;NA;NA;NA;NA;NA;NA;NA;NA;NA;NA;NA;NA;NA;NA;NA;0.618;0.594;0.65;0.612;11.5;8.8;58.6;7380;3077;0.633;0.541;0.665;0.706;13.5;10;55.2;8160;3171
"NGA";"Nigeria";"NGAr105";"Benue";31950;8.74955984119566;7.29908804754327;NA;NA;NA;NA;NA;NA;NA;NA;NA;NA;NA;NA;NA;NA;NA;NA;NA;NA;0.509;0.504;0.518;0.504;10.8;6.1;52.8;3090;5723;0.582;0.625;0.522;0.606;12.3;7.9;60.6;3160;6093
"NGA";"Nigeria";"NGAr106";"Borno";70115;13.1756524261458;11.9202996722414;NA;NA;NA;NA;NA;NA;NA;NA;NA;NA;NA;NA;NA;NA;NA;NA;NA;NA;0.407;0.558;0.542;0.224;5;2.6;56.3;3610;5934;0.464;0.513;0.554;0.352;7.3;4.5;53.4;3920;7841
"NGA";"Nigeria";"NGAr107";"Cross River";20669;8.56633680065721;5.85462503642728;NA;NA;NA;NA;NA;NA;NA;NA;NA;NA;NA;NA;NA;NA;NA;NA;NA;NA;0.556;0.552;0.559;0.557;11.2;7.3;55.9;4060;3237;0.575;0.547;0.526;0.66;12.7;9.2;55.6;3250;2736
"NGA";"Nigeria";"NGAr108";"Adamawa";35432;12.4461858652989;9.3657627856107;NA;NA;NA;NA;NA;NA;NA;NA;NA;NA;NA;NA;NA;NA;NA;NA;NA;NA;0.479;0.449;0.554;0.444;9.6;5.3;49.2;3910;3641;0.539;0.61;0.513;0.5;10.1;6.6;59.7;2990;4753
"NGA";"Nigeria";"NGAr109";"Imo";4537;7.05814504729254;5.53104799072389;NA;NA;NA;NA;NA;NA;NA;NA;NA;NA;NA;NA;NA;NA;NA;NA;NA;NA;0.573;0.497;0.633;0.599;11.7;8.2;52.3;6620;3927;0.683;0.631;0.655;0.772;14.8;10.8;61;7650;4946
"NGA";"Nigeria";"NGAr110";"Kaduna";42784;7.72777664569354;10.3153941357858;NA;NA;NA;NA;NA;NA;NA;NA;NA;NA;NA;NA;NA;NA;NA;NA;NA;NA;0.537;0.577;0.601;0.447;8.6;6.2;57.5;5360;8448;0.545;0.462;0.604;0.58;11.6;7.7;50;5470;12361
"NGA";"Nigeria";"NGAr111";"Kano";20519;8.50513311952112;11.7221750345417;NA;NA;NA;NA;NA;NA;NA;NA;NA;NA;NA;NA;NA;NA;NA;NA;NA;NA;0.442;0.46;0.562;0.334;7.9;3.4;49.9;4140;14326;0.482;0.435;0.563;0.458;10.1;5.3;48.3;4140;15394
"NGA";"Nigeria";"NGAr112";"Katsina";25328;7.6489216846923;12.3544772307472;NA;NA;NA;NA;NA;NA;NA;NA;NA;NA;NA;NA;NA;NA;NA;NA;NA;NA;0.354;0.421;0.528;0.199;4.7;2.1;47.4;3300;7116;0.431;0.453;0.495;0.358;8.8;3.4;49.4;2650;13204
"NGA";"Nigeria";"NGAr113";"Kwara";34096;4.36038136310793;8.98332392165347;NA;NA;NA;NA;NA;NA;NA;NA;NA;NA;NA;NA;NA;NA;NA;NA;NA;NA;0.606;0.621;0.638;0.561;11.3;7.4;60.4;6820;2607;0.597;0.619;0.606;0.566;11.3;7.5;60.3;5530;3781
"NGA";"Nigeria";"NGAr114";"Lagos";4517;3.52020571340757;6.53491429535566;NA;NA;NA;NA;NA;NA;NA;NA;NA;NA;NA;NA;NA;NA;NA;NA;NA;NA;0.639;0.566;0.703;0.655;11;10.5;56.8;10520;8455;0.721;0.72;0.686;0.758;13.3;11.7;66.8;9370;13067
"NGA";"Nigeria";"NGAr115";"Niger";73042;5.61219037762379;9.92748246020541;NA;NA;NA;NA;NA;NA;NA;NA;NA;NA;NA;NA;NA;NA;NA;NA;NA;NA;0.475;0.558;0.571;0.337;7.4;3.9;56.3;4370;6995;0.523;0.61;0.584;0.401;8.2;5.2;59.6;4770;7398
"NGA";"Nigeria";"NGAr116";"Ogun";15913;3.45809797541512;7.04164914125944;NA;NA;NA;NA;NA;NA;NA;NA;NA;NA;NA;NA;NA;NA;NA;NA;NA;NA;0.558;0.562;0.588;0.526;11;6.6;56.6;4890;4059;0.579;0.549;0.586;0.604;12;8.1;55.7;4830;4622
"NGA";"Nigeria";"NGAr117";"Ondo";15173;5.12420064838403;6.87961697434481;NA;NA;NA;NA;NA;NA;NA;NA;NA;NA;NA;NA;NA;NA;NA;NA;NA;NA;0.58;0.534;0.609;0.6;11.5;8.4;54.7;5620;3551;0.611;0.619;0.566;0.649;12.7;8.9;60.3;4250;3455
"NGA";"Nigeria";"NGAr118";"Oyo";27072;3.62616365329937;8.19086375121251;NA;NA;NA;NA;NA;NA;NA;NA;NA;NA;NA;NA;NA;NA;NA;NA;NA;NA;0.574;0.602;0.612;0.513;9.9;7.2;59.1;5760;6729;0.603;0.607;0.582;0.62;12.2;8.4;59.4;4710;7133
"NGA";"Nigeria";"NGAr119";"Plateau";27307;9.55090252128642;9.21873142064573;NA;NA;NA;NA;NA;NA;NA;NA;NA;NA;NA;NA;NA;NA;NA;NA;NA;NA;0.518;0.512;0.549;0.494;10.4;6.1;53.3;3800;3236;0.563;0.552;0.532;0.606;12.2;8;55.9;3380;4578
"NGA";"Nigeria";"NGAr120";"Rivers";6628;6.8634862613657;5.01605692379169;NA;NA;NA;NA;NA;NA;NA;NA;NA;NA;NA;NA;NA;NA;NA;NA;NA;NA;0.603;0.545;0.628;0.64;10.9;10.1;55.4;6400;5014;0.601;0.474;0.63;0.726;13.2;10.8;50.8;6500;6759
"NGA";"Nigeria";"NGAr121";"Sokoto";31618;5.30893585841506;13.024823723747;NA;NA;NA;NA;NA;NA;NA;NA;NA;NA;NA;NA;NA;NA;NA;NA;NA;NA;0.338;0.422;0.513;0.178;4.3;1.8;47.4;2990;4878;0.397;0.428;0.495;0.294;7.4;2.7;47.8;2650;5501
"NGA";"Nigeria";"NGAr122";"Abia";5345;7.49968010517489;5.45252929367089;NA;NA;NA;NA;NA;NA;NA;NA;NA;NA;NA;NA;NA;NA;NA;NA;NA;NA;0.573;0.498;0.631;0.6;11.5;8.4;52.3;6530;2452;0.622;0.574;0.618;0.678;13.2;9.4;57.3;5960;3105
"NGA";"Nigeria";"NGAr123";"Delta";14580;6.01309316674463;5.76156449448885;NA;NA;NA;NA;NA;NA;NA;NA;NA;NA;NA;NA;NA;NA;NA;NA;NA;NA;0.599;0.56;0.624;0.614;11.7;8.7;56.4;6230;3896;0.607;0.543;0.626;0.658;12.1;9.7;55.3;6300;4952
"NGA";"Nigeria";"NGAr124";"Enugu";7426;7.42617436668754;6.53418986407431;NA;NA;NA;NA;NA;NA;NA;NA;NA;NA;NA;NA;NA;NA;NA;NA;NA;NA;0.549;0.528;0.591;0.531;11.7;6.2;54.3;4990;3740;0.667;0.683;0.639;0.681;12.7;9.9;64.4;6870;3991
"NGA";"Nigeria";"NGAr125";"Jigawa";23486;9.55242964496964;12.2145929425844;NA;NA;NA;NA;NA;NA;NA;NA;NA;NA;NA;NA;NA;NA;NA;NA;NA;NA;0.343;0.422;0.504;0.19;4.6;1.9;47.4;2800;6031;0.371;0.418;0.476;0.257;6.6;2.3;47.2;2330;8001
"NGA";"Nigeria";"NGAr126";"Kebbi";36147;4.49403954810726;11.784857483806;NA;NA;NA;NA;NA;NA;NA;NA;NA;NA;NA;NA;NA;NA;NA;NA;NA;NA;0.354;0.449;0.51;0.194;4.6;2;49.2;2940;5676;0.366;0.419;0.497;0.236;5.3;2.6;47.2;2680;6078
"NGA";"Nigeria";"NGAr127";"Kogi";28128;6.6734564543489;7.72853594689539;NA;NA;NA;NA;NA;NA;NA;NA;NA;NA;NA;NA;NA;NA;NA;NA;NA;NA;0.581;0.599;0.592;0.552;11.5;7;58.9;5040;3270;0.625;0.631;0.58;0.667;13.7;8.6;61;4640;3005
"NGA";"Nigeria";"NGAr128";"Osun";9643;4.54545353329182;7.53895093619708;NA;NA;NA;NA;NA;NA;NA;NA;NA;NA;NA;NA;NA;NA;NA;NA;NA;NA;0.629;0.634;0.628;0.626;12.2;8.6;61.2;6380;3291;0.607;0.621;0.599;0.602;11.1;8.8;60.3;5290;4683
"NGA";"Nigeria";"NGAr129";"Taraba";60665;10.8046598393825;8.04613946422925;NA;NA;NA;NA;NA;NA;NA;NA;NA;NA;NA;NA;NA;NA;NA;NA;NA;NA;0.453;0.472;0.505;0.39;8.5;4.6;50.7;2830;3338;0.527;0.601;0.49;0.497;10.5;6.1;59.1;2570;4565
"NGA";"Nigeria";"NGAr130";"Yobe";46381;11.4479820756399;12.2828083861168;NA;NA;NA;NA;NA;NA;NA;NA;NA;NA;NA;NA;NA;NA;NA;NA;NA;NA;0.303;0.482;0.493;0.118;2.5;1.5;51.3;2610;4119;0.439;0.629;0.487;0.277;6.5;2.9;60.9;2510;8053
"NGA";"Nigeria";"NGAr131";"Bayelsa";9437;6.11137656787115;4.79308130864987;NA;NA;NA;NA;NA;NA;NA;NA;NA;NA;NA;NA;NA;NA;NA;NA;NA;NA;0.584;0.544;0.597;0.613;11.4;8.9;55.4;5220;1565;0.573;0.495;0.563;0.673;12.4;9.9;52.2;4170;1748
"NGA";"Nigeria";"NGAr132";"Ebonyi";5605;8.00197526885989;6.24234979235716;NA;NA;NA;NA;NA;NA;NA;NA;NA;NA;NA;NA;NA;NA;NA;NA;NA;NA;0.5;0.455;0.534;0.512;11.8;5.5;49.6;3430;3987;0.706;0.696;0.645;0.783;14.7;11.3;65.3;7140;4950
"NGA";"Nigeria";"NGAr133";"Ekiti";5420;5.36278078063123;7.70815472762812;NA;NA;NA;NA;NA;NA;NA;NA;NA;NA;NA;NA;NA;NA;NA;NA;NA;NA;0.607;0.548;0.637;0.639;12;9.2;55.6;6790;1592;0.612;0.606;0.569;0.664;13.5;8.7;59.4;4320;2454
"NGA";"Nigeria";"NGAr134";"Gombe";17847;11.2507304173069;10.3677503432661;NA;NA;NA;NA;NA;NA;NA;NA;NA;NA;NA;NA;NA;NA;NA;NA;NA;NA;0.411;0.444;0.537;0.292;6.3;3.5;48.9;3490;2678;0.466;0.548;0.517;0.358;6.9;5;55.6;3060;4192
"NGA";"Nigeria";"NGAr135";"Nassarawa";27496;8.15324241878291;8.48578584455416;NA;NA;NA;NA;NA;NA;NA;NA;NA;NA;NA;NA;NA;NA;NA;NA;NA;NA;0.521;0.524;0.577;0.467;10;5.7;54.1;4560;2801;0.549;0.581;0.556;0.513;10.5;6.7;57.7;3980;3361
"NGA";"Nigeria";"NGAr136";"Zamfora";35292;6.27011835681883;12.0819237710698;NA;NA;NA;NA;NA;NA;NA;NA;NA;NA;NA;NA;NA;NA;NA;NA;NA;NA;0.338;0.412;0.493;0.19;4.6;1.9;46.8;2610;5663;0.392;0.481;0.506;0.247;5.7;2.6;51.3;2850;7380
"NGA";"Nigeria";"NGAr137";"Abuja FCT";6440;7.15716796195261;8.86789955805602;NA;NA;NA;NA;NA;NA;NA;NA;NA;NA;NA;NA;NA;NA;NA;NA;NA;NA;0.65;0.584;0.7;0.671;11.4;10.7;58;10300;1417;0.678;0.662;0.673;0.7;13.3;9.9;63;8620;1501
"RWA";"Rwanda";"RWAr101";"City of Kigali";278;30.0833242440747;-1.94444055880431;0.332;0.409;0.358;0.25;5.9;2.6;46.6;1070;1329;0.475;0.552;0.45;0.431;8.7;5.7;55.9;1970;517;0.595;0.729;0.53;0.545;11.7;6.6;67.4;3330;1129;0.644;0.773;0.576;0.601;12.2;7.8;70.2;4530;1537
"RWA";"Rwanda";"RWAr102";"South";5922;29.6878687568148;-2.34308431823836;0.306;0.375;0.331;0.23;5.8;2.1;44.4;890;2377;0.357;0.478;0.339;0.28;7.1;2.5;51.1;950;2106;0.493;0.685;0.401;0.436;11.5;3.5;64.5;1420;2634;0.526;0.711;0.448;0.457;11.3;4.3;66.2;1930;3341
"RWA";"Rwanda";"RWAr103";"West";5568;29.2999706327164;-2.14331798404734;0.301;0.389;0.329;0.213;5.6;1.7;45.3;880;1930;0.369;0.49;0.345;0.297;7.7;2.5;51.8;980;2135;0.495;0.698;0.407;0.426;11.4;3.3;65.4;1480;2576;0.536;0.74;0.466;0.447;10.9;4.3;68.1;2190;3154
"RWA";"Rwanda";"RWAr104";"North";3338;29.8763431622878;-1.62069125617412;0.299;0.353;0.333;0.227;6.1;1.7;43;910;1355;0.358;0.482;0.34;0.28;7.2;2.4;51.3;950;1690;0.491;0.677;0.406;0.429;11.3;3.4;64;1470;1808;0.525;0.709;0.451;0.453;11;4.4;66.1;1980;2256
"RWA";"Rwanda";"RWAr105";"East";9727;30.4443847190237;-1.81658892893131;0.273;0.322;0.324;0.195;5;1.7;40.9;850;667;0.358;0.455;0.343;0.294;7.5;2.6;49.6;970;1924;0.479;0.636;0.414;0.417;10.9;3.4;61.4;1550;2693;0.54;0.711;0.466;0.474;11.6;4.6;66.2;2190;3488
"SDN";"Sudan";"SDNr101";"Northern";367201;29.3630595230531;19.5609480505311;0.399;0.44;0.568;0.254;6.6;2.1;48.6;4290;600;0.533;0.653;0.646;0.359;9;3.3;62.5;7210;710;0.602;0.745;0.717;0.409;9;4.8;68.4;11540;711;0.638;0.787;0.688;0.48;10.3;5.8;71.1;9490;1034
"SDN";"Sudan";"SDNr102";"Nahr El Nil";126479;33.4632303183359;18.3219691932735;0.336;0.421;0.547;0.165;3.2;2.3;47.4;3740;844;0.466;0.629;0.618;0.26;5.2;3.5;60.9;5990;1050;0.566;0.733;0.654;0.379;8.4;4.3;67.6;7580;1290;0.613;0.79;0.631;0.463;10;5.6;71.3;6520;1762
"SDN";"Sudan";"SDNr103";"Red Sea";218748;35.7016046292533;19.8375224506379;0.317;0.388;0.467;0.175;5;1.1;45.2;2200;635;0.418;0.586;0.527;0.236;6.4;1.7;58.1;3270;938;0.49;0.683;0.539;0.319;8;2.9;64.4;3550;909;0.533;0.735;0.519;0.397;9.7;3.8;67.7;3110;1180
"SDN";"Sudan";"SDNr104";"Kassala";46106;35.7513391603569;15.9916730405822;0.325;0.387;0.474;0.187;5.6;1;45.2;2310;1131;0.425;0.585;0.532;0.246;7;1.5;58;3390;1469;0.449;0.683;0.538;0.247;6.4;2.1;64.4;3510;1781;0.466;0.736;0.507;0.272;6.9;2.4;67.8;2860;1945
"SDN";"Sudan";"SDNr105";"Al Gedarif";64178;35.2467901845117;14.1592575111748;0.299;0.371;0.46;0.157;4.2;1.2;44.1;2110;1213;0.407;0.565;0.522;0.228;5.9;1.9;56.7;3160;1440;0.457;0.652;0.529;0.277;6.9;2.5;62.4;3320;1723;0.463;0.695;0.481;0.296;7.5;2.7;65.2;2410;2373
"SDN";"Sudan";"SDNr106";"Khartoum";20562;32.7924274260736;15.8224497718523;0.351;0.457;0.562;0.168;3.1;2.5;49.7;4120;3040;0.501;0.675;0.651;0.286;5.3;4.2;63.9;7430;4137;0.619;0.731;0.718;0.451;9.5;5.6;67.5;11630;5249;0.638;0.737;0.676;0.522;10.8;6.6;67.9;8760;6557
"SDN";"Sudan";"SDNr107";"Al Gezira";23923;33.3739863174569;14.5867407779831;0.374;0.433;0.545;0.222;5.6;1.9;48.1;3680;3153;0.504;0.644;0.621;0.32;7.8;3.1;61.9;6100;3769;0.541;0.713;0.639;0.347;8;3.7;66.4;6890;5520;0.56;0.734;0.612;0.391;8.9;4.3;67.7;5750;7714
"SDN";"Sudan";"SDNr108";"White Nile";41297;32.3512706876185;13.4181787200643;0.3;0.394;0.494;0.139;2.7;2;45.6;2640;1377;0.42;0.594;0.563;0.221;4.5;2.9;58.6;4150;1699;0.494;0.666;0.574;0.315;7.6;3.1;63.3;4470;1804;0.503;0.692;0.525;0.351;8.6;3.4;65;3240;2378
"SDN";"Sudan";"SDNr109";"Sinnar";41263;34.0595001096269;12.8930500404494;0.309;0.412;0.497;0.144;3.6;1.3;46.8;2680;1063;0.423;0.617;0.565;0.217;5.4;2;60.1;4220;1282;0.484;0.698;0.568;0.287;7;2.8;65.4;4300;1389;0.506;0.731;0.537;0.329;7.9;3.3;67.5;3510;1784
"SDN";"Sudan";"SDNr110";"Blue Nile";36256;34.1314061941682;11.2437646949106;0.242;0.296;0.461;0.103;2.2;1.2;39.2;2120;470;0.338;0.468;0.52;0.159;3.7;1.7;50.4;3130;644;0.411;0.567;0.543;0.225;5.8;1.9;56.9;3630;1360;0.43;0.627;0.528;0.24;6.1;2.1;60.7;3300;1941
"SDN";"Sudan";"SDNr111";"North Kordofan";302309;29.2549150892523;13.6983077425463;0.289;0.413;0.472;0.123;2.9;1.3;46.8;2280;1455;0.39;0.618;0.526;0.182;4.4;1.8;60.2;3250;2066;0.453;0.7;0.509;0.261;6.7;2.3;65.5;2900;2896;0.475;0.733;0.471;0.31;7.8;2.8;67.7;2260;3015
"SDN";"Sudan";"SDNr112";"South Kordofan";79338;30.8180729267668;11.275210572391;0.294;0.361;0.454;0.155;3.9;1.4;43.5;2020;1848;0.395;0.551;0.512;0.219;5.4;2.1;55.8;2970;2025;0.43;0.643;0.504;0.245;6.4;2;61.8;2810;2381;0.444;0.69;0.458;0.278;7;2.5;64.8;2070;4138
"SDN";"Sudan";"SDNr113";"North Darfur";318482;25.5614129181907;16.1880563305952;0.355;0.476;0.464;0.204;5.4;1.6;50.9;2150;1287;0.463;0.7;0.516;0.275;7.1;2.3;65.5;3040;1732;0.481;0.708;0.497;0.317;8.2;2.7;66;2690;2508;0.475;0.663;0.44;0.368;9.5;3.1;63.1;1840;3686
"SDN";"Sudan";"SDNr114";"West Darfur";59683;23.1228171347615;12.8071497410214;0.292;0.399;0.444;0.14;3.6;1.2;45.9;1890;1347;0.384;0.6;0.495;0.191;4.9;1.7;59;2660;1549;0.431;0.662;0.48;0.251;6.8;1.8;63.1;2400;1279;0.454;0.678;0.448;0.307;8.4;2.3;64.1;1940;1433
"SDN";"Sudan";"SDNr115";"South Darfur";134349;25.2740131057567;10.9248422340823;0.257;0.366;0.465;0.1;1.9;1.4;43.8;2180;2317;0.352;0.558;0.516;0.151;3;2;56.3;3040;3060;0.44;0.635;0.491;0.273;6.9;2.5;61.3;2580;4358;0.449;0.667;0.452;0.301;7.7;2.6;63.4;1990;5934
"SEN";"Senegal";"SENr101";"Dakar";676;-17.2777691389098;14.7455764154201;0.537;0.687;0.586;0.385;7.9;4.9;64.7;4840;1632;0.53;0.694;0.614;0.349;8.4;3.4;65.1;5840;2295;0.602;0.757;0.599;0.48;11.1;5.2;69.2;5290;2604;0.614;0.781;0.61;0.486;11.5;5;70.7;5670;3720
"SEN";"Senegal";"SENr102";"Ziguinchor";6762;-16.3440829826443;12.7549670523989;0.446;0.536;0.449;0.368;10;2.7;54.8;1950;353;0.455;0.587;0.411;0.391;11.7;2;58.2;1520;433;0.591;0.767;0.456;0.591;15.4;4.9;69.8;2050;505;0.596;0.739;0.51;0.562;14.6;4.7;68;2940;650
"SEN";"Senegal";"SENr103";"Diourbel";4414;-16.1034604376285;14.7495740131514;0.244;0.542;0.447;0.06;1.6;0.5;55.2;1930;725;0.287;0.538;0.472;0.093;2.8;0.4;54.9;2280;1034;0.344;0.641;0.487;0.13;3.7;0.8;61.7;2510;1379;0.395;0.735;0.513;0.163;4.6;1;67.8;2990;2135
"SEN";"Senegal";"SENr104";"Saint Louis";47855;-14.2777688204178;15.5952254383784;0.328;0.552;0.427;0.149;3.6;1.4;55.9;1690;804;0.37;0.632;0.453;0.178;5.1;1.1;61.1;2000;1039;0.491;0.753;0.479;0.329;9.5;1.9;69;2380;1662;0.47;0.742;0.495;0.284;8.1;1.7;68.2;2660;1819
"SEN";"Senegal";"SENr105";"Tambacounda";60596;-12.9215651099749;13.6062646021517;0.278;0.526;0.426;0.095;2.4;0.8;54.2;1680;533;0.316;0.518;0.402;0.152;4.8;0.6;53.6;1430;668;0.369;0.651;0.395;0.195;5.9;0.9;62.3;1360;883;0.46;0.715;0.472;0.288;7.8;2.2;66.5;2270;1060
"SEN";"Senegal";"SENr106";"Kaolack";17214;-15.38236747679;14.1492665410578;0.289;0.565;0.444;0.096;2.7;0.7;56.7;1900;1002;0.333;0.565;0.426;0.153;4.6;0.8;56.7;1680;1210;0.449;0.707;0.467;0.275;8.1;1.5;66;2200;1514;0.465;0.737;0.501;0.272;7.5;1.9;67.9;2760;2216
"SEN";"Senegal";"SENr107";"Thies";7299;-16.7755003840326;14.8073870847382;0.39;0.595;0.484;0.206;5.1;2;58.7;2460;1078;0.418;0.638;0.507;0.226;6.2;1.6;61.5;2870;1391;0.493;0.7;0.512;0.335;9.6;2.1;65.5;2960;2052;0.569;0.777;0.577;0.41;10.7;3.4;70.5;4550;2408
"SEN";"Senegal";"SENr108";"Louga";25100;-15.5724431697431;15.4413920893312;0.284;0.551;0.456;0.091;2.5;0.6;55.8;2050;615;0.335;0.637;0.463;0.128;4;0.5;61.4;2140;663;0.444;0.751;0.467;0.251;7.2;1.5;68.8;2200;915;0.458;0.701;0.511;0.269;7.9;1.5;65.5;2940;1031
"SEN";"Senegal";"SENr109";"Fatick";6567;-16.3441308964108;14.1353883445894;0.333;0.554;0.427;0.156;4.2;1.2;56;1690;583;0.364;0.563;0.401;0.215;6.7;0.9;56.6;1420;611;0.502;0.703;0.466;0.387;11.3;2.2;65.7;2190;675;0.51;0.743;0.49;0.364;10.1;2.5;68.3;2570;936
"SEN";"Senegal";"SENr110";"Kolda";22463;-14.7895066678284;12.9961048485071;0.283;0.524;0.431;0.101;2.8;0.7;54.1;1740;647;0.336;0.514;0.378;0.196;6.2;0.7;53.4;1220;836;0.422;0.601;0.392;0.32;9.7;1.5;59.1;1340;1043;0.46;0.649;0.432;0.347;9.8;2.2;62.2;1750;1341
"SLE";"Sierra Leone";"SLEr101";"Bombali";8214;-12.1519224145277;9.31575627733528;0.317;0.407;0.387;0.202;5.2;1.8;46.5;1290;391;0.359;0.452;0.343;0.297;7.7;2.5;49.4;970;467;0.453;0.628;0.393;0.378;10.1;2.9;60.8;1350;571;0.459;0.669;0.404;0.358;9.2;3.1;63.5;1450;895
"SLE";"Sierra Leone";"SLEr102";"Kambia";2878;-12.838329375635;9.14228576075923;0.273;0.413;0.387;0.127;3.7;0.7;46.8;1300;339;0.309;0.458;0.343;0.188;5.5;1;49.8;970;405;0.383;0.608;0.383;0.241;7;1.4;59.5;1270;355;0.423;0.592;0.405;0.316;8.8;2.2;58.5;1460;550
"SLE";"Sierra Leone";"SLEr103";"Koinadugu";11222;-11.3340544837244;9.44842727710506;0.226;0.32;0.364;0.099;3;0.5;40.8;1110;277;0.257;0.359;0.321;0.147;4.5;0.7;43.4;840;331;0.343;0.513;0.354;0.221;6.7;1;53.4;1040;348;0.418;0.67;0.381;0.285;8;1.9;63.6;1250;468
"SLE";"Sierra Leone";"SLEr104";"Port Loko";5317;-12.7266964105964;8.72094236532452;0.289;0.397;0.38;0.16;4.1;1.4;45.8;1240;462;0.327;0.441;0.337;0.236;6.1;2;48.6;930;552;0.397;0.553;0.38;0.297;7.8;2.4;56;1240;788;0.413;0.54;0.394;0.33;8.6;2.7;55.1;1360;678
"SLE";"Sierra Leone";"SLEr105";"Tonkolili";7498;-11.8899789890327;8.6577424724194;0.251;0.321;0.36;0.137;3.9;0.9;40.9;1080;412;0.285;0.36;0.317;0.202;5.8;1.3;43.4;810;492;0.386;0.522;0.375;0.294;8.1;2;53.9;1190;646;0.426;0.655;0.369;0.32;8.6;2.4;62.6;1150;697
"SLE";"Sierra Leone";"SLEr106";"Kailahun";4327;-10.7242238880562;8.10912333642527;0.29;0.417;0.363;0.161;4.1;1.4;47.1;1110;211;0.328;0.462;0.32;0.237;6.2;2;50.1;830;252;0.399;0.55;0.359;0.322;8.6;2.5;55.7;1070;425;0.438;0.676;0.367;0.339;9.1;2.6;63.9;1140;437
"SLE";"Sierra Leone";"SLEr107";"Kenema";6540;-11.2057216177267;7.93746889273214;0.296;0.384;0.393;0.173;4.4;1.5;44.9;1350;316;0.336;0.427;0.349;0.254;6.6;2.1;47.8;1010;378;0.405;0.517;0.397;0.323;8.1;2.9;53.6;1380;681;0.433;0.571;0.404;0.351;9.1;3;57.1;1450;853
"SLE";"Sierra Leone";"SLEr108";"Kono";5417;-10.898711754974;8.72465139922861;0.289;0.366;0.372;0.178;4.6;1.5;43.8;1180;265;0.328;0.409;0.329;0.262;6.9;2.1;46.6;880;317;0.399;0.549;0.373;0.31;8.3;2.4;55.7;1180;393;0.442;0.632;0.387;0.352;9.5;2.7;61.1;1300;547
"SLE";"Sierra Leone";"SLEr109";"Bo";5185;-11.7134712471003;7.97066367441397;0.299;0.343;0.398;0.195;4.7;2;42.3;1400;378;0.339;0.384;0.354;0.287;7;2.8;44.9;1040;452;0.43;0.543;0.401;0.365;9.2;3.3;55.3;1420;575;0.445;0.598;0.406;0.365;8.9;3.6;58.9;1470;710
"SLE";"Sierra Leone";"SLEr110";"Bonthe";3147;-12.2101105506352;7.48206236165543;0.266;0.349;0.371;0.145;3.6;1.3;42.7;1160;154;0.301;0.39;0.328;0.214;5.4;1.9;45.3;870;184;0.4;0.67;0.366;0.262;6.6;2.4;63.5;1130;269;0.435;0.719;0.378;0.302;8.1;2.3;66.7;1220;278
"SLE";"Sierra Leone";"SLEr111";"Moyamba";7072;-12.4496999030782;8.03622727685485;0.27;0.367;0.357;0.151;3.6;1.5;43.9;1060;148;0.305;0.409;0.314;0.221;5.3;2.2;46.6;800;177;0.374;0.528;0.357;0.277;7.3;2.2;54.3;1060;346;0.414;0.605;0.362;0.324;8.6;2.6;59.3;1100;427
"SLE";"Sierra Leone";"SLEr112";"Pujehun";4205;-11.5618533053435;7.29457332971074;0.235;0.37;0.367;0.096;2.5;0.8;44;1140;177;0.266;0.412;0.324;0.141;3.7;1.2;46.8;850;212;0.359;0.517;0.377;0.238;6.5;1.7;53.6;1210;284;0.406;0.649;0.364;0.282;7.8;2;62.2;1110;284
"SLE";"Sierra Leone";"SLEr113";"Western Rural";414;-13.091087352942;8.35373755959149;0.33;0.319;0.464;0.242;4.7;3.4;40.8;2160;172;0.375;0.359;0.417;0.352;7;4.8;43.3;1580;205;0.481;0.533;0.457;0.456;9.8;5.5;54.6;2060;202;0.496;0.594;0.471;0.437;9.2;5.5;58.6;2260;684
"SLE";"Sierra Leone";"SLEr114";"Western Urban";0;-13.2400163541908;8.42480810685182;0.429;0.398;0.536;0.371;6;6.1;45.9;3470;600;0.487;0.442;0.486;0.538;9;8.7;48.7;2490;717;0.572;0.578;0.541;0.598;10.9;8.8;57.6;3590;906;0.579;0.68;0.551;0.518;10.1;7.1;64.2;3840;1100
"SOM";"Somalia";"SOMr101";"W Galbeed";28635;44.5786370800398;9.87716044118206;NA;NA;NA;NA;NA;NA;NA;NA;NA;NA;NA;NA;NA;NA;NA;NA;NA;NA;0.406;0.497;0.413;0.325;2.3;7.8;52.3;1540;1369;0.457;0.555;0.49;0.35;2.5;8.4;56.1;2570;1936
"SOM";"Somalia";"SOMr102";"Awdal";15765;43.3896706325711;10.5533541425568;NA;NA;NA;NA;NA;NA;NA;NA;NA;NA;NA;NA;NA;NA;NA;NA;NA;NA;0.354;0.695;0.331;0.194;1.6;4.5;65.1;890;487;0.401;0.768;0.402;0.209;1.8;4.8;69.9;1430;689
"SOM";"Somalia";"SOMr103";"Sanaag";53634;47.6662846356268;10.2951443161006;NA;NA;NA;NA;NA;NA;NA;NA;NA;NA;NA;NA;NA;NA;NA;NA;NA;NA;0.396;0.619;0.339;0.296;2.3;6.9;60.2;940;451;0.448;0.687;0.411;0.319;2.5;7.5;64.6;1520;639
"SOM";"Somalia";"SOMr104";"Sool";39059;47.5093930525865;8.96281861996378;NA;NA;NA;NA;NA;NA;NA;NA;NA;NA;NA;NA;NA;NA;NA;NA;NA;NA;0.297;0.568;0.298;0.155;1.3;3.6;56.9;720;262;0.338;0.632;0.367;0.167;1.4;3.9;61.1;1140;371
"SOM";"Somalia";"SOMr105";"Togdhere";32484;45.7061333461925;9.09865009706744;NA;NA;NA;NA;NA;NA;NA;NA;NA;NA;NA;NA;NA;NA;NA;NA;NA;NA;0.282;0.458;0.277;0.178;1.7;3.9;49.7;630;587;0.323;0.513;0.345;0.191;1.8;4.2;53.4;980;830
"SOM";"Somalia";"SOMr106";"Mudug";58703;48.1377524869427;6.37174156774139;NA;NA;NA;NA;NA;NA;NA;NA;NA;NA;NA;NA;NA;NA;NA;NA;NA;NA;0.33;0.531;0.334;0.202;1.9;4.5;54.5;920;529;0.374;0.592;0.406;0.218;2;4.8;58.5;1470;748
"SOM";"Somalia";"SOMr107";"Nugal";28361;48.903517425504;8.11141855374027;NA;NA;NA;NA;NA;NA;NA;NA;NA;NA;NA;NA;NA;NA;NA;NA;NA;NA;0.332;0.519;0.315;0.224;2.1;5;53.8;800;264;0.378;0.58;0.385;0.241;2.2;5.4;57.7;1280;374
"SOM";"Somalia";"SOMr108";"Bari";68650;50.0467858937826;10.2222533809251;NA;NA;NA;NA;NA;NA;NA;NA;NA;NA;NA;NA;NA;NA;NA;NA;NA;NA;0.38;0.545;0.377;0.268;2;6.4;55.4;1210;502;0.429;0.607;0.451;0.288;2.2;6.8;59.4;1990;710
"SOM";"Somalia";"SOMr109";"Bakool";26685;43.9333567018201;4.19013157646249;NA;NA;NA;NA;NA;NA;NA;NA;NA;NA;NA;NA;NA;NA;NA;NA;NA;NA;0.257;0.47;0.256;0.141;1.5;3;50.6;540;500;0.295;0.527;0.322;0.152;1.6;3.2;54.3;840;707
"SOM";"Somalia";"SOMr110";"Bay";44382;43.5611177650815;2.64287616803649;NA;NA;NA;NA;NA;NA;NA;NA;NA;NA;NA;NA;NA;NA;NA;NA;NA;NA;0.256;0.432;0.265;0.147;1.7;3;48;580;963;0.294;0.485;0.332;0.159;1.8;3.2;51.6;900;1363
"SOM";"Somalia";"SOMr111";"Gedo";44501;41.9490241986686;2.86342663228057;NA;NA;NA;NA;NA;NA;NA;NA;NA;NA;NA;NA;NA;NA;NA;NA;NA;NA;0.288;0.488;0.282;0.174;1.8;3.7;51.7;650;576;0.33;0.546;0.35;0.187;2;4;55.5;1020;814
"SOM";"Somalia";"SOMr112";"Middle Juba";19009;42.539221449235;1.21896802136568;NA;NA;NA;NA;NA;NA;NA;NA;NA;NA;NA;NA;NA;NA;NA;NA;NA;NA;0.203;0.556;0.262;0.057;0.3;1.4;56.1;570;355;0.232;0.619;0.329;0.061;0.4;1.5;60.2;880;502
"SOM";"Somalia";"SOMr113";"Hiran";34686;45.4940807415982;4.22189376524776;NA;NA;NA;NA;NA;NA;NA;NA;NA;NA;NA;NA;NA;NA;NA;NA;NA;NA;0.255;0.709;0.28;0.084;0.8;1.8;66.1;640;516;0.291;0.783;0.348;0.09;0.9;2;70.9;1000;730
"SOM";"Somalia";"SOMr114";"Middle Shabelle";17971;46.0111243068218;3.02240310817854;NA;NA;NA;NA;NA;NA;NA;NA;NA;NA;NA;NA;NA;NA;NA;NA;NA;NA;0.277;0.519;0.297;0.138;1.6;2.8;53.7;710;900;0.315;0.579;0.366;0.148;1.7;3;57.6;1130;1273
"SOM";"Somalia";"SOMr115";"Lower Shabelle";26150;44.3476312371053;1.91351603792726;NA;NA;NA;NA;NA;NA;NA;NA;NA;NA;NA;NA;NA;NA;NA;NA;NA;NA;0.283;0.408;0.295;0.187;1.5;4.3;46.5;710;1348;0.323;0.461;0.364;0.201;1.6;4.7;49.9;1110;1907
"SOM";"Somalia";"SOMr116";"Banadir";188;45.4199763658517;2.10717852689104;NA;NA;NA;NA;NA;NA;NA;NA;NA;NA;NA;NA;NA;NA;NA;NA;NA;NA;0.408;0.438;0.431;0.36;2.5;8.7;48.5;1730;1601;0.459;0.492;0.509;0.387;2.7;9.4;52;2910;2264
"SOM";"Somalia";"SOMr117";"Galguduud";48617;46.7806823914691;5.10613767949776;NA;NA;NA;NA;NA;NA;NA;NA;NA;NA;NA;NA;NA;NA;NA;NA;NA;NA;0.244;0.475;0.274;0.111;1.1;2.4;50.9;610;598;0.279;0.532;0.341;0.119;1.2;2.6;54.6;960;845
"SOM";"Somalia";"SOMr118";"Lower Juba";47801;41.8004675421822;0.0850791191042047;NA;NA;NA;NA;NA;NA;NA;NA;NA;NA;NA;NA;NA;NA;NA;NA;NA;NA;0.261;0.411;0.266;0.162;1.5;3.6;46.7;580;632;0.3;0.464;0.333;0.175;1.6;3.9;50.1;900;894
"SSD";"South Sudan";"SSDr101";"Upper Nile";78127;32.7953923202644;9.89641944536833;NA;NA;NA;NA;NA;NA;NA;NA;NA;NA;NA;NA;NA;NA;NA;NA;NA;NA;0.416;0.58;0.306;0.407;7.2;6.2;57.7;760;1292;0.422;0.575;0.31;0.422;7.8;6.2;57.4;780;1318
"SSD";"South Sudan";"SSDr102";"Jonglei";122601;32.319094394922;7.38529867195392;NA;NA;NA;NA;NA;NA;NA;NA;NA;NA;NA;NA;NA;NA;NA;NA;NA;NA;0.328;0.648;0.273;0.199;2.8;3.6;62.2;610;1562;0.331;0.643;0.276;0.205;3.1;3.6;61.8;620;1593
"SSD";"South Sudan";"SSDr103";"Unity";35966;29.8605064380774;8.93665097717484;NA;NA;NA;NA;NA;NA;NA;NA;NA;NA;NA;NA;NA;NA;NA;NA;NA;NA;0.337;0.675;0.288;0.197;2.3;4;63.9;670;758;0.34;0.67;0.291;0.201;2.4;4;63.5;690;773
"SSD";"South Sudan";"SSDr104";"Warrap";39312;28.6045799914667;8.03962508967933;NA;NA;NA;NA;NA;NA;NA;NA;NA;NA;NA;NA;NA;NA;NA;NA;NA;NA;0.304;0.521;0.269;0.2;3.1;3.4;53.8;590;1450;0.308;0.516;0.273;0.207;3.3;3.4;53.6;610;1479
"SSD";"South Sudan";"SSDr105";"Northern Bahr El Ghazal";32202;27.1236554923954;8.91748034520623;NA;NA;NA;NA;NA;NA;NA;NA;NA;NA;NA;NA;NA;NA;NA;NA;NA;NA;0.301;0.469;0.276;0.211;3.4;3.5;50.5;620;996;0.305;0.465;0.28;0.218;3.7;3.5;50.2;640;1015
"SSD";"South Sudan";"SSDr106";"Western Bahr El Ghazal";84717;26.107626091629;8.26285608413037;NA;NA;NA;NA;NA;NA;NA;NA;NA;NA;NA;NA;NA;NA;NA;NA;NA;NA;0.408;0.545;0.302;0.411;6.5;7;55.4;740;405;0.412;0.54;0.306;0.425;6.9;7;55.1;760;413
"SSD";"South Sudan";"SSDr107";"Lakes";43248;29.9314304840384;6.65488624631397;NA;NA;NA;NA;NA;NA;NA;NA;NA;NA;NA;NA;NA;NA;NA;NA;NA;NA;0.34;0.61;0.303;0.213;3.1;3.8;59.6;740;848;0.344;0.605;0.307;0.22;3.4;3.8;59.3;760;864
"SSD";"South Sudan";"SSDr108";"Western Equatoria";80798;28.7008779730375;5.55739068850152;NA;NA;NA;NA;NA;NA;NA;NA;NA;NA;NA;NA;NA;NA;NA;NA;NA;NA;0.421;0.529;0.301;0.468;8.2;7.3;54.4;730;832;0.426;0.525;0.304;0.485;8.8;7.3;54.1;750;849
"SSD";"South Sudan";"SSDr109";"Central Equatoria";42751;31.218846940033;4.76960812121222;NA;NA;NA;NA;NA;NA;NA;NA;NA;NA;NA;NA;NA;NA;NA;NA;NA;NA;0.453;0.514;0.316;0.571;9.5;9.2;53.4;810;1402;0.459;0.51;0.32;0.591;10.2;9.2;53.2;830;1430
"SSD";"South Sudan";"SSDr110";"Eastern Equatoria";69031;33.5374491512061;4.92104351130224;NA;NA;NA;NA;NA;NA;NA;NA;NA;NA;NA;NA;NA;NA;NA;NA;NA;NA;0.363;0.507;0.269;0.349;5.5;5.9;52.9;590;1157;0.367;0.502;0.273;0.36;5.9;5.9;52.7;610;1180
"STP";"Sao Tome & Principe";"STPr101";"Regiao Centro";106;6.67875733108687;0.31652614345878;0.501;0.637;0.498;0.395;8.7;4.6;61.4;2710;75;0.529;0.658;0.511;0.442;9.6;5.2;62.7;2940;90;0.581;0.707;0.556;0.499;10.9;5.9;66;3970;120;0.632;0.767;0.576;0.573;12.9;6.4;69.8;4510;133
"STP";"Sao Tome & Principe";"STPr102";"Regiao Sul";144;6.60977505215118;0.230137961584771;0.446;0.657;0.42;0.321;7.4;3.5;62.7;1610;17;0.472;0.678;0.431;0.359;8.2;3.9;64.1;1740;20;0.525;0.72;0.477;0.421;10;4.3;66.8;2350;24;0.581;0.739;0.524;0.507;12.2;5;68;3210;33
"STP";"Sao Tome & Principe";"STPr103";"Regiao Norte";201;6.55620329484903;0.280405015866703;0.444;0.61;0.433;0.331;7.7;3.5;59.6;1760;27;0.47;0.63;0.444;0.371;8.6;4;60.9;1900;32;0.52;0.682;0.489;0.422;9.9;4.4;64.3;2540;38;0.582;0.723;0.534;0.511;12.1;5.2;67;3430;52
"STP";"Sao Tome & Principe";"STPr104";"Regiao do Principe";70;7.38921232075429;1.59865728995546;0.489;0.666;0.451;0.39;9;4.2;63.3;1980;6;0.517;0.687;0.462;0.436;10;4.8;64.6;2130;7;0.566;0.713;0.52;0.488;11.1;5.4;66.3;3120;8;0.616;0.749;0.57;0.547;12.9;5.6;68.7;4350;9
"SWZ";"Eswatini";"SWZr101";"Hhohho";3656;31.3595289189826;-26.1134183893706;0.552;0.656;0.604;0.424;9.6;4.7;62.6;5440;248;0.457;0.389;0.623;0.394;9.5;3.9;45.3;6180;279;0.553;0.506;0.661;0.505;12.6;4.7;52.9;7960;286;0.625;0.598;0.688;0.594;14.4;5.8;58.9;9480;300
"SWZ";"Eswatini";"SWZr102";"Manzini";3023;31.2446506596074;-26.5538234950956;0.547;0.628;0.606;0.43;9.7;4.9;60.8;5540;275;0.452;0.367;0.625;0.402;9.6;4.1;43.8;6260;316;0.535;0.446;0.667;0.515;12.5;5;49;8290;372;0.596;0.515;0.673;0.611;14.7;6.1;53.5;8590;446
"SWZ";"Eswatini";"SWZr103";"Shiselweni";3835;31.4590191961821;-27.0381223023639;0.513;0.629;0.553;0.388;9.7;3.6;60.9;3890;212;0.424;0.373;0.568;0.36;9.3;3;44.3;4300;241;0.503;0.427;0.602;0.495;13.2;3.9;47.8;5380;233;0.604;0.548;0.639;0.629;16;5.5;55.6;6860;215
"SWZ";"Eswatini";"SWZr104";"Lubombo";5406;31.8382769176112;-26.556141677353;0.523;0.653;0.595;0.368;8.9;3.7;62.4;5130;190;0.429;0.377;0.606;0.347;9;2.9;44.5;5530;215;0.514;0.458;0.629;0.471;12.5;3.7;49.8;6450;220;0.609;0.587;0.656;0.586;15;5.1;58.2;7690;240
"TCD";"Chad";"TCDr101";"Zone 1 (N'Djamena)";211;15.0149434779606;12.1338962155782;NA;NA;NA;NA;NA;NA;NA;NA;NA;0.451;0.459;0.443;0.451;10.4;4.8;49.8;1870;772;0.52;0.484;0.58;0.5;11.7;5.3;51.4;4650;1266;0.531;0.56;0.528;0.505;12.1;5;56.4;3310;1248
"TCD";"Chad";"TCDr102";"Zone 2 (Borkou, Ennedi, Tibesti, Kanem, Barh El Gazal, Lac)";716240;18.5912957255374;18.0594102680642;NA;NA;NA;NA;NA;NA;NA;NA;NA;0.222;0.452;0.331;0.073;2.2;0.3;49.4;900;1032;0.291;0.515;0.428;0.112;3.5;0.4;53.5;1700;1408;0.27;0.575;0.401;0.086;2.7;0.3;57.4;1430;2025
"TCD";"Chad";"TCDr103";"Zone 3 (Guera, Batha, Salamat)";220699;19.3112171184977;12.3104931641093;NA;NA;NA;NA;NA;NA;NA;NA;NA;0.237;0.446;0.327;0.092;2.8;0.4;49;870;1114;0.318;0.495;0.407;0.16;4.9;0.7;52.2;1480;1646;0.336;0.558;0.383;0.177;5.2;1;56.3;1260;2096
"TCD";"Chad";"TCDr104";"Zone 4 (Ouaddai, Assongha, Sila, Biltine - Wadi Fira)";120802;21.4017497614144;13.7934674675053;NA;NA;NA;NA;NA;NA;NA;NA;NA;0.198;0.485;0.326;0.049;1.4;0.3;51.5;860;849;0.292;0.572;0.397;0.11;3.5;0.4;57.2;1380;1454;0.292;0.599;0.383;0.109;3.2;0.6;58.9;1260;2427
"TCD";"Chad";"TCDr105";"Zone 5 (Chari-Baguimi, Dababa, Baguirmi, Hadjer Lamis)";77216;16.2883718125317;11.7570070563945;NA;NA;NA;NA;NA;NA;NA;NA;NA;0.213;0.419;0.34;0.068;1.9;0.5;47.3;950;1008;0.28;0.455;0.431;0.112;3.3;0.6;49.6;1740;1341;0.286;0.473;0.398;0.124;3.7;0.7;50.7;1400;1759
"TCD";"Chad";"TCDr106";"Zone 6 (Mayo-Kebbi Est and Ouest)";30265;15.2039607990411;9.8289856106253;NA;NA;NA;NA;NA;NA;NA;NA;NA;0.36;0.453;0.352;0.292;8.3;1.8;49.4;1030;936;0.409;0.466;0.413;0.356;10;2.4;50.3;1530;1612;0.458;0.504;0.397;0.481;12.8;3.7;52.8;1390;2521
"TCD";"Chad";"TCDr107";"Zone 7 (Logone Occidental & Oriental, Monts de Lam, Tandjile Est & Ouest)";49002;16.3104687102801;8.77024794693993;NA;NA;NA;NA;NA;NA;NA;NA;NA;0.336;0.406;0.344;0.273;7.7;1.8;46.4;980;1953;0.399;0.421;0.41;0.368;10.2;2.5;47.3;1510;2466;0.413;0.434;0.379;0.429;11.5;3.3;48.2;1230;3855
"TCD";"Chad";"TCDr108";"Zone 8 (Mandoul, Moyen-Chari, Bahr Koh, Lac Iro)";59939;18.3112338058637;9.21692977127644;NA;NA;NA;NA;NA;NA;NA;NA;NA;0.327;0.428;0.338;0.242;6.8;1.6;47.8;940;1173;0.412;0.458;0.411;0.371;10.2;2.6;49.8;1520;1560;0.433;0.493;0.382;0.431;11.5;3.3;52;1250;1792
"TGO";"Togo";"TGOr101";"Lome";81;1.23738949192805;6.16856723552792;0.491;0.583;0.508;0.401;8;5.3;57.9;2880;605;0.553;0.639;0.521;0.508;11;6;61.5;3160;865;0.581;0.651;0.529;0.569;12.9;6.3;62.3;3330;966;0.617;0.651;0.545;0.663;13.7;8.5;62.3;3690;2216
"TGO";"Togo";"TGOr102";"Maritime";6732;1.2838376403164;6.53109297483558;0.392;0.527;0.392;0.291;8;2.1;54.2;1340;986;0.445;0.541;0.406;0.4;11;2.9;55.2;1470;1480;0.51;0.621;0.433;0.494;12.7;4.2;60.4;1760;2067;0.527;0.625;0.443;0.531;13.6;4.6;60.6;1870;1441
"TGO";"Togo";"TGOr103";"Plateaux";17338;1.13717784541873;7.48949114906297;0.388;0.542;0.388;0.277;7;2.5;55.3;1300;1059;0.431;0.549;0.389;0.375;9.8;3.1;55.7;1310;1162;0.46;0.582;0.385;0.434;11.5;3.5;57.8;1280;1566;0.534;0.663;0.43;0.535;13.2;5.1;63.1;1720;2081
"TGO";"Togo";"TGOr104";"Centrale";12975;1.06043291625209;8.64822534531203;0.385;0.527;0.408;0.265;7.5;1.7;54.3;1490;450;0.428;0.531;0.41;0.36;10.2;2.3;54.5;1510;525;0.473;0.554;0.416;0.458;12.9;3;56;1570;682;0.534;0.641;0.452;0.525;13.1;4.9;61.7;1990;834
"TGO";"Togo";"TGOr105";"Kara";11131;0.875246992769942;9.60229934478194;0.374;0.503;0.408;0.255;7.2;1.7;52.7;1490;560;0.417;0.531;0.407;0.336;9.5;2.1;54.5;1480;673;0.451;0.541;0.403;0.422;11.7;2.9;55.2;1440;833;0.515;0.599;0.448;0.508;12.3;5;58.9;1940;1059
"TGO";"Togo";"TGOr106";"Savanes";8987;0.463237199375681;10.5800792275201;0.313;0.492;0.396;0.158;4.8;0.7;52;1380;447;0.338;0.485;0.392;0.203;6.2;0.9;51.5;1340;577;0.399;0.548;0.378;0.307;9.3;1.4;55.6;1220;814;0.471;0.633;0.422;0.39;11.2;2.4;61.1;1640;1218
"TUN";"Tunisia";"TUNr101";"Grand Tunis (Tunis, Ariana, Ben Arous, Manouba)";2414;9.99237176047018;36.8352464358117;0.616;0.799;0.646;0.454;10.8;4.6;71.9;7190;2173;0.707;0.851;0.687;0.603;14;6.5;75.3;9430;2492;0.764;0.875;0.728;0.7;15.3;8.2;76.9;12430;2758;0.777;0.855;0.721;0.76;15.9;9.6;75.6;11800;2944
"TUN";"Tunisia";"TUNr102";"Nord Est (Nabeul, Zaghouan, Bizerte)";8079;10.1433789219992;36.7211676273395;0.581;0.759;0.626;0.412;10.4;3.7;69.3;6320;1277;0.665;0.809;0.667;0.546;13.4;5.2;72.6;8260;1465;0.718;0.832;0.708;0.63;14.7;6.7;74.1;10840;1621;0.719;0.812;0.694;0.658;14.1;8;72.8;9920;1740
"TUN";"Tunisia";"TUNr103";"Nord Ouest (Beja, Jendouba, Kef, Siliana)";15713;9.05524772445803;36.3524577643929;0.543;0.763;0.578;0.362;9.7;2.8;69.6;4590;957;0.622;0.814;0.617;0.478;12.5;4;72.9;5940;1097;0.67;0.837;0.656;0.548;13.7;5;74.4;7710;1215;0.707;0.817;0.69;0.627;14.7;6.6;73.1;9620;1353
"TUN";"Tunisia";"TUNr104";"Centre Ouest (Kairouan, Kasserine, Sidi Bouzid)";22433;9.374370835758;35.2552397607272;0.516;0.731;0.561;0.335;8.9;2.6;67.5;4100;1145;0.591;0.78;0.599;0.442;11.5;3.7;70.7;5280;1313;0.638;0.802;0.638;0.507;12.6;4.7;72.1;6840;1453;0.668;0.783;0.672;0.566;13.2;6;70.9;8550;1581
"TUN";"Tunisia";"TUNr105";"Centre Est (Sousse, Monastir, Mahdia, Sfax)";14251;10.4617434361335;35.1738636560789;0.584;0.78;0.624;0.409;10;4;70.7;6200;1930;0.669;0.832;0.664;0.543;12.9;5.6;74.1;8100;2213;0.724;0.855;0.705;0.629;14.1;7.1;75.6;10630;2450;0.73;0.835;0.704;0.663;14.3;8;74.3;10540;2913
"TUN";"Tunisia";"TUNr106";"Sud Ouest (Gafsa, Tozeur, Kebili)";35902;8.72347151327738;33.6409316062388;0.577;0.757;0.622;0.407;10.2;3.7;69.2;6160;468;0.661;0.808;0.663;0.539;13.1;5.2;72.5;8040;536;0.714;0.83;0.704;0.622;14.4;6.7;74;10540;594;0.726;0.811;0.689;0.685;15.2;7.9;72.7;9580;704
"TUN";"Tunisia";"TUNr107";"Sud Est (Gabes, Medinine, Tataouine)";55176;10.0791041698801;32.4146317311853;0.571;0.79;0.606;0.388;9.6;3.6;71.3;5520;853;0.654;0.842;0.646;0.515;12.4;5.1;74.7;7180;978;0.707;0.865;0.686;0.595;13.6;6.5;76.2;9380;1083;0.73;0.845;0.696;0.663;14.6;7.7;74.9;10000;1120
"TZA";"Tanzania";"TZAr201";" Dodoma";42356;35.9050162321726;-5.90743526586274;0.334;0.408;0.375;0.244;4.8;3.3;46.5;1200;1936;0.387;0.491;0.391;0.303;6.3;3.8;51.9;1330;1789;0.451;0.63;0.402;0.363;8;4.3;60.9;1440;2483;0.467;0.676;0.405;0.371;7.9;4.6;63.9;1460;3137
"TZA";"Tanzania";"TZAr202";" Arusha, Manyara";84324;36.2691740144323;-3.82815500657229;0.397;0.575;0.381;0.286;5.5;4;57.4;1240;1706;0.432;0.602;0.401;0.333;6.7;4.4;59.2;1420;2993;0.524;0.744;0.448;0.431;9.1;5.3;68.3;1950;3127;0.535;0.801;0.458;0.417;8.4;5.5;72.1;2080;4336
"TZA";"Tanzania";"TZAr203";" Kilimanjaro";13304;37.6197436963323;-3.74382656026604;0.46;0.647;0.403;0.373;7;5.3;62;1440;1504;0.504;0.666;0.442;0.434;9;5.5;63.3;1870;1587;0.594;0.756;0.51;0.544;11.3;6.9;69.2;2920;1593;0.603;0.789;0.528;0.528;11.1;6.6;71.3;3290;1773
"TZA";"Tanzania";"TZAr204";" Tanga";28198;38.2874314476485;-5.21043486506513;0.38;0.489;0.371;0.303;6.1;4;51.8;1160;1418;0.417;0.511;0.396;0.358;7.6;4.4;53.2;1380;1580;0.514;0.659;0.467;0.44;9.4;5.4;62.8;2200;2278;0.536;0.752;0.488;0.42;8.7;5.3;68.9;2530;3069
"TZA";"Tanzania";"TZAr205";" Morogoro";70483;37.0025910961806;-7.91448357244293;0.35;0.444;0.381;0.252;5;3.4;48.9;1250;1471;0.409;0.496;0.409;0.337;6.8;4.5;52.2;1500;1723;0.502;0.659;0.447;0.429;8.6;5.7;62.9;1930;2360;0.514;0.747;0.446;0.408;8.2;5.4;68.6;1910;3232
"TZA";"Tanzania";"TZAr206";" Pwani";32250;38.6402527408313;-7.25065573781987;0.331;0.453;0.381;0.21;4.5;2.5;49.5;1250;541;0.386;0.512;0.389;0.29;6.4;3.4;53.3;1310;1043;0.492;0.644;0.449;0.411;9;4.9;61.9;1960;1215;0.494;0.692;0.45;0.386;8.1;4.8;65;1970;1455
"TZA";"Tanzania";"TZAr207";" Dar Es Salam";1989;39.2548155393711;-6.9118081305106;0.426;0.452;0.469;0.364;6;5.9;49.4;2230;1483;0.507;0.556;0.51;0.459;8.3;6.9;56.1;2930;2422;0.594;0.62;0.586;0.577;10.5;8.5;60.3;4830;3438;0.616;0.684;0.598;0.573;10.4;8.5;64.5;5230;5595
"TZA";"Tanzania";"TZAr208";" Lindi";65944;38.4199938088505;-9.4756232144711;0.328;0.465;0.373;0.204;3.9;2.9;50.3;1180;753;0.383;0.472;0.389;0.306;6.4;3.8;50.7;1310;792;0.443;0.599;0.417;0.349;7.3;4.4;58.9;1580;961;0.478;0.717;0.424;0.36;7.4;4.6;66.6;1660;1428
"TZA";"Tanzania";"TZAr209";" Mtwara";18167;39.0800365890238;-10.8146837376987;0.325;0.436;0.362;0.217;4.7;2.5;48.3;1100;1064;0.387;0.505;0.383;0.299;6.6;3.5;52.8;1260;1353;0.47;0.634;0.426;0.385;8.2;4.7;61.2;1680;1670;0.477;0.717;0.427;0.354;7.2;4.7;66.6;1690;2033
"TZA";"Tanzania";"TZAr210";" Ruvuma";63899;36.2420137605357;-10.7413252009521;0.383;0.496;0.382;0.296;5.5;4.3;52.2;1250;961;0.424;0.489;0.398;0.39;8;5;51.8;1400;1010;0.523;0.699;0.444;0.46;9.2;6.1;65.5;1890;1510;0.522;0.746;0.448;0.425;8.5;5.7;68.5;1940;1851
"TZA";"Tanzania";"TZAr211";" Iringa, Njombe";59138;35.2085076652158;-8.40731392224283;0.365;0.517;0.374;0.251;5.4;3.1;53.6;1190;1543;0.421;0.526;0.394;0.36;8.1;4.1;54.2;1350;1440;0.517;0.629;0.464;0.475;10;5.9;60.9;2150;1899;0.543;0.752;0.466;0.457;9.5;5.8;68.9;2190;2246
"TZA";"Tanzania";"TZAr212";" Mbeya";60493;33.3878113615041;-8.24156234485743;0.382;0.507;0.378;0.29;6.3;3.4;53;1220;1332;0.406;0.53;0.399;0.317;6.7;4;54.5;1410;2389;0.496;0.627;0.453;0.428;8.9;5.5;60.8;2010;2921;0.51;0.683;0.446;0.437;8.8;5.7;64.4;1910;3963
"TZA";"Tanzania";"TZAr213";" Singida";49141;34.4917024546985;-5.71500715594059;0.376;0.539;0.38;0.26;5.8;3;55.1;1240;1065;0.398;0.526;0.375;0.32;7.3;3.5;54.2;1200;1217;0.498;0.702;0.421;0.417;8.6;5.3;65.6;1630;1587;0.515;0.788;0.427;0.406;8.3;5.2;71.2;1690;2135
"TZA";"Tanzania";"TZAr214";" Tabora";76545;32.8074627135412;-5.24999423867301;0.345;0.487;0.372;0.226;5.1;2.5;51.7;1180;855;0.344;0.504;0.382;0.211;4.1;2.9;52.8;1260;1557;0.449;0.668;0.432;0.313;6.5;3.9;63.4;1750;2505;0.453;0.734;0.434;0.292;5.8;3.9;67.7;1770;3887
"TZA";"Tanzania";"TZAr215";" Rukwa, Katavi";71563;31.3665659643432;-6.91132691683593;0.351;0.505;0.372;0.229;4.5;3.2;52.9;1170;669;0.381;0.499;0.386;0.287;5.8;3.8;52.4;1290;1068;0.457;0.633;0.415;0.363;7.4;4.8;61.2;1560;1490;0.454;0.68;0.41;0.335;6.4;4.7;64.2;1510;2169
"TZA";"Tanzania";"TZAr216";" Kigoma";35704;30.5488183551849;-4.57211895338138;0.334;0.441;0.37;0.227;4.9;2.7;48.7;1160;1172;0.402;0.499;0.387;0.337;7.3;4;52.4;1300;1499;0.473;0.642;0.423;0.39;8.5;4.6;61.7;1650;2151;0.489;0.749;0.423;0.368;7.8;4.6;68.7;1640;2851
"TZA";"Tanzania";"TZAr217";" Shinyanga, Simiyu";39266;33.7492173466394;-3.33443540413641;0.343;0.463;0.377;0.232;5.5;2.4;50.1;1220;2346;0.38;0.53;0.387;0.268;5.8;3.2;54.4;1300;3148;0.466;0.625;0.447;0.361;7.6;4.5;60.6;1930;3937;0.478;0.695;0.442;0.356;7.4;4.5;65.2;1860;5301
"TZA";"Tanzania";"TZAr218";" Kagera";26887;31.1885992618111;-2.03969501561012;0.357;0.449;0.37;0.274;4.8;4.2;49.2;1160;1922;0.39;0.486;0.376;0.324;6.6;4.2;51.6;1210;1963;0.479;0.637;0.424;0.407;8.9;4.8;61.4;1660;2661;0.49;0.698;0.422;0.399;8.6;4.8;65.4;1640;3304
"TZA";"Tanzania";"TZAr219";" Mwanza, Geita";31129;32.3082462854316;-3.10373085494406;0.363;0.477;0.381;0.262;5.6;3.2;51;1250;1849;0.41;0.526;0.403;0.326;6.7;4.2;54.2;1440;3195;0.483;0.635;0.446;0.397;8.4;4.9;61.3;1920;4652;0.492;0.705;0.442;0.383;7.9;4.9;65.8;1870;7144
"TZA";"Tanzania";"TZAr220";" Mara";21955;34.3944722784877;-1.86897005954177;0.346;0.437;0.365;0.26;5.3;3.4;48.4;1120;1175;0.41;0.494;0.381;0.366;7.7;4.6;52.1;1250;1536;0.48;0.572;0.437;0.442;9.4;5.4;57.2;1810;1960;0.509;0.685;0.443;0.434;9;5.5;64.5;1880;2723
"TZA";"Tanzania";"TZAr221";" Zanzibar North";297;39.3200013628459;-5.94773022865218;0.362;0.484;0.381;0.256;5.2;3.4;51.5;1250;125;0.425;0.532;0.409;0.352;8.1;3.8;54.6;1500;194;0.528;0.704;0.483;0.433;9.9;4.7;65.8;2450;215;0.551;0.759;0.496;0.444;10;5;69.3;2670;297
"TZA";"Tanzania";"TZAr222";" Zanzibar South";163;39.3315548626048;-6.09840683366509;0.419;0.524;0.401;0.35;7;4.7;54;1420;116;0.499;0.549;0.459;0.493;10.2;6.3;55.7;2090;86;0.579;0.707;0.528;0.521;10.5;6.9;65.9;3310;133;0.602;0.789;0.531;0.521;10.4;7;71.3;3350;176
"TZA";"Tanzania";"TZAr223";" Zanzibar West";100;39.2648804371956;-6.10302223659796;0.426;0.5;0.459;0.337;6.3;4.9;52.5;2090;201;0.572;0.668;0.547;0.512;9.9;7.1;63.4;3740;370;0.656;0.699;0.654;0.616;11.9;8.6;65.4;7600;544;0.678;0.772;0.659;0.614;11.7;8.7;70.2;7820;786
"TZA";"Tanzania";"TZAr224";" Pemba North";185;39.7596789622402;-5.08526339049648;0.339;0.584;0.371;0.179;4.3;1.8;57.9;1170;247;0.432;0.572;0.41;0.343;7.9;3.7;57.2;1510;219;0.51;0.663;0.49;0.408;9.7;4.1;63.1;2550;250;0.534;0.771;0.505;0.391;8.8;4.4;70.1;2830;315
"TZA";"Tanzania";"TZAr225";" Pemba South";193;39.7759034172395;-5.27646561168114;0.358;0.513;0.36;0.248;5.8;2.6;53.4;1080;127;0.425;0.545;0.404;0.35;8.2;3.6;55.4;1450;179;0.548;0.696;0.512;0.461;10.2;5.3;65.2;2960;248;0.568;0.784;0.521;0.449;9.8;5.3;70.9;3150;295
"UGA";"Uganda";"UGAr101";"Central 1 (Central South)";16015;31.7138392260677;-0.147002708693807;0.336;0.393;0.346;0.279;5.4;3.9;45.6;990;1976;0.426;0.443;0.405;0.431;9.8;4.8;48.8;1460;2685;0.525;0.6;0.479;0.504;11.1;5.9;59;2380;3823;0.609;0.702;0.538;0.598;11.6;8.2;65.6;3520;5654
"UGA";"Uganda";"UGAr102";"Central 2 (Central North)";23425;32.1928518085147;0.869390393767649;0.34;0.431;0.337;0.271;5.4;3.6;48;930;1804;0.432;0.483;0.395;0.422;9.9;4.4;51.4;1370;2451;0.522;0.626;0.46;0.494;11.1;5.5;60.7;2100;3648;0.562;0.669;0.489;0.543;11.6;6.6;63.5;2550;5190
"UGA";"Uganda";"UGAr103";"Kampala";165;32.5866396370498;0.31202583907143;0.436;0.476;0.446;0.391;5.9;6.8;51;1920;1094;0.539;0.532;0.51;0.577;10.7;8.4;54.6;2930;1486;0.627;0.666;0.587;0.629;11.4;9.4;63.3;4890;1970;0.663;0.691;0.613;0.689;12.3;10.4;64.9;5800;1851
"UGA";"Uganda";"UGAr104";"East Central (Busoga)";11587;33.4717983579877;0.784581628617515;0.336;0.43;0.329;0.268;5.6;3.4;47.9;880;1898;0.428;0.482;0.386;0.421;10.1;4.2;51.3;1290;2579;0.503;0.593;0.441;0.487;11.6;5;58.5;1850;3582;0.551;0.648;0.466;0.553;12.5;6.2;62.1;2190;4674
"UGA";"Uganda";"UGAr105";"Eastern (Bukedi, Bugishu, Teso)";18922;33.8544494273859;1.53371555840689;0.329;0.447;0.309;0.258;5.6;3.1;49;770;2728;0.421;0.5;0.366;0.408;10.1;3.8;52.5;1120;3706;0.502;0.63;0.419;0.478;11.6;4.7;61;1600;5465;0.549;0.69;0.441;0.543;12.5;5.9;64.8;1860;8513
"UGA";"Uganda";"UGAr106";"North (Karamoja, Lango, Acholi)";71571;33.3262309751859;2.76075050431666;0.288;0.378;0.297;0.212;4.6;2.5;44.6;720;3085;0.37;0.427;0.353;0.335;8.3;3.1;47.7;1040;4191;0.452;0.578;0.402;0.397;9.5;4;57.6;1430;4454;0.495;0.668;0.417;0.436;9.8;4.9;63.4;1590;6309
"UGA";"Uganda";"UGAr107";"West Nile";15863;31.3536846093897;3.10866532972254;0.304;0.369;0.308;0.247;5.4;2.9;44;770;1022;0.39;0.417;0.364;0.392;9.8;3.6;47.1;1110;1389;0.462;0.567;0.408;0.427;10.2;4.3;56.9;1490;2218;0.506;0.645;0.42;0.478;10.8;5.3;61.9;1610;3294
"UGA";"Uganda";"UGAr108";"Western (Bunyoro, Tooro)";31224;31.010299405525;1.07154263123472;0.311;0.403;0.321;0.233;5;2.8;46.2;840;2872;0.398;0.453;0.378;0.368;9.1;3.5;49.5;1220;3903;0.489;0.579;0.444;0.454;10.8;4.6;57.6;1880;4859;0.519;0.648;0.453;0.477;10.8;5.3;62.1;2000;6080
"UGA";"Uganda";"UGAr109";"Southwest (Ankole, Kigezi)";21693;30.3986370502783;-0.619079499337974;0.31;0.379;0.329;0.239;5.1;2.9;44.6;880;2323;0.396;0.428;0.387;0.376;9.2;3.6;47.8;1290;3156;0.483;0.57;0.44;0.45;11.1;4.2;57;1840;4254;0.54;0.677;0.455;0.511;11.7;5.6;64;2030;5684
"ZAF";"South Africa";"ZAFr101";"Western Cape";129477;20.5872931168302;-33.0304312528833;0.728;0.788;0.809;0.606;11.8;8.3;71.2;21160;4070;0.701;0.635;0.811;0.669;12.4;9.7;61.3;21490;4893;0.734;0.684;0.804;0.72;12.7;11.1;64.5;20500;5931;0.755;0.657;0.814;0.804;13.4;13;62.7;21840;6488
"ZAF";"South Africa";"ZAFr102";"Eastern Cape";171610;26.4316735421275;-32.1499248989297;0.595;0.611;0.593;0.581;13.1;6.5;59.7;5060;6559;0.584;0.504;0.623;0.635;13.7;7.6;52.8;6190;6957;0.654;0.607;0.682;0.675;13.6;8.9;59.5;9140;6678;0.678;0.607;0.695;0.74;14.2;10.4;59.5;9980;7678
"ZAF";"South Africa";"ZAFr103";"Northern Cape";372962;21.4064399753632;-29.444882577609;0.641;0.672;0.734;0.533;11.1;6.7;63.7;12860;864;0.623;0.552;0.741;0.59;11.9;7.8;55.9;13530;1004;0.677;0.644;0.747;0.644;12.6;8.8;61.9;14020;1148;0.705;0.637;0.755;0.729;13.6;10.5;61.4;14800;1261
"ZAF";"South Africa";"ZAFr104";"Free State";131239;26.9134885883944;-28.5901133455576;0.664;0.684;0.697;0.613;13.6;7.1;64.5;10070;2626;0.643;0.554;0.721;0.665;13.9;8.3;56;11830;2877;0.692;0.623;0.765;0.695;13.5;9.6;60.5;15800;2922;0.716;0.608;0.775;0.778;14.3;11.4;59.5;16930;3156
"ZAF";"South Africa";"ZAFr105";"KwaZulu Natal";92524;30.7340744803288;-28.7250100198581;0.603;0.624;0.647;0.543;11.7;6.5;60.5;7230;8836;0.598;0.523;0.669;0.611;12.6;7.8;54;8390;9758;0.682;0.648;0.711;0.689;13.6;9.4;62.1;11050;10125;0.714;0.655;0.727;0.764;14.4;10.9;62.6;12290;11128
"ZAF";"South Africa";"ZAFr106";"North West";103223;25.5152697030726;-26.270949989492;0.642;0.693;0.66;0.577;12.9;6.5;65.1;7890;3369;0.621;0.56;0.683;0.626;13.3;7.7;56.4;9180;3667;0.665;0.624;0.718;0.658;12.9;8.9;60.5;11620;3705;0.68;0.605;0.708;0.734;13.4;10.8;59.4;10820;4137
"ZAF";"South Africa";"ZAFr107";"Gauteng";17233;28.1121127324234;-26.0508517283942;0.713;0.697;0.786;0.663;12.8;9.2;65.3;18180;7741;0.689;0.572;0.791;0.724;13.4;10.5;57.1;18790;9714;0.731;0.66;0.781;0.757;13.6;11.4;62.9;17610;12790;0.739;0.65;0.755;0.823;14.1;12.9;62.3;14800;14855
"ZAF";"South Africa";"ZAFr108";"Mpumalanga";77487;30.3168581267891;-25.8829159902628;0.624;0.65;0.67;0.558;13;5.9;62.2;8430;2792;0.609;0.528;0.694;0.618;13.6;7.2;54.3;9860;3366;0.668;0.604;0.728;0.679;13.6;9;59.2;12400;4170;0.682;0.592;0.705;0.76;14.3;10.9;58.5;10640;4862
"ZAF";"South Africa";"ZAFr109";"Northern Province";126256;29.2811025710059;-23.7976105950998;0.613;0.682;0.596;0.566;13.9;5.4;64.3;5180;4904;0.607;0.567;0.631;0.625;14.5;6.6;56.9;6520;5426;0.688;0.68;0.697;0.689;14.6;8.5;64.2;10090;5676;0.718;0.68;0.698;0.779;15.6;10.4;64.2;10170;6329
"ZMB";"Zambia";"ZMBr101";"Central";111663;28.2547497878638;-14.4051912956052;0.419;0.438;0.428;0.391;8.3;4.8;48.5;1700;720;0.429;0.389;0.449;0.451;9.4;5.7;45.3;1950;807;0.538;0.609;0.508;0.504;10.9;6.1;59.6;2880;1436;0.565;0.686;0.505;0.521;10.1;7.2;64.6;2840;1783
"ZMB";"Zambia";"ZMBr102";"Copperbelt";30900;27.8763556094204;-13.1174342969362;0.482;0.425;0.56;0.471;9.6;6.1;47.6;4060;1510;0.518;0.462;0.573;0.525;9.9;7.5;50;4450;1976;0.625;0.629;0.63;0.615;12.2;8.3;60.9;6480;2335;0.635;0.679;0.602;0.625;11.9;8.9;64.2;5400;2849
"ZMB";"Zambia";"ZMBr103";"Eastern";50430;31.9018367191435;-13.5698700248991;0.331;0.376;0.389;0.248;5.4;2.9;44.5;1310;1132;0.387;0.417;0.417;0.334;7.2;4;47.1;1580;1369;0.474;0.541;0.469;0.42;9.6;4.6;55.2;2230;1924;0.512;0.644;0.475;0.438;9.4;5.3;61.9;2330;2613
"ZMB";"Zambia";"ZMBr104";"Luapula";50653;29.1996148804759;-10.7153387349857;0.359;0.369;0.388;0.323;7.1;3.8;44;1300;703;0.363;0.353;0.391;0.347;7.1;4.5;43;1330;814;0.493;0.563;0.455;0.468;10.5;5.3;56.6;2040;1143;0.495;0.545;0.462;0.481;9.8;6.3;55.4;2140;1722
"ZMB";"Zambia";"ZMBr105";"Lusaka";26033;29.0909967347692;-15.4314883490421;0.48;0.427;0.545;0.476;9.2;6.6;47.7;3690;1249;0.504;0.456;0.536;0.524;9.9;7.5;49.7;3480;1428;0.626;0.619;0.644;0.614;11.9;8.5;60.2;7100;2333;0.64;0.644;0.624;0.652;12.5;9.1;61.9;6240;3363
"ZMB";"Zambia";"ZMBr106";"Northern";164825;31.3473865723997;-10.5533165854312;0.372;0.401;0.385;0.333;7.2;4;46.1;1280;970;0.405;0.396;0.413;0.406;8.6;5;45.7;1540;1481;0.5;0.578;0.458;0.472;10.6;5.4;57.6;2080;2085;0.523;0.631;0.457;0.497;10.7;5.9;61;2070;2868
"ZMB";"Zambia";"ZMBr107";"North-Western";126891;25.0372453187619;-13.0345428346532;0.389;0.454;0.386;0.335;7.9;3.4;49.5;1280;309;0.434;0.468;0.405;0.432;10.5;4.2;50.4;1460;544;0.525;0.637;0.462;0.493;11.3;5.4;61.4;2120;731;0.589;0.742;0.488;0.564;12;6.9;68.2;2540;1080
"ZMB";"Zambia";"ZMBr108";"Southern";66921;26.7786358832402;-16.7987771749334;0.412;0.46;0.422;0.36;7.6;4.5;49.9;1640;873;0.426;0.442;0.43;0.407;8.3;5.3;48.7;1720;1173;0.556;0.637;0.51;0.528;11.1;6.6;61.4;2940;1815;0.566;0.629;0.506;0.569;11.5;7.5;60.9;2850;2425
"ZMB";"Zambia";"ZMBr109";"Western";127335;23.692104727795;-15.6523825994126;0.366;0.4;0.38;0.323;7.5;3.4;46;1240;609;0.364;0.381;0.388;0.327;7;3.9;44.8;1300;916;0.491;0.61;0.435;0.445;10.1;5;59.6;1780;943;0.52;0.66;0.431;0.495;10.8;5.9;62.9;1740;1314
"ZWE";"Zimbabwe";"ZWEr101";"Manicaland";36230;32.3855418666016;-19.0633736429444;0.427;0.537;0.352;0.412;9.4;4.5;54.9;1030;1535;0.387;0.327;0.352;0.503;10.7;6.2;41.3;1030;1746;0.498;0.505;0.435;0.562;11.1;7.6;52.8;1780;1865;0.539;0.596;0.431;0.611;11.8;8.5;58.7;1730;2371
"ZWE";"Zimbabwe";"ZWEr102";"Mashonaland Central";28593;31.1867263513622;-16.6890941859839;0.408;0.534;0.347;0.366;8.6;3.8;54.7;990;899;0.383;0.357;0.348;0.451;9.7;5.5;43.2;1000;1133;0.482;0.519;0.417;0.518;10.5;6.8;53.7;1580;1297;0.495;0.571;0.409;0.518;9.8;7.3;57.1;1500;1512
"ZWE";"Zimbabwe";"ZWEr103";"Mashonaland East";32463;31.6833094610222;-17.9799640620927;0.45;0.578;0.361;0.436;10.1;4.7;57.5;1090;1110;0.405;0.367;0.362;0.501;10.6;6.2;43.9;1100;1080;0.518;0.572;0.433;0.561;11.1;7.6;57.2;1760;1363;0.538;0.616;0.434;0.582;10.7;8.5;60.1;1770;1739
"ZWE";"Zimbabwe";"ZWEr104";"Mashonaland West";57301;29.7241024705058;-17.1971253296009;0.417;0.481;0.38;0.397;8.9;4.5;51.3;1230;1188;0.405;0.376;0.374;0.474;9.7;6.1;44.4;1190;1175;0.499;0.515;0.441;0.547;10.6;7.5;53.5;1850;1529;0.519;0.556;0.442;0.568;10.3;8.4;56.2;1870;2139
"ZWE";"Zimbabwe";"ZWEr105";"Matebeleland North";76623;27.4100820362064;-18.8304250355664;0.416;0.574;0.351;0.356;8.3;3.7;57.3;1020;710;0.401;0.413;0.343;0.454;9.6;5.6;46.9;970;764;0.495;0.628;0.397;0.486;10.3;6;60.8;1390;704;0.499;0.644;0.389;0.495;9.5;7;61.8;1320;866
"ZWE";"Zimbabwe";"ZWEr106";"Matebeleland South";54381;29.0152683654906;-21.0190148790745;0.427;0.567;0.351;0.392;8.9;4.3;56.9;1020;598;0.416;0.417;0.351;0.49;10.3;6.1;47.1;1020;655;0.508;0.622;0.419;0.504;9.9;6.9;60.4;1600;729;0.542;0.668;0.44;0.542;10;7.9;63.4;1840;884
"ZWE";"Zimbabwe";"ZWEr107";"Midlands";48738;29.481202122612;-18.9623964157928;0.465;0.569;0.385;0.458;9.8;5.6;57;1280;1371;0.416;0.374;0.375;0.513;10.3;6.8;44.3;1200;1588;0.517;0.554;0.445;0.562;11;7.7;56;1910;1708;0.547;0.595;0.453;0.607;11.5;8.6;58.7;2010;1708
"ZWE";"Zimbabwe";"ZWEr108";"Masvingo";55394;31.2427914980235;-20.7992839290558;0.435;0.556;0.352;0.421;10.1;4.2;56.1;1030;1163;0.41;0.407;0.341;0.496;10.7;5.9;46.4;960;1379;0.5;0.563;0.412;0.539;11.1;6.9;56.6;1530;1482;0.545;0.653;0.431;0.575;11;8.1;62.4;1730;1873
"ZWE";"Zimbabwe";"ZWEr109";"Harare";144;30.9770443005673;-17.7833283710112;0.577;0.622;0.548;0.565;10.5;8.2;60.4;3750;1492;0.509;0.401;0.517;0.635;11.5;9.5;46;3060;1723;0.59;0.56;0.558;0.657;11.4;10.2;56.4;4020;1940;0.622;0.622;0.55;0.703;12;11.1;60.4;3800;2431
"ZWE";"Zimbabwe";"ZWEr110";"Bulawayo";363;28.5356716162764;-20.1244427937257;0.577;0.655;0.564;0.519;10.1;7.1;62.6;4190;575;0.519;0.42;0.536;0.622;11.8;8.9;47.3;3480;742;0.615;0.593;0.608;0.647;11.9;9.5;58.5;5590;647;0.649;0.658;0.586;0.708;12.8;10.5;62.8;4860;797
